pitches,1,2,3,4,5,6,7,8,9,10,11,12
1,H,BH,BBH,BBBH,BBBSH,BBBSFH,BBBSFFH,BBBSFFFH,BBBSFFFFH,BBBSFFFFFH,BBBSFFFFFFH,BBBSFFFFFFFH
2,,SH,BSH,BBSH,BBBCH,BBBCFH,BBBCFFH,BBBCFFFH,BBBCFFFFH,BBBCFFFFFH,BBBCFFFFFFH,BBBCFFFFFFFH
3,,CH,BCH,BBCH,BBBFH,BBBFFH,BBBFFFH,BBBFFFFH,BBBFFFFFH,BBBFFFFFFH,BBBFFFFFFFH,BBSBFFFFFFFH
4,,FH,BFH,BBFH,BBSBH,BBSBFH,BBSBFFH,BBSBFFFH,BBSBFFFFH,BBSBFFFFFH,BBSBFFFFFFH,BBSFBFFFFFFH
5,,,SBH,BSBH,BBSFH,BBSFBH,BBSFBFH,BBSFBFFH,BBSFBFFFH,BBSFBFFFFH,BBSFBFFFFFH,BBSFFBFFFFFH
6,,,SFH,BSFH,BBCBH,BBSFFH,BBSFFBH,BBSFFBFH,BBSFFBFFH,BBSFFBFFFH,BBSFFBFFFFH,BBSFFFBFFFFH
7,,,CBH,BCBH,BBCFH,BBCBFH,BBSFFFH,BBSFFFBH,BBSFFFBFH,BBSFFFBFFH,BBSFFFBFFFH,BBSFFFFBFFFH
8,,,CFH,BCFH,BBFBH,BBCFBH,BBCBFFH,BBSFFFFH,BBSFFFFBH,BBSFFFFBFH,BBSFFFFBFFH,BBSFFFFFBFFH
9,,,FBH,BFBH,BBFFH,BBCFFH,BBCFBFH,BBCBFFFH,BBSFFFFFH,BBSFFFFFBH,BBSFFFFFBFH,BBSFFFFFFBFH
10,,,FFH,BFFH,BSBBH,BBFBFH,BBCFFBH,BBCFBFFH,BBCBFFFFH,BBSFFFFFFH,BBSFFFFFFBH,BBSFFFFFFFBH
11,,,,SBBH,BSBFH,BBFFBH,BBCFFFH,BBCFFBFH,BBCFBFFFH,BBCBFFFFFH,BBSFFFFFFFH,BBCBFFFFFFFH
12,,,,SBFH,BSFBH,BBFFFH,BBFBFFH,BBCFFFBH,BBCFFBFFH,BBCFBFFFFH,BBCBFFFFFFH,BBCFBFFFFFFH
13,,,,SFBH,BSFFH,BSBBFH,BBFFBFH,BBCFFFFH,BBCFFFBFH,BBCFFBFFFH,BBCFBFFFFFH,BBCFFBFFFFFH
14,,,,SFFH,BCBBH,BSBFBH,BBFFFBH,BBFBFFFH,BBCFFFFBH,BBCFFFBFFH,BBCFFBFFFFH,BBCFFFBFFFFH
15,,,,CBBH,BCBFH,BSBFFH,BBFFFFH,BBFFBFFH,BBCFFFFFH,BBCFFFFBFH,BBCFFFBFFFH,BBCFFFFBFFFH
16,,,,CBFH,BCFBH,BSFBBH,BSBBFFH,BBFFFBFH,BBFBFFFFH,BBCFFFFFBH,BBCFFFFBFFH,BBCFFFFFBFFH
17,,,,CFBH,BCFFH,BSFBFH,BSBFBFH,BBFFFFBH,BBFFBFFFH,BBCFFFFFFH,BBCFFFFFBFH,BBCFFFFFFBFH
18,,,,CFFH,BFBBH,BSFFBH,BSBFFBH,BBFFFFFH,BBFFFBFFH,BBFBFFFFFH,BBCFFFFFFBH,BBCFFFFFFFBH
19,,,,FBBH,BFBFH,BSFFFH,BSBFFFH,BSBBFFFH,BBFFFFBFH,BBFFBFFFFH,BBCFFFFFFFH,BBFBFFFFFFFH
20,,,,FBFH,BFFBH,BCBBFH,BSFBBFH,BSBFBFFH,BBFFFFFBH,BBFFFBFFFH,BBFBFFFFFFH,BBFFBFFFFFFH
21,,,,FFBH,BFFFH,BCBFBH,BSFBFBH,BSBFFBFH,BBFFFFFFH,BBFFFFBFFH,BBFFBFFFFFH,BBFFFBFFFFFH
22,,,,FFFH,SBBBH,BCBFFH,BSFBFFH,BSBFFFBH,BSBBFFFFH,BBFFFFFBFH,BBFFFBFFFFH,BBFFFFBFFFFH
23,,,,,SBBFH,BCFBBH,BSFFBBH,BSBFFFFH,BSBFBFFFH,BBFFFFFFBH,BBFFFFBFFFH,BBFFFFFBFFFH
24,,,,,SBFBH,BCFBFH,BSFFBFH,BSFBBFFH,BSBFFBFFH,BBFFFFFFFH,BBFFFFFBFFH,BBFFFFFFBFFH
25,,,,,SBFFH,BCFFBH,BSFFFBH,BSFBFBFH,BSBFFFBFH,BSBBFFFFFH,BBFFFFFFBFH,BBFFFFFFFBFH
26,,,,,SFBBH,BCFFFH,BSFFFFH,BSFBFFBH,BSBFFFFBH,BSBFBFFFFH,BBFFFFFFFBH,BSBBFFFFFFFH
27,,,,,SFBFH,BFBBFH,BCBBFFH,BSFBFFFH,BSBFFFFFH,BSBFFBFFFH,BSBBFFFFFFH,BSBFBFFFFFFH
28,,,,,SFFBH,BFBFBH,BCBFBFH,BSFFBBFH,BSFBBFFFH,BSBFFFBFFH,BSBFBFFFFFH,BSBFFBFFFFFH
29,,,,,SFFFH,BFBFFH,BCBFFBH,BSFFBFBH,BSFBFBFFH,BSBFFFFBFH,BSBFFBFFFFH,BSBFFFBFFFFH
30,,,,,CBBBH,BFFBBH,BCBFFFH,BSFFBFFH,BSFBFFBFH,BSBFFFFFBH,BSBFFFBFFFH,BSBFFFFBFFFH
31,,,,,CBBFH,BFFBFH,BCFBBFH,BSFFFBBH,BSFBFFFBH,BSBFFFFFFH,BSBFFFFBFFH,BSBFFFFFBFFH
32,,,,,CBFBH,BFFFBH,BCFBFBH,BSFFFBFH,BSFBFFFFH,BSFBBFFFFH,BSBFFFFFBFH,BSBFFFFFFBFH
33,,,,,CBFFH,BFFFFH,BCFBFFH,BSFFFFBH,BSFFBBFFH,BSFBFBFFFH,BSBFFFFFFBH,BSBFFFFFFFBH
34,,,,,CFBBH,SBBBFH,BCFFBBH,BSFFFFFH,BSFFBFBFH,BSFBFFBFFH,BSBFFFFFFFH,BSFBBFFFFFFH
35,,,,,CFBFH,SBBFBH,BCFFBFH,BCBBFFFH,BSFFBFFBH,BSFBFFFBFH,BSFBBFFFFFH,BSFBFBFFFFFH
36,,,,,CFFBH,SBBFFH,BCFFFBH,BCBFBFFH,BSFFBFFFH,BSFBFFFFBH,BSFBFBFFFFH,BSFBFFBFFFFH
37,,,,,CFFFH,SBFBBH,BCFFFFH,BCBFFBFH,BSFFFBBFH,BSFBFFFFFH,BSFBFFBFFFH,BSFBFFFBFFFH
38,,,,,FBBBH,SBFBFH,BFBBFFH,BCBFFFBH,BSFFFBFBH,BSFFBBFFFH,BSFBFFFBFFH,BSFBFFFFBFFH
39,,,,,FBBFH,SBFFBH,BFBFBFH,BCBFFFFH,BSFFFBFFH,BSFFBFBFFH,BSFBFFFFBFH,BSFBFFFFFBFH
40,,,,,FBFBH,SBFFFH,BFBFFBH,BCFBBFFH,BSFFFFBBH,BSFFBFFBFH,BSFBFFFFFBH,BSFBFFFFFFBH
41,,,,,FBFFH,SFBBBH,BFBFFFH,BCFBFBFH,BSFFFFBFH,BSFFBFFFBH,BSFBFFFFFFH,BSFBFFFFFFFH
42,,,,,FFBBH,SFBBFH,BFFBBFH,BCFBFFBH,BSFFFFFBH,BSFFBFFFFH,BSFFBBFFFFH,BSFFBBFFFFFH
43,,,,,FFBFH,SFBFBH,BFFBFBH,BCFBFFFH,BSFFFFFFH,BSFFFBBFFH,BSFFBFBFFFH,BSFFBFBFFFFH
44,,,,,FFFBH,SFBFFH,BFFBFFH,BCFFBBFH,BCBBFFFFH,BSFFFBFBFH,BSFFBFFBFFH,BSFFBFFBFFFH
45,,,,,FFFFH,SFFBBH,BFFFBBH,BCFFBFBH,BCBFBFFFH,BSFFFBFFBH,BSFFBFFFBFH,BSFFBFFFBFFH
46,,,,,,SFFBFH,BFFFBFH,BCFFBFFH,BCBFFBFFH,BSFFFBFFFH,BSFFBFFFFBH,BSFFBFFFFBFH
47,,,,,,SFFFBH,BFFFFBH,BCFFFBBH,BCBFFFBFH,BSFFFFBBFH,BSFFBFFFFFH,BSFFBFFFFFBH
48,,,,,,SFFFFH,BFFFFFH,BCFFFBFH,BCBFFFFBH,BSFFFFBFBH,BSFFFBBFFFH,BSFFBFFFFFFH
49,,,,,,CBBBFH,SBBBFFH,BCFFFFBH,BCBFFFFFH,BSFFFFBFFH,BSFFFBFBFFH,BSFFFBBFFFFH
50,,,,,,CBBFBH,SBBFBFH,BCFFFFFH,BCFBBFFFH,BSFFFFFBBH,BSFFFBFFBFH,BSFFFBFBFFFH
51,,,,,,CBBFFH,SBBFFBH,BFBBFFFH,BCFBFBFFH,BSFFFFFBFH,BSFFFBFFFBH,BSFFFBFFBFFH
52,,,,,,CBFBBH,SBBFFFH,BFBFBFFH,BCFBFFBFH,BSFFFFFFBH,BSFFFBFFFFH,BSFFFBFFFBFH
53,,,,,,CBFBFH,SBFBBFH,BFBFFBFH,BCFBFFFBH,BSFFFFFFFH,BSFFFFBBFFH,BSFFFBFFFFBH
54,,,,,,CBFFBH,SBFBFBH,BFBFFFBH,BCFBFFFFH,BCBBFFFFFH,BSFFFFBFBFH,BSFFFBFFFFFH
55,,,,,,CBFFFH,SBFBFFH,BFBFFFFH,BCFFBBFFH,BCBFBFFFFH,BSFFFFBFFBH,BSFFFFBBFFFH
56,,,,,,CFBBBH,SBFFBBH,BFFBBFFH,BCFFBFBFH,BCBFFBFFFH,BSFFFFBFFFH,BSFFFFBFBFFH
57,,,,,,CFBBFH,SBFFBFH,BFFBFBFH,BCFFBFFBH,BCBFFFBFFH,BSFFFFFBBFH,BSFFFFBFFBFH
58,,,,,,CFBFBH,SBFFFBH,BFFBFFBH,BCFFBFFFH,BCBFFFFBFH,BSFFFFFBFBH,BSFFFFBFFFBH
59,,,,,,CFBFFH,SBFFFFH,BFFBFFFH,BCFFFBBFH,BCBFFFFFBH,BSFFFFFBFFH,BSFFFFBFFFFH
60,,,,,,CFFBBH,SFBBBFH,BFFFBBFH,BCFFFBFBH,BCBFFFFFFH,BSFFFFFFBBH,BSFFFFFBBFFH
61,,,,,,CFFBFH,SFBBFBH,BFFFBFBH,BCFFFBFFH,BCFBBFFFFH,BSFFFFFFBFH,BSFFFFFBFBFH
62,,,,,,CFFFBH,SFBBFFH,BFFFBFFH,BCFFFFBBH,BCFBFBFFFH,BSFFFFFFFBH,BSFFFFFBFFBH
63,,,,,,CFFFFH,SFBFBBH,BFFFFBBH,BCFFFFBFH,BCFBFFBFFH,BCBBFFFFFFH,BSFFFFFBFFFH
64,,,,,,FBBBFH,SFBFBFH,BFFFFBFH,BCFFFFFBH,BCFBFFFBFH,BCBFBFFFFFH,BSFFFFFFBBFH
65,,,,,,FBBFBH,SFBFFBH,BFFFFFBH,BCFFFFFFH,BCFBFFFFBH,BCBFFBFFFFH,BSFFFFFFBFBH
66,,,,,,FBBFFH,SFBFFFH,BFFFFFFH,BFBBFFFFH,BCFBFFFFFH,BCBFFFBFFFH,BSFFFFFFBFFH
67,,,,,,FBFBBH,SFFBBBH,SBBBFFFH,BFBFBFFFH,BCFFBBFFFH,BCBFFFFBFFH,BSFFFFFFFBBH
68,,,,,,FBFBFH,SFFBBFH,SBBFBFFH,BFBFFBFFH,BCFFBFBFFH,BCBFFFFFBFH,BSFFFFFFFBFH
69,,,,,,FBFFBH,SFFBFBH,SBBFFBFH,BFBFFFBFH,BCFFBFFBFH,BCBFFFFFFBH,BCBBFFFFFFFH
70,,,,,,FBFFFH,SFFBFFH,SBBFFFBH,BFBFFFFBH,BCFFBFFFBH,BCBFFFFFFFH,BCBFBFFFFFFH
71,,,,,,FFBBBH,SFFFBBH,SBBFFFFH,BFBFFFFFH,BCFFBFFFFH,BCFBBFFFFFH,BCBFFBFFFFFH
72,,,,,,FFBBFH,SFFFBFH,SBFBBFFH,BFFBBFFFH,BCFFFBBFFH,BCFBFBFFFFH,BCBFFFBFFFFH
73,,,,,,FFBFBH,SFFFFBH,SBFBFBFH,BFFBFBFFH,BCFFFBFBFH,BCFBFFBFFFH,BCBFFFFBFFFH
74,,,,,,FFBFFH,SFFFFFH,SBFBFFBH,BFFBFFBFH,BCFFFBFFBH,BCFBFFFBFFH,BCBFFFFFBFFH
75,,,,,,FFFBBH,CBBBFFH,SBFBFFFH,BFFBFFFBH,BCFFFBFFFH,BCFBFFFFBFH,BCBFFFFFFBFH
76,,,,,,FFFBFH,CBBFBFH,SBFFBBFH,BFFBFFFFH,BCFFFFBBFH,BCFBFFFFFBH,BCBFFFFFFFBH
77,,,,,,FFFFBH,CBBFFBH,SBFFBFBH,BFFFBBFFH,BCFFFFBFBH,BCFBFFFFFFH,BCFBBFFFFFFH
78,,,,,,FFFFFH,CBBFFFH,SBFFBFFH,BFFFBFBFH,BCFFFFBFFH,BCFFBBFFFFH,BCFBFBFFFFFH
79,,,,,,,CBFBBFH,SBFFFBBH,BFFFBFFBH,BCFFFFFBBH,BCFFBFBFFFH,BCFBFFBFFFFH
80,,,,,,,CBFBFBH,SBFFFBFH,BFFFBFFFH,BCFFFFFBFH,BCFFBFFBFFH,BCFBFFFBFFFH
81,,,,,,,CBFBFFH,SBFFFFBH,BFFFFBBFH,BCFFFFFFBH,BCFFBFFFBFH,BCFBFFFFBFFH
82,,,,,,,CBFFBBH,SBFFFFFH,BFFFFBFBH,BCFFFFFFFH,BCFFBFFFFBH,BCFBFFFFFBFH
83,,,,,,,CBFFBFH,SFBBBFFH,BFFFFBFFH,BFBBFFFFFH,BCFFBFFFFFH,BCFBFFFFFFBH
84,,,,,,,CBFFFBH,SFBBFBFH,BFFFFFBBH,BFBFBFFFFH,BCFFFBBFFFH,BCFBFFFFFFFH
85,,,,,,,CBFFFFH,SFBBFFBH,BFFFFFBFH,BFBFFBFFFH,BCFFFBFBFFH,BCFFBBFFFFFH
86,,,,,,,CFBBBFH,SFBBFFFH,BFFFFFFBH,BFBFFFBFFH,BCFFFBFFBFH,BCFFBFBFFFFH
87,,,,,,,CFBBFBH,SFBFBBFH,BFFFFFFFH,BFBFFFFBFH,BCFFFBFFFBH,BCFFBFFBFFFH
88,,,,,,,CFBBFFH,SFBFBFBH,SBBBFFFFH,BFBFFFFFBH,BCFFFBFFFFH,BCFFBFFFBFFH
89,,,,,,,CFBFBBH,SFBFBFFH,SBBFBFFFH,BFBFFFFFFH,BCFFFFBBFFH,BCFFBFFFFBFH
90,,,,,,,CFBFBFH,SFBFFBBH,SBBFFBFFH,BFFBBFFFFH,BCFFFFBFBFH,BCFFBFFFFFBH
91,,,,,,,CFBFFBH,SFBFFBFH,SBBFFFBFH,BFFBFBFFFH,BCFFFFBFFBH,BCFFBFFFFFFH
92,,,,,,,CFBFFFH,SFBFFFBH,SBBFFFFBH,BFFBFFBFFH,BCFFFFBFFFH,BCFFFBBFFFFH
93,,,,,,,CFFBBBH,SFBFFFFH,SBBFFFFFH,BFFBFFFBFH,BCFFFFFBBFH,BCFFFBFBFFFH
94,,,,,,,CFFBBFH,SFFBBBFH,SBFBBFFFH,BFFBFFFFBH,BCFFFFFBFBH,BCFFFBFFBFFH
95,,,,,,,CFFBFBH,SFFBBFBH,SBFBFBFFH,BFFBFFFFFH,BCFFFFFBFFH,BCFFFBFFFBFH
96,,,,,,,CFFBFFH,SFFBBFFH,SBFBFFBFH,BFFFBBFFFH,BCFFFFFFBBH,BCFFFBFFFFBH
97,,,,,,,CFFFBBH,SFFBFBBH,SBFBFFFBH,BFFFBFBFFH,BCFFFFFFBFH,BCFFFBFFFFFH
98,,,,,,,CFFFBFH,SFFBFBFH,SBFBFFFFH,BFFFBFFBFH,BCFFFFFFFBH,BCFFFFBBFFFH
99,,,,,,,CFFFFBH,SFFBFFBH,SBFFBBFFH,BFFFBFFFBH,BFBBFFFFFFH,BCFFFFBFBFFH
100,,,,,,,CFFFFFH,SFFBFFFH,SBFFBFBFH,BFFFBFFFFH,BFBFBFFFFFH,BCFFFFBFFBFH
101,,,,,,,FBBBFFH,SFFFBBBH,SBFFBFFBH,BFFFFBBFFH,BFBFFBFFFFH,BCFFFFBFFFBH
102,,,,,,,FBBFBFH,SFFFBBFH,SBFFBFFFH,BFFFFBFBFH,BFBFFFBFFFH,BCFFFFBFFFFH
103,,,,,,,FBBFFBH,SFFFBFBH,SBFFFBBFH,BFFFFBFFBH,BFBFFFFBFFH,BCFFFFFBBFFH
104,,,,,,,FBBFFFH,SFFFBFFH,SBFFFBFBH,BFFFFBFFFH,BFBFFFFFBFH,BCFFFFFBFBFH
105,,,,,,,FBFBBFH,SFFFFBBH,SBFFFBFFH,BFFFFFBBFH,BFBFFFFFFBH,BCFFFFFBFFBH
106,,,,,,,FBFBFBH,SFFFFBFH,SBFFFFBBH,BFFFFFBFBH,BFBFFFFFFFH,BCFFFFFBFFFH
107,,,,,,,FBFBFFH,SFFFFFBH,SBFFFFBFH,BFFFFFBFFH,BFFBBFFFFFH,BCFFFFFFBBFH
108,,,,,,,FBFFBBH,SFFFFFFH,SBFFFFFBH,BFFFFFFBBH,BFFBFBFFFFH,BCFFFFFFBFBH
109,,,,,,,FBFFBFH,CBBBFFFH,SBFFFFFFH,BFFFFFFBFH,BFFBFFBFFFH,BCFFFFFFBFFH
110,,,,,,,FBFFFBH,CBBFBFFH,SFBBBFFFH,BFFFFFFFBH,BFFBFFFBFFH,BCFFFFFFFBBH
111,,,,,,,FBFFFFH,CBBFFBFH,SFBBFBFFH,SBBBFFFFFH,BFFBFFFFBFH,BCFFFFFFFBFH
112,,,,,,,FFBBBFH,CBBFFFBH,SFBBFFBFH,SBBFBFFFFH,BFFBFFFFFBH,BFBBFFFFFFFH
113,,,,,,,FFBBFBH,CBBFFFFH,SFBBFFFBH,SBBFFBFFFH,BFFBFFFFFFH,BFBFBFFFFFFH
114,,,,,,,FFBBFFH,CBFBBFFH,SFBBFFFFH,SBBFFFBFFH,BFFFBBFFFFH,BFBFFBFFFFFH
115,,,,,,,FFBFBBH,CBFBFBFH,SFBFBBFFH,SBBFFFFBFH,BFFFBFBFFFH,BFBFFFBFFFFH
116,,,,,,,FFBFBFH,CBFBFFBH,SFBFBFBFH,SBBFFFFFBH,BFFFBFFBFFH,BFBFFFFBFFFH
117,,,,,,,FFBFFBH,CBFBFFFH,SFBFBFFBH,SBBFFFFFFH,BFFFBFFFBFH,BFBFFFFFBFFH
118,,,,,,,FFBFFFH,CBFFBBFH,SFBFBFFFH,SBFBBFFFFH,BFFFBFFFFBH,BFBFFFFFFBFH
119,,,,,,,FFFBBBH,CBFFBFBH,SFBFFBBFH,SBFBFBFFFH,BFFFBFFFFFH,BFBFFFFFFFBH
120,,,,,,,FFFBBFH,CBFFBFFH,SFBFFBFBH,SBFBFFBFFH,BFFFFBBFFFH,BFFBBFFFFFFH
121,,,,,,,FFFBFBH,CBFFFBBH,SFBFFBFFH,SBFBFFFBFH,BFFFFBFBFFH,BFFBFBFFFFFH
122,,,,,,,FFFBFFH,CBFFFBFH,SFBFFFBBH,SBFBFFFFBH,BFFFFBFFBFH,BFFBFFBFFFFH
123,,,,,,,FFFFBBH,CBFFFFBH,SFBFFFBFH,SBFBFFFFFH,BFFFFBFFFBH,BFFBFFFBFFFH
124,,,,,,,FFFFBFH,CBFFFFFH,SFBFFFFBH,SBFFBBFFFH,BFFFFBFFFFH,BFFBFFFFBFFH
125,,,,,,,FFFFFBH,CFBBBFFH,SFBFFFFFH,SBFFBFBFFH,BFFFFFBBFFH,BFFBFFFFFBFH
126,,,,,,,FFFFFFH,CFBBFBFH,SFFBBBFFH,SBFFBFFBFH,BFFFFFBFBFH,BFFBFFFFFFBH
127,,,,,,,,CFBBFFBH,SFFBBFBFH,SBFFBFFFBH,BFFFFFBFFBH,BFFBFFFFFFFH
128,,,,,,,,CFBBFFFH,SFFBBFFBH,SBFFBFFFFH,BFFFFFBFFFH,BFFFBBFFFFFH
129,,,,,,,,CFBFBBFH,SFFBBFFFH,SBFFFBBFFH,BFFFFFFBBFH,BFFFBFBFFFFH
130,,,,,,,,CFBFBFBH,SFFBFBBFH,SBFFFBFBFH,BFFFFFFBFBH,BFFFBFFBFFFH
131,,,,,,,,CFBFBFFH,SFFBFBFBH,SBFFFBFFBH,BFFFFFFBFFH,BFFFBFFFBFFH
132,,,,,,,,CFBFFBBH,SFFBFBFFH,SBFFFBFFFH,BFFFFFFFBBH,BFFFBFFFFBFH
133,,,,,,,,CFBFFBFH,SFFBFFBBH,SBFFFFBBFH,BFFFFFFFBFH,BFFFBFFFFFBH
134,,,,,,,,CFBFFFBH,SFFBFFBFH,SBFFFFBFBH,SBBBFFFFFFH,BFFFBFFFFFFH
135,,,,,,,,CFBFFFFH,SFFBFFFBH,SBFFFFBFFH,SBBFBFFFFFH,BFFFFBBFFFFH
136,,,,,,,,CFFBBBFH,SFFBFFFFH,SBFFFFFBBH,SBBFFBFFFFH,BFFFFBFBFFFH
137,,,,,,,,CFFBBFBH,SFFFBBBFH,SBFFFFFBFH,SBBFFFBFFFH,BFFFFBFFBFFH
138,,,,,,,,CFFBBFFH,SFFFBBFBH,SBFFFFFFBH,SBBFFFFBFFH,BFFFFBFFFBFH
139,,,,,,,,CFFBFBBH,SFFFBBFFH,SBFFFFFFFH,SBBFFFFFBFH,BFFFFBFFFFBH
140,,,,,,,,CFFBFBFH,SFFFBFBBH,SFBBBFFFFH,SBBFFFFFFBH,BFFFFBFFFFFH
141,,,,,,,,CFFBFFBH,SFFFBFBFH,SFBBFBFFFH,SBBFFFFFFFH,BFFFFFBBFFFH
142,,,,,,,,CFFBFFFH,SFFFBFFBH,SFBBFFBFFH,SBFBBFFFFFH,BFFFFFBFBFFH
143,,,,,,,,CFFFBBBH,SFFFBFFFH,SFBBFFFBFH,SBFBFBFFFFH,BFFFFFBFFBFH
144,,,,,,,,CFFFBBFH,SFFFFBBBH,SFBBFFFFBH,SBFBFFBFFFH,BFFFFFBFFFBH
145,,,,,,,,CFFFBFBH,SFFFFBBFH,SFBBFFFFFH,SBFBFFFBFFH,BFFFFFBFFFFH
146,,,,,,,,CFFFBFFH,SFFFFBFBH,SFBFBBFFFH,SBFBFFFFBFH,BFFFFFFBBFFH
147,,,,,,,,CFFFFBBH,SFFFFBFFH,SFBFBFBFFH,SBFBFFFFFBH,BFFFFFFBFBFH
148,,,,,,,,CFFFFBFH,SFFFFFBBH,SFBFBFFBFH,SBFBFFFFFFH,BFFFFFFBFFBH
149,,,,,,,,CFFFFFBH,SFFFFFBFH,SFBFBFFFBH,SBFFBBFFFFH,BFFFFFFBFFFH
150,,,,,,,,CFFFFFFH,SFFFFFFBH,SFBFBFFFFH,SBFFBFBFFFH,BFFFFFFFBBFH
151,,,,,,,,FBBBFFFH,SFFFFFFFH,SFBFFBBFFH,SBFFBFFBFFH,BFFFFFFFBFBH
152,,,,,,,,FBBFBFFH,CBBBFFFFH,SFBFFBFBFH,SBFFBFFFBFH,BFFFFFFFBFFH
153,,,,,,,,FBBFFBFH,CBBFBFFFH,SFBFFBFFBH,SBFFBFFFFBH,SBBBFFFFFFFH
154,,,,,,,,FBBFFFBH,CBBFFBFFH,SFBFFBFFFH,SBFFBFFFFFH,SBBFBFFFFFFH
155,,,,,,,,FBBFFFFH,CBBFFFBFH,SFBFFFBBFH,SBFFFBBFFFH,SBBFFBFFFFFH
156,,,,,,,,FBFBBFFH,CBBFFFFBH,SFBFFFBFBH,SBFFFBFBFFH,SBBFFFBFFFFH
157,,,,,,,,FBFBFBFH,CBBFFFFFH,SFBFFFBFFH,SBFFFBFFBFH,SBBFFFFBFFFH
158,,,,,,,,FBFBFFBH,CBFBBFFFH,SFBFFFFBBH,SBFFFBFFFBH,SBBFFFFFBFFH
159,,,,,,,,FBFBFFFH,CBFBFBFFH,SFBFFFFBFH,SBFFFBFFFFH,SBBFFFFFFBFH
160,,,,,,,,FBFFBBFH,CBFBFFBFH,SFBFFFFFBH,SBFFFFBBFFH,SBBFFFFFFFBH
161,,,,,,,,FBFFBFBH,CBFBFFFBH,SFBFFFFFFH,SBFFFFBFBFH,SBFBBFFFFFFH
162,,,,,,,,FBFFBFFH,CBFBFFFFH,SFFBBBFFFH,SBFFFFBFFBH,SBFBFBFFFFFH
163,,,,,,,,FBFFFBBH,CBFFBBFFH,SFFBBFBFFH,SBFFFFBFFFH,SBFBFFBFFFFH
164,,,,,,,,FBFFFBFH,CBFFBFBFH,SFFBBFFBFH,SBFFFFFBBFH,SBFBFFFBFFFH
165,,,,,,,,FBFFFFBH,CBFFBFFBH,SFFBBFFFBH,SBFFFFFBFBH,SBFBFFFFBFFH
166,,,,,,,,FBFFFFFH,CBFFBFFFH,SFFBBFFFFH,SBFFFFFBFFH,SBFBFFFFFBFH
167,,,,,,,,FFBBBFFH,CBFFFBBFH,SFFBFBBFFH,SBFFFFFFBBH,SBFBFFFFFFBH
168,,,,,,,,FFBBFBFH,CBFFFBFBH,SFFBFBFBFH,SBFFFFFFBFH,SBFBFFFFFFFH
169,,,,,,,,FFBBFFBH,CBFFFBFFH,SFFBFBFFBH,SBFFFFFFFBH,SBFFBBFFFFFH
170,,,,,,,,FFBBFFFH,CBFFFFBBH,SFFBFBFFFH,SFBBBFFFFFH,SBFFBFBFFFFH
171,,,,,,,,FFBFBBFH,CBFFFFBFH,SFFBFFBBFH,SFBBFBFFFFH,SBFFBFFBFFFH
172,,,,,,,,FFBFBFBH,CBFFFFFBH,SFFBFFBFBH,SFBBFFBFFFH,SBFFBFFFBFFH
173,,,,,,,,FFBFBFFH,CBFFFFFFH,SFFBFFBFFH,SFBBFFFBFFH,SBFFBFFFFBFH
174,,,,,,,,FFBFFBBH,CFBBBFFFH,SFFBFFFBBH,SFBBFFFFBFH,SBFFBFFFFFBH
175,,,,,,,,FFBFFBFH,CFBBFBFFH,SFFBFFFBFH,SFBBFFFFFBH,SBFFBFFFFFFH
176,,,,,,,,FFBFFFBH,CFBBFFBFH,SFFBFFFFBH,SFBBFFFFFFH,SBFFFBBFFFFH
177,,,,,,,,FFBFFFFH,CFBBFFFBH,SFFBFFFFFH,SFBFBBFFFFH,SBFFFBFBFFFH
178,,,,,,,,FFFBBBFH,CFBBFFFFH,SFFFBBBFFH,SFBFBFBFFFH,SBFFFBFFBFFH
179,,,,,,,,FFFBBFBH,CFBFBBFFH,SFFFBBFBFH,SFBFBFFBFFH,SBFFFBFFFBFH
180,,,,,,,,FFFBBFFH,CFBFBFBFH,SFFFBBFFBH,SFBFBFFFBFH,SBFFFBFFFFBH
181,,,,,,,,FFFBFBBH,CFBFBFFBH,SFFFBBFFFH,SFBFBFFFFBH,SBFFFBFFFFFH
182,,,,,,,,FFFBFBFH,CFBFBFFFH,SFFFBFBBFH,SFBFBFFFFFH,SBFFFFBBFFFH
183,,,,,,,,FFFBFFBH,CFBFFBBFH,SFFFBFBFBH,SFBFFBBFFFH,SBFFFFBFBFFH
184,,,,,,,,FFFBFFFH,CFBFFBFBH,SFFFBFBFFH,SFBFFBFBFFH,SBFFFFBFFBFH
185,,,,,,,,FFFFBBBH,CFBFFBFFH,SFFFBFFBBH,SFBFFBFFBFH,SBFFFFBFFFBH
186,,,,,,,,FFFFBBFH,CFBFFFBBH,SFFFBFFBFH,SFBFFBFFFBH,SBFFFFBFFFFH
187,,,,,,,,FFFFBFBH,CFBFFFBFH,SFFFBFFFBH,SFBFFBFFFFH,SBFFFFFBBFFH
188,,,,,,,,FFFFBFFH,CFBFFFFBH,SFFFBFFFFH,SFBFFFBBFFH,SBFFFFFBFBFH
189,,,,,,,,FFFFFBBH,CFBFFFFFH,SFFFFBBBFH,SFBFFFBFBFH,SBFFFFFBFFBH
190,,,,,,,,FFFFFBFH,CFFBBBFFH,SFFFFBBFBH,SFBFFFBFFBH,SBFFFFFBFFFH
191,,,,,,,,FFFFFFBH,CFFBBFBFH,SFFFFBBFFH,SFBFFFBFFFH,SBFFFFFFBBFH
192,,,,,,,,FFFFFFFH,CFFBBFFBH,SFFFFBFBBH,SFBFFFFBBFH,SBFFFFFFBFBH
193,,,,,,,,,CFFBBFFFH,SFFFFBFBFH,SFBFFFFBFBH,SBFFFFFFBFFH
194,,,,,,,,,CFFBFBBFH,SFFFFBFFBH,SFBFFFFBFFH,SBFFFFFFFBBH
195,,,,,,,,,CFFBFBFBH,SFFFFBFFFH,SFBFFFFFBBH,SBFFFFFFFBFH
196,,,,,,,,,CFFBFBFFH,SFFFFFBBBH,SFBFFFFFBFH,SFBBBFFFFFFH
197,,,,,,,,,CFFBFFBBH,SFFFFFBBFH,SFBFFFFFFBH,SFBBFBFFFFFH
198,,,,,,,,,CFFBFFBFH,SFFFFFBFBH,SFBFFFFFFFH,SFBBFFBFFFFH
199,,,,,,,,,CFFBFFFBH,SFFFFFBFFH,SFFBBBFFFFH,SFBBFFFBFFFH
200,,,,,,,,,CFFBFFFFH,SFFFFFFBBH,SFFBBFBFFFH,SFBBFFFFBFFH
201,,,,,,,,,CFFFBBBFH,SFFFFFFBFH,SFFBBFFBFFH,SFBBFFFFFBFH
202,,,,,,,,,CFFFBBFBH,SFFFFFFFBH,SFFBBFFFBFH,SFBBFFFFFFBH
203,,,,,,,,,CFFFBBFFH,CBBBFFFFFH,SFFBBFFFFBH,SFBBFFFFFFFH
204,,,,,,,,,CFFFBFBBH,CBBFBFFFFH,SFFBBFFFFFH,SFBFBBFFFFFH
205,,,,,,,,,CFFFBFBFH,CBBFFBFFFH,SFFBFBBFFFH,SFBFBFBFFFFH
206,,,,,,,,,CFFFBFFBH,CBBFFFBFFH,SFFBFBFBFFH,SFBFBFFBFFFH
207,,,,,,,,,CFFFBFFFH,CBBFFFFBFH,SFFBFBFFBFH,SFBFBFFFBFFH
208,,,,,,,,,CFFFFBBBH,CBBFFFFFBH,SFFBFBFFFBH,SFBFBFFFFBFH
209,,,,,,,,,CFFFFBBFH,CBBFFFFFFH,SFFBFBFFFFH,SFBFBFFFFFBH
210,,,,,,,,,CFFFFBFBH,CBFBBFFFFH,SFFBFFBBFFH,SFBFBFFFFFFH
211,,,,,,,,,CFFFFBFFH,CBFBFBFFFH,SFFBFFBFBFH,SFBFFBBFFFFH
212,,,,,,,,,CFFFFFBBH,CBFBFFBFFH,SFFBFFBFFBH,SFBFFBFBFFFH
213,,,,,,,,,CFFFFFBFH,CBFBFFFBFH,SFFBFFBFFFH,SFBFFBFFBFFH
214,,,,,,,,,CFFFFFFBH,CBFBFFFFBH,SFFBFFFBBFH,SFBFFBFFFBFH
215,,,,,,,,,CFFFFFFFH,CBFBFFFFFH,SFFBFFFBFBH,SFBFFBFFFFBH
216,,,,,,,,,FBBBFFFFH,CBFFBBFFFH,SFFBFFFBFFH,SFBFFBFFFFFH
217,,,,,,,,,FBBFBFFFH,CBFFBFBFFH,SFFBFFFFBBH,SFBFFFBBFFFH
218,,,,,,,,,FBBFFBFFH,CBFFBFFBFH,SFFBFFFFBFH,SFBFFFBFBFFH
219,,,,,,,,,FBBFFFBFH,CBFFBFFFBH,SFFBFFFFFBH,SFBFFFBFFBFH
220,,,,,,,,,FBBFFFFBH,CBFFBFFFFH,SFFBFFFFFFH,SFBFFFBFFFBH
221,,,,,,,,,FBBFFFFFH,CBFFFBBFFH,SFFFBBBFFFH,SFBFFFBFFFFH
222,,,,,,,,,FBFBBFFFH,CBFFFBFBFH,SFFFBBFBFFH,SFBFFFFBBFFH
223,,,,,,,,,FBFBFBFFH,CBFFFBFFBH,SFFFBBFFBFH,SFBFFFFBFBFH
224,,,,,,,,,FBFBFFBFH,CBFFFBFFFH,SFFFBBFFFBH,SFBFFFFBFFBH
225,,,,,,,,,FBFBFFFBH,CBFFFFBBFH,SFFFBBFFFFH,SFBFFFFBFFFH
226,,,,,,,,,FBFBFFFFH,CBFFFFBFBH,SFFFBFBBFFH,SFBFFFFFBBFH
227,,,,,,,,,FBFFBBFFH,CBFFFFBFFH,SFFFBFBFBFH,SFBFFFFFBFBH
228,,,,,,,,,FBFFBFBFH,CBFFFFFBBH,SFFFBFBFFBH,SFBFFFFFBFFH
229,,,,,,,,,FBFFBFFBH,CBFFFFFBFH,SFFFBFBFFFH,SFBFFFFFFBBH
230,,,,,,,,,FBFFBFFFH,CBFFFFFFBH,SFFFBFFBBFH,SFBFFFFFFBFH
231,,,,,,,,,FBFFFBBFH,CBFFFFFFFH,SFFFBFFBFBH,SFBFFFFFFFBH
232,,,,,,,,,FBFFFBFBH,CFBBBFFFFH,SFFFBFFBFFH,SFFBBBFFFFFH
233,,,,,,,,,FBFFFBFFH,CFBBFBFFFH,SFFFBFFFBBH,SFFBBFBFFFFH
234,,,,,,,,,FBFFFFBBH,CFBBFFBFFH,SFFFBFFFBFH,SFFBBFFBFFFH
235,,,,,,,,,FBFFFFBFH,CFBBFFFBFH,SFFFBFFFFBH,SFFBBFFFBFFH
236,,,,,,,,,FBFFFFFBH,CFBBFFFFBH,SFFFBFFFFFH,SFFBBFFFFBFH
237,,,,,,,,,FBFFFFFFH,CFBBFFFFFH,SFFFFBBBFFH,SFFBBFFFFFBH
238,,,,,,,,,FFBBBFFFH,CFBFBBFFFH,SFFFFBBFBFH,SFFBBFFFFFFH
239,,,,,,,,,FFBBFBFFH,CFBFBFBFFH,SFFFFBBFFBH,SFFBFBBFFFFH
240,,,,,,,,,FFBBFFBFH,CFBFBFFBFH,SFFFFBBFFFH,SFFBFBFBFFFH
241,,,,,,,,,FFBBFFFBH,CFBFBFFFBH,SFFFFBFBBFH,SFFBFBFFBFFH
242,,,,,,,,,FFBBFFFFH,CFBFBFFFFH,SFFFFBFBFBH,SFFBFBFFFBFH
243,,,,,,,,,FFBFBBFFH,CFBFFBBFFH,SFFFFBFBFFH,SFFBFBFFFFBH
244,,,,,,,,,FFBFBFBFH,CFBFFBFBFH,SFFFFBFFBBH,SFFBFBFFFFFH
245,,,,,,,,,FFBFBFFBH,CFBFFBFFBH,SFFFFBFFBFH,SFFBFFBBFFFH
246,,,,,,,,,FFBFBFFFH,CFBFFBFFFH,SFFFFBFFFBH,SFFBFFBFBFFH
247,,,,,,,,,FFBFFBBFH,CFBFFFBBFH,SFFFFBFFFFH,SFFBFFBFFBFH
248,,,,,,,,,FFBFFBFBH,CFBFFFBFBH,SFFFFFBBBFH,SFFBFFBFFFBH
249,,,,,,,,,FFBFFBFFH,CFBFFFBFFH,SFFFFFBBFBH,SFFBFFBFFFFH
250,,,,,,,,,FFBFFFBBH,CFBFFFFBBH,SFFFFFBBFFH,SFFBFFFBBFFH
251,,,,,,,,,FFBFFFBFH,CFBFFFFBFH,SFFFFFBFBBH,SFFBFFFBFBFH
252,,,,,,,,,FFBFFFFBH,CFBFFFFFBH,SFFFFFBFBFH,SFFBFFFBFFBH
253,,,,,,,,,FFBFFFFFH,CFBFFFFFFH,SFFFFFBFFBH,SFFBFFFBFFFH
254,,,,,,,,,FFFBBBFFH,CFFBBBFFFH,SFFFFFBFFFH,SFFBFFFFBBFH
255,,,,,,,,,FFFBBFBFH,CFFBBFBFFH,SFFFFFFBBBH,SFFBFFFFBFBH
256,,,,,,,,,FFFBBFFBH,CFFBBFFBFH,SFFFFFFBBFH,SFFBFFFFBFFH
257,,,,,,,,,FFFBBFFFH,CFFBBFFFBH,SFFFFFFBFBH,SFFBFFFFFBBH
258,,,,,,,,,FFFBFBBFH,CFFBBFFFFH,SFFFFFFBFFH,SFFBFFFFFBFH
259,,,,,,,,,FFFBFBFBH,CFFBFBBFFH,SFFFFFFFBBH,SFFBFFFFFFBH
260,,,,,,,,,FFFBFBFFH,CFFBFBFBFH,SFFFFFFFBFH,SFFBFFFFFFFH
261,,,,,,,,,FFFBFFBBH,CFFBFBFFBH,CBBBFFFFFFH,SFFFBBBFFFFH
262,,,,,,,,,FFFBFFBFH,CFFBFBFFFH,CBBFBFFFFFH,SFFFBBFBFFFH
263,,,,,,,,,FFFBFFFBH,CFFBFFBBFH,CBBFFBFFFFH,SFFFBBFFBFFH
264,,,,,,,,,FFFBFFFFH,CFFBFFBFBH,CBBFFFBFFFH,SFFFBBFFFBFH
265,,,,,,,,,FFFFBBBFH,CFFBFFBFFH,CBBFFFFBFFH,SFFFBBFFFFBH
266,,,,,,,,,FFFFBBFBH,CFFBFFFBBH,CBBFFFFFBFH,SFFFBBFFFFFH
267,,,,,,,,,FFFFBBFFH,CFFBFFFBFH,CBBFFFFFFBH,SFFFBFBBFFFH
268,,,,,,,,,FFFFBFBBH,CFFBFFFFBH,CBBFFFFFFFH,SFFFBFBFBFFH
269,,,,,,,,,FFFFBFBFH,CFFBFFFFFH,CBFBBFFFFFH,SFFFBFBFFBFH
270,,,,,,,,,FFFFBFFBH,CFFFBBBFFH,CBFBFBFFFFH,SFFFBFBFFFBH
271,,,,,,,,,FFFFBFFFH,CFFFBBFBFH,CBFBFFBFFFH,SFFFBFBFFFFH
272,,,,,,,,,FFFFFBBBH,CFFFBBFFBH,CBFBFFFBFFH,SFFFBFFBBFFH
273,,,,,,,,,FFFFFBBFH,CFFFBBFFFH,CBFBFFFFBFH,SFFFBFFBFBFH
274,,,,,,,,,FFFFFBFBH,CFFFBFBBFH,CBFBFFFFFBH,SFFFBFFBFFBH
275,,,,,,,,,FFFFFBFFH,CFFFBFBFBH,CBFBFFFFFFH,SFFFBFFBFFFH
276,,,,,,,,,FFFFFFBBH,CFFFBFBFFH,CBFFBBFFFFH,SFFFBFFFBBFH
277,,,,,,,,,FFFFFFBFH,CFFFBFFBBH,CBFFBFBFFFH,SFFFBFFFBFBH
278,,,,,,,,,FFFFFFFBH,CFFFBFFBFH,CBFFBFFBFFH,SFFFBFFFBFFH
279,,,,,,,,,,CFFFBFFFBH,CBFFBFFFBFH,SFFFBFFFFBBH
280,,,,,,,,,,CFFFBFFFFH,CBFFBFFFFBH,SFFFBFFFFBFH
281,,,,,,,,,,CFFFFBBBFH,CBFFBFFFFFH,SFFFBFFFFFBH
282,,,,,,,,,,CFFFFBBFBH,CBFFFBBFFFH,SFFFBFFFFFFH
283,,,,,,,,,,CFFFFBBFFH,CBFFFBFBFFH,SFFFFBBBFFFH
284,,,,,,,,,,CFFFFBFBBH,CBFFFBFFBFH,SFFFFBBFBFFH
285,,,,,,,,,,CFFFFBFBFH,CBFFFBFFFBH,SFFFFBBFFBFH
286,,,,,,,,,,CFFFFBFFBH,CBFFFBFFFFH,SFFFFBBFFFBH
287,,,,,,,,,,CFFFFBFFFH,CBFFFFBBFFH,SFFFFBBFFFFH
288,,,,,,,,,,CFFFFFBBBH,CBFFFFBFBFH,SFFFFBFBBFFH
289,,,,,,,,,,CFFFFFBBFH,CBFFFFBFFBH,SFFFFBFBFBFH
290,,,,,,,,,,CFFFFFBFBH,CBFFFFBFFFH,SFFFFBFBFFBH
291,,,,,,,,,,CFFFFFBFFH,CBFFFFFBBFH,SFFFFBFBFFFH
292,,,,,,,,,,CFFFFFFBBH,CBFFFFFBFBH,SFFFFBFFBBFH
293,,,,,,,,,,CFFFFFFBFH,CBFFFFFBFFH,SFFFFBFFBFBH
294,,,,,,,,,,CFFFFFFFBH,CBFFFFFFBBH,SFFFFBFFBFFH
295,,,,,,,,,,FBBBFFFFFH,CBFFFFFFBFH,SFFFFBFFFBBH
296,,,,,,,,,,FBBFBFFFFH,CBFFFFFFFBH,SFFFFBFFFBFH
297,,,,,,,,,,FBBFFBFFFH,CFBBBFFFFFH,SFFFFBFFFFBH
298,,,,,,,,,,FBBFFFBFFH,CFBBFBFFFFH,SFFFFBFFFFFH
299,,,,,,,,,,FBBFFFFBFH,CFBBFFBFFFH,SFFFFFBBBFFH
300,,,,,,,,,,FBBFFFFFBH,CFBBFFFBFFH,SFFFFFBBFBFH
301,,,,,,,,,,FBBFFFFFFH,CFBBFFFFBFH,SFFFFFBBFFBH
302,,,,,,,,,,FBFBBFFFFH,CFBBFFFFFBH,SFFFFFBBFFFH
303,,,,,,,,,,FBFBFBFFFH,CFBBFFFFFFH,SFFFFFBFBBFH
304,,,,,,,,,,FBFBFFBFFH,CFBFBBFFFFH,SFFFFFBFBFBH
305,,,,,,,,,,FBFBFFFBFH,CFBFBFBFFFH,SFFFFFBFBFFH
306,,,,,,,,,,FBFBFFFFBH,CFBFBFFBFFH,SFFFFFBFFBBH
307,,,,,,,,,,FBFBFFFFFH,CFBFBFFFBFH,SFFFFFBFFBFH
308,,,,,,,,,,FBFFBBFFFH,CFBFBFFFFBH,SFFFFFBFFFBH
309,,,,,,,,,,FBFFBFBFFH,CFBFBFFFFFH,SFFFFFBFFFFH
310,,,,,,,,,,FBFFBFFBFH,CFBFFBBFFFH,SFFFFFFBBBFH
311,,,,,,,,,,FBFFBFFFBH,CFBFFBFBFFH,SFFFFFFBBFBH
312,,,,,,,,,,FBFFBFFFFH,CFBFFBFFBFH,SFFFFFFBBFFH
313,,,,,,,,,,FBFFFBBFFH,CFBFFBFFFBH,SFFFFFFBFBBH
314,,,,,,,,,,FBFFFBFBFH,CFBFFBFFFFH,SFFFFFFBFBFH
315,,,,,,,,,,FBFFFBFFBH,CFBFFFBBFFH,SFFFFFFBFFBH
316,,,,,,,,,,FBFFFBFFFH,CFBFFFBFBFH,SFFFFFFBFFFH
317,,,,,,,,,,FBFFFFBBFH,CFBFFFBFFBH,SFFFFFFFBBBH
318,,,,,,,,,,FBFFFFBFBH,CFBFFFBFFFH,SFFFFFFFBBFH
319,,,,,,,,,,FBFFFFBFFH,CFBFFFFBBFH,SFFFFFFFBFBH
320,,,,,,,,,,FBFFFFFBBH,CFBFFFFBFBH,SFFFFFFFBFFH
321,,,,,,,,,,FBFFFFFBFH,CFBFFFFBFFH,CBBBFFFFFFFH
322,,,,,,,,,,FBFFFFFFBH,CFBFFFFFBBH,CBBFBFFFFFFH
323,,,,,,,,,,FBFFFFFFFH,CFBFFFFFBFH,CBBFFBFFFFFH
324,,,,,,,,,,FFBBBFFFFH,CFBFFFFFFBH,CBBFFFBFFFFH
325,,,,,,,,,,FFBBFBFFFH,CFBFFFFFFFH,CBBFFFFBFFFH
326,,,,,,,,,,FFBBFFBFFH,CFFBBBFFFFH,CBBFFFFFBFFH
327,,,,,,,,,,FFBBFFFBFH,CFFBBFBFFFH,CBBFFFFFFBFH
328,,,,,,,,,,FFBBFFFFBH,CFFBBFFBFFH,CBBFFFFFFFBH
329,,,,,,,,,,FFBBFFFFFH,CFFBBFFFBFH,CBFBBFFFFFFH
330,,,,,,,,,,FFBFBBFFFH,CFFBBFFFFBH,CBFBFBFFFFFH
331,,,,,,,,,,FFBFBFBFFH,CFFBBFFFFFH,CBFBFFBFFFFH
332,,,,,,,,,,FFBFBFFBFH,CFFBFBBFFFH,CBFBFFFBFFFH
333,,,,,,,,,,FFBFBFFFBH,CFFBFBFBFFH,CBFBFFFFBFFH
334,,,,,,,,,,FFBFBFFFFH,CFFBFBFFBFH,CBFBFFFFFBFH
335,,,,,,,,,,FFBFFBBFFH,CFFBFBFFFBH,CBFBFFFFFFBH
336,,,,,,,,,,FFBFFBFBFH,CFFBFBFFFFH,CBFBFFFFFFFH
337,,,,,,,,,,FFBFFBFFBH,CFFBFFBBFFH,CBFFBBFFFFFH
338,,,,,,,,,,FFBFFBFFFH,CFFBFFBFBFH,CBFFBFBFFFFH
339,,,,,,,,,,FFBFFFBBFH,CFFBFFBFFBH,CBFFBFFBFFFH
340,,,,,,,,,,FFBFFFBFBH,CFFBFFBFFFH,CBFFBFFFBFFH
341,,,,,,,,,,FFBFFFBFFH,CFFBFFFBBFH,CBFFBFFFFBFH
342,,,,,,,,,,FFBFFFFBBH,CFFBFFFBFBH,CBFFBFFFFFBH
343,,,,,,,,,,FFBFFFFBFH,CFFBFFFBFFH,CBFFBFFFFFFH
344,,,,,,,,,,FFBFFFFFBH,CFFBFFFFBBH,CBFFFBBFFFFH
345,,,,,,,,,,FFBFFFFFFH,CFFBFFFFBFH,CBFFFBFBFFFH
346,,,,,,,,,,FFFBBBFFFH,CFFBFFFFFBH,CBFFFBFFBFFH
347,,,,,,,,,,FFFBBFBFFH,CFFBFFFFFFH,CBFFFBFFFBFH
348,,,,,,,,,,FFFBBFFBFH,CFFFBBBFFFH,CBFFFBFFFFBH
349,,,,,,,,,,FFFBBFFFBH,CFFFBBFBFFH,CBFFFBFFFFFH
350,,,,,,,,,,FFFBBFFFFH,CFFFBBFFBFH,CBFFFFBBFFFH
351,,,,,,,,,,FFFBFBBFFH,CFFFBBFFFBH,CBFFFFBFBFFH
352,,,,,,,,,,FFFBFBFBFH,CFFFBBFFFFH,CBFFFFBFFBFH
353,,,,,,,,,,FFFBFBFFBH,CFFFBFBBFFH,CBFFFFBFFFBH
354,,,,,,,,,,FFFBFBFFFH,CFFFBFBFBFH,CBFFFFBFFFFH
355,,,,,,,,,,FFFBFFBBFH,CFFFBFBFFBH,CBFFFFFBBFFH
356,,,,,,,,,,FFFBFFBFBH,CFFFBFBFFFH,CBFFFFFBFBFH
357,,,,,,,,,,FFFBFFBFFH,CFFFBFFBBFH,CBFFFFFBFFBH
358,,,,,,,,,,FFFBFFFBBH,CFFFBFFBFBH,CBFFFFFBFFFH
359,,,,,,,,,,FFFBFFFBFH,CFFFBFFBFFH,CBFFFFFFBBFH
360,,,,,,,,,,FFFBFFFFBH,CFFFBFFFBBH,CBFFFFFFBFBH
361,,,,,,,,,,FFFBFFFFFH,CFFFBFFFBFH,CBFFFFFFBFFH
362,,,,,,,,,,FFFFBBBFFH,CFFFBFFFFBH,CBFFFFFFFBBH
363,,,,,,,,,,FFFFBBFBFH,CFFFBFFFFFH,CBFFFFFFFBFH
364,,,,,,,,,,FFFFBBFFBH,CFFFFBBBFFH,CFBBBFFFFFFH
365,,,,,,,,,,FFFFBBFFFH,CFFFFBBFBFH,CFBBFBFFFFFH
366,,,,,,,,,,FFFFBFBBFH,CFFFFBBFFBH,CFBBFFBFFFFH
367,,,,,,,,,,FFFFBFBFBH,CFFFFBBFFFH,CFBBFFFBFFFH
368,,,,,,,,,,FFFFBFBFFH,CFFFFBFBBFH,CFBBFFFFBFFH
369,,,,,,,,,,FFFFBFFBBH,CFFFFBFBFBH,CFBBFFFFFBFH
370,,,,,,,,,,FFFFBFFBFH,CFFFFBFBFFH,CFBBFFFFFFBH
371,,,,,,,,,,FFFFBFFFBH,CFFFFBFFBBH,CFBBFFFFFFFH
372,,,,,,,,,,FFFFBFFFFH,CFFFFBFFBFH,CFBFBBFFFFFH
373,,,,,,,,,,FFFFFBBBFH,CFFFFBFFFBH,CFBFBFBFFFFH
374,,,,,,,,,,FFFFFBBFBH,CFFFFBFFFFH,CFBFBFFBFFFH
375,,,,,,,,,,FFFFFBBFFH,CFFFFFBBBFH,CFBFBFFFBFFH
376,,,,,,,,,,FFFFFBFBBH,CFFFFFBBFBH,CFBFBFFFFBFH
377,,,,,,,,,,FFFFFBFBFH,CFFFFFBBFFH,CFBFBFFFFFBH
378,,,,,,,,,,FFFFFBFFBH,CFFFFFBFBBH,CFBFBFFFFFFH
379,,,,,,,,,,FFFFFBFFFH,CFFFFFBFBFH,CFBFFBBFFFFH
380,,,,,,,,,,FFFFFFBBBH,CFFFFFBFFBH,CFBFFBFBFFFH
381,,,,,,,,,,FFFFFFBBFH,CFFFFFBFFFH,CFBFFBFFBFFH
382,,,,,,,,,,FFFFFFBFBH,CFFFFFFBBBH,CFBFFBFFFBFH
383,,,,,,,,,,FFFFFFBFFH,CFFFFFFBBFH,CFBFFBFFFFBH
384,,,,,,,,,,FFFFFFFBBH,CFFFFFFBFBH,CFBFFBFFFFFH
385,,,,,,,,,,FFFFFFFBFH,CFFFFFFBFFH,CFBFFFBBFFFH
386,,,,,,,,,,,CFFFFFFFBBH,CFBFFFBFBFFH
387,,,,,,,,,,,CFFFFFFFBFH,CFBFFFBFFBFH
388,,,,,,,,,,,FBBBFFFFFFH,CFBFFFBFFFBH
389,,,,,,,,,,,FBBFBFFFFFH,CFBFFFBFFFFH
390,,,,,,,,,,,FBBFFBFFFFH,CFBFFFFBBFFH
391,,,,,,,,,,,FBBFFFBFFFH,CFBFFFFBFBFH
392,,,,,,,,,,,FBBFFFFBFFH,CFBFFFFBFFBH
393,,,,,,,,,,,FBBFFFFFBFH,CFBFFFFBFFFH
394,,,,,,,,,,,FBBFFFFFFBH,CFBFFFFFBBFH
395,,,,,,,,,,,FBBFFFFFFFH,CFBFFFFFBFBH
396,,,,,,,,,,,FBFBBFFFFFH,CFBFFFFFBFFH
397,,,,,,,,,,,FBFBFBFFFFH,CFBFFFFFFBBH
398,,,,,,,,,,,FBFBFFBFFFH,CFBFFFFFFBFH
399,,,,,,,,,,,FBFBFFFBFFH,CFBFFFFFFFBH
400,,,,,,,,,,,FBFBFFFFBFH,CFFBBBFFFFFH
401,,,,,,,,,,,FBFBFFFFFBH,CFFBBFBFFFFH
402,,,,,,,,,,,FBFBFFFFFFH,CFFBBFFBFFFH
403,,,,,,,,,,,FBFFBBFFFFH,CFFBBFFFBFFH
404,,,,,,,,,,,FBFFBFBFFFH,CFFBBFFFFBFH
405,,,,,,,,,,,FBFFBFFBFFH,CFFBBFFFFFBH
406,,,,,,,,,,,FBFFBFFFBFH,CFFBBFFFFFFH
407,,,,,,,,,,,FBFFBFFFFBH,CFFBFBBFFFFH
408,,,,,,,,,,,FBFFBFFFFFH,CFFBFBFBFFFH
409,,,,,,,,,,,FBFFFBBFFFH,CFFBFBFFBFFH
410,,,,,,,,,,,FBFFFBFBFFH,CFFBFBFFFBFH
411,,,,,,,,,,,FBFFFBFFBFH,CFFBFBFFFFBH
412,,,,,,,,,,,FBFFFBFFFBH,CFFBFBFFFFFH
413,,,,,,,,,,,FBFFFBFFFFH,CFFBFFBBFFFH
414,,,,,,,,,,,FBFFFFBBFFH,CFFBFFBFBFFH
415,,,,,,,,,,,FBFFFFBFBFH,CFFBFFBFFBFH
416,,,,,,,,,,,FBFFFFBFFBH,CFFBFFBFFFBH
417,,,,,,,,,,,FBFFFFBFFFH,CFFBFFBFFFFH
418,,,,,,,,,,,FBFFFFFBBFH,CFFBFFFBBFFH
419,,,,,,,,,,,FBFFFFFBFBH,CFFBFFFBFBFH
420,,,,,,,,,,,FBFFFFFBFFH,CFFBFFFBFFBH
421,,,,,,,,,,,FBFFFFFFBBH,CFFBFFFBFFFH
422,,,,,,,,,,,FBFFFFFFBFH,CFFBFFFFBBFH
423,,,,,,,,,,,FBFFFFFFFBH,CFFBFFFFBFBH
424,,,,,,,,,,,FFBBBFFFFFH,CFFBFFFFBFFH
425,,,,,,,,,,,FFBBFBFFFFH,CFFBFFFFFBBH
426,,,,,,,,,,,FFBBFFBFFFH,CFFBFFFFFBFH
427,,,,,,,,,,,FFBBFFFBFFH,CFFBFFFFFFBH
428,,,,,,,,,,,FFBBFFFFBFH,CFFBFFFFFFFH
429,,,,,,,,,,,FFBBFFFFFBH,CFFFBBBFFFFH
430,,,,,,,,,,,FFBBFFFFFFH,CFFFBBFBFFFH
431,,,,,,,,,,,FFBFBBFFFFH,CFFFBBFFBFFH
432,,,,,,,,,,,FFBFBFBFFFH,CFFFBBFFFBFH
433,,,,,,,,,,,FFBFBFFBFFH,CFFFBBFFFFBH
434,,,,,,,,,,,FFBFBFFFBFH,CFFFBBFFFFFH
435,,,,,,,,,,,FFBFBFFFFBH,CFFFBFBBFFFH
436,,,,,,,,,,,FFBFBFFFFFH,CFFFBFBFBFFH
437,,,,,,,,,,,FFBFFBBFFFH,CFFFBFBFFBFH
438,,,,,,,,,,,FFBFFBFBFFH,CFFFBFBFFFBH
439,,,,,,,,,,,FFBFFBFFBFH,CFFFBFBFFFFH
440,,,,,,,,,,,FFBFFBFFFBH,CFFFBFFBBFFH
441,,,,,,,,,,,FFBFFBFFFFH,CFFFBFFBFBFH
442,,,,,,,,,,,FFBFFFBBFFH,CFFFBFFBFFBH
443,,,,,,,,,,,FFBFFFBFBFH,CFFFBFFBFFFH
444,,,,,,,,,,,FFBFFFBFFBH,CFFFBFFFBBFH
445,,,,,,,,,,,FFBFFFBFFFH,CFFFBFFFBFBH
446,,,,,,,,,,,FFBFFFFBBFH,CFFFBFFFBFFH
447,,,,,,,,,,,FFBFFFFBFBH,CFFFBFFFFBBH
448,,,,,,,,,,,FFBFFFFBFFH,CFFFBFFFFBFH
449,,,,,,,,,,,FFBFFFFFBBH,CFFFBFFFFFBH
450,,,,,,,,,,,FFBFFFFFBFH,CFFFBFFFFFFH
451,,,,,,,,,,,FFBFFFFFFBH,CFFFFBBBFFFH
452,,,,,,,,,,,FFBFFFFFFFH,CFFFFBBFBFFH
453,,,,,,,,,,,FFFBBBFFFFH,CFFFFBBFFBFH
454,,,,,,,,,,,FFFBBFBFFFH,CFFFFBBFFFBH
455,,,,,,,,,,,FFFBBFFBFFH,CFFFFBBFFFFH
456,,,,,,,,,,,FFFBBFFFBFH,CFFFFBFBBFFH
457,,,,,,,,,,,FFFBBFFFFBH,CFFFFBFBFBFH
458,,,,,,,,,,,FFFBBFFFFFH,CFFFFBFBFFBH
459,,,,,,,,,,,FFFBFBBFFFH,CFFFFBFBFFFH
460,,,,,,,,,,,FFFBFBFBFFH,CFFFFBFFBBFH
461,,,,,,,,,,,FFFBFBFFBFH,CFFFFBFFBFBH
462,,,,,,,,,,,FFFBFBFFFBH,CFFFFBFFBFFH
463,,,,,,,,,,,FFFBFBFFFFH,CFFFFBFFFBBH
464,,,,,,,,,,,FFFBFFBBFFH,CFFFFBFFFBFH
465,,,,,,,,,,,FFFBFFBFBFH,CFFFFBFFFFBH
466,,,,,,,,,,,FFFBFFBFFBH,CFFFFBFFFFFH
467,,,,,,,,,,,FFFBFFBFFFH,CFFFFFBBBFFH
468,,,,,,,,,,,FFFBFFFBBFH,CFFFFFBBFBFH
469,,,,,,,,,,,FFFBFFFBFBH,CFFFFFBBFFBH
470,,,,,,,,,,,FFFBFFFBFFH,CFFFFFBBFFFH
471,,,,,,,,,,,FFFBFFFFBBH,CFFFFFBFBBFH
472,,,,,,,,,,,FFFBFFFFBFH,CFFFFFBFBFBH
473,,,,,,,,,,,FFFBFFFFFBH,CFFFFFBFBFFH
474,,,,,,,,,,,FFFBFFFFFFH,CFFFFFBFFBBH
475,,,,,,,,,,,FFFFBBBFFFH,CFFFFFBFFBFH
476,,,,,,,,,,,FFFFBBFBFFH,CFFFFFBFFFBH
477,,,,,,,,,,,FFFFBBFFBFH,CFFFFFBFFFFH
478,,,,,,,,,,,FFFFBBFFFBH,CFFFFFFBBBFH
479,,,,,,,,,,,FFFFBBFFFFH,CFFFFFFBBFBH
480,,,,,,,,,,,FFFFBFBBFFH,CFFFFFFBBFFH
481,,,,,,,,,,,FFFFBFBFBFH,CFFFFFFBFBBH
482,,,,,,,,,,,FFFFBFBFFBH,CFFFFFFBFBFH
483,,,,,,,,,,,FFFFBFBFFFH,CFFFFFFBFFBH
484,,,,,,,,,,,FFFFBFFBBFH,CFFFFFFBFFFH
485,,,,,,,,,,,FFFFBFFBFBH,CFFFFFFFBBBH
486,,,,,,,,,,,FFFFBFFBFFH,CFFFFFFFBBFH
487,,,,,,,,,,,FFFFBFFFBBH,CFFFFFFFBFBH
488,,,,,,,,,,,FFFFBFFFBFH,CFFFFFFFBFFH
489,,,,,,,,,,,FFFFBFFFFBH,FBBBFFFFFFFH
490,,,,,,,,,,,FFFFBFFFFFH,FBBFBFFFFFFH
491,,,,,,,,,,,FFFFFBBBFFH,FBBFFBFFFFFH
492,,,,,,,,,,,FFFFFBBFBFH,FBBFFFBFFFFH
493,,,,,,,,,,,FFFFFBBFFBH,FBBFFFFBFFFH
494,,,,,,,,,,,FFFFFBBFFFH,FBBFFFFFBFFH
495,,,,,,,,,,,FFFFFBFBBFH,FBBFFFFFFBFH
496,,,,,,,,,,,FFFFFBFBFBH,FBBFFFFFFFBH
497,,,,,,,,,,,FFFFFBFBFFH,FBFBBFFFFFFH
498,,,,,,,,,,,FFFFFBFFBBH,FBFBFBFFFFFH
499,,,,,,,,,,,FFFFFBFFBFH,FBFBFFBFFFFH
500,,,,,,,,,,,FFFFFBFFFBH,FBFBFFFBFFFH
501,,,,,,,,,,,FFFFFBFFFFH,FBFBFFFFBFFH
502,,,,,,,,,,,FFFFFFBBBFH,FBFBFFFFFBFH
503,,,,,,,,,,,FFFFFFBBFBH,FBFBFFFFFFBH
504,,,,,,,,,,,FFFFFFBBFFH,FBFBFFFFFFFH
505,,,,,,,,,,,FFFFFFBFBBH,FBFFBBFFFFFH
506,,,,,,,,,,,FFFFFFBFBFH,FBFFBFBFFFFH
507,,,,,,,,,,,FFFFFFBFFBH,FBFFBFFBFFFH
508,,,,,,,,,,,FFFFFFBFFFH,FBFFBFFFBFFH
509,,,,,,,,,,,FFFFFFFBBBH,FBFFBFFFFBFH
510,,,,,,,,,,,FFFFFFFBBFH,FBFFBFFFFFBH
511,,,,,,,,,,,FFFFFFFBFBH,FBFFBFFFFFFH
512,,,,,,,,,,,FFFFFFFBFFH,FBFFFBBFFFFH
513,,,,,,,,,,,,FBFFFBFBFFFH
514,,,,,,,,,,,,FBFFFBFFBFFH
515,,,,,,,,,,,,FBFFFBFFFBFH
516,,,,,,,,,,,,FBFFFBFFFFBH
517,,,,,,,,,,,,FBFFFBFFFFFH
518,,,,,,,,,,,,FBFFFFBBFFFH
519,,,,,,,,,,,,FBFFFFBFBFFH
520,,,,,,,,,,,,FBFFFFBFFBFH
521,,,,,,,,,,,,FBFFFFBFFFBH
522,,,,,,,,,,,,FBFFFFBFFFFH
523,,,,,,,,,,,,FBFFFFFBBFFH
524,,,,,,,,,,,,FBFFFFFBFBFH
525,,,,,,,,,,,,FBFFFFFBFFBH
526,,,,,,,,,,,,FBFFFFFBFFFH
527,,,,,,,,,,,,FBFFFFFFBBFH
528,,,,,,,,,,,,FBFFFFFFBFBH
529,,,,,,,,,,,,FBFFFFFFBFFH
530,,,,,,,,,,,,FBFFFFFFFBBH
531,,,,,,,,,,,,FBFFFFFFFBFH
532,,,,,,,,,,,,FFBBBFFFFFFH
533,,,,,,,,,,,,FFBBFBFFFFFH
534,,,,,,,,,,,,FFBBFFBFFFFH
535,,,,,,,,,,,,FFBBFFFBFFFH
536,,,,,,,,,,,,FFBBFFFFBFFH
537,,,,,,,,,,,,FFBBFFFFFBFH
538,,,,,,,,,,,,FFBBFFFFFFBH
539,,,,,,,,,,,,FFBBFFFFFFFH
540,,,,,,,,,,,,FFBFBBFFFFFH
541,,,,,,,,,,,,FFBFBFBFFFFH
542,,,,,,,,,,,,FFBFBFFBFFFH
543,,,,,,,,,,,,FFBFBFFFBFFH
544,,,,,,,,,,,,FFBFBFFFFBFH
545,,,,,,,,,,,,FFBFBFFFFFBH
546,,,,,,,,,,,,FFBFBFFFFFFH
547,,,,,,,,,,,,FFBFFBBFFFFH
548,,,,,,,,,,,,FFBFFBFBFFFH
549,,,,,,,,,,,,FFBFFBFFBFFH
550,,,,,,,,,,,,FFBFFBFFFBFH
551,,,,,,,,,,,,FFBFFBFFFFBH
552,,,,,,,,,,,,FFBFFBFFFFFH
553,,,,,,,,,,,,FFBFFFBBFFFH
554,,,,,,,,,,,,FFBFFFBFBFFH
555,,,,,,,,,,,,FFBFFFBFFBFH
556,,,,,,,,,,,,FFBFFFBFFFBH
557,,,,,,,,,,,,FFBFFFBFFFFH
558,,,,,,,,,,,,FFBFFFFBBFFH
559,,,,,,,,,,,,FFBFFFFBFBFH
560,,,,,,,,,,,,FFBFFFFBFFBH
561,,,,,,,,,,,,FFBFFFFBFFFH
562,,,,,,,,,,,,FFBFFFFFBBFH
563,,,,,,,,,,,,FFBFFFFFBFBH
564,,,,,,,,,,,,FFBFFFFFBFFH
565,,,,,,,,,,,,FFBFFFFFFBBH
566,,,,,,,,,,,,FFBFFFFFFBFH
567,,,,,,,,,,,,FFBFFFFFFFBH
568,,,,,,,,,,,,FFFBBBFFFFFH
569,,,,,,,,,,,,FFFBBFBFFFFH
570,,,,,,,,,,,,FFFBBFFBFFFH
571,,,,,,,,,,,,FFFBBFFFBFFH
572,,,,,,,,,,,,FFFBBFFFFBFH
573,,,,,,,,,,,,FFFBBFFFFFBH
574,,,,,,,,,,,,FFFBBFFFFFFH
575,,,,,,,,,,,,FFFBFBBFFFFH
576,,,,,,,,,,,,FFFBFBFBFFFH
577,,,,,,,,,,,,FFFBFBFFBFFH
578,,,,,,,,,,,,FFFBFBFFFBFH
579,,,,,,,,,,,,FFFBFBFFFFBH
580,,,,,,,,,,,,FFFBFBFFFFFH
581,,,,,,,,,,,,FFFBFFBBFFFH
582,,,,,,,,,,,,FFFBFFBFBFFH
583,,,,,,,,,,,,FFFBFFBFFBFH
584,,,,,,,,,,,,FFFBFFBFFFBH
585,,,,,,,,,,,,FFFBFFBFFFFH
586,,,,,,,,,,,,FFFBFFFBBFFH
587,,,,,,,,,,,,FFFBFFFBFBFH
588,,,,,,,,,,,,FFFBFFFBFFBH
589,,,,,,,,,,,,FFFBFFFBFFFH
590,,,,,,,,,,,,FFFBFFFFBBFH
591,,,,,,,,,,,,FFFBFFFFBFBH
592,,,,,,,,,,,,FFFBFFFFBFFH
593,,,,,,,,,,,,FFFBFFFFFBBH
594,,,,,,,,,,,,FFFBFFFFFBFH
595,,,,,,,,,,,,FFFBFFFFFFBH
596,,,,,,,,,,,,FFFBFFFFFFFH
597,,,,,,,,,,,,FFFFBBBFFFFH
598,,,,,,,,,,,,FFFFBBFBFFFH
599,,,,,,,,,,,,FFFFBBFFBFFH
600,,,,,,,,,,,,FFFFBBFFFBFH
601,,,,,,,,,,,,FFFFBBFFFFBH
602,,,,,,,,,,,,FFFFBBFFFFFH
603,,,,,,,,,,,,FFFFBFBBFFFH
604,,,,,,,,,,,,FFFFBFBFBFFH
605,,,,,,,,,,,,FFFFBFBFFBFH
606,,,,,,,,,,,,FFFFBFBFFFBH
607,,,,,,,,,,,,FFFFBFBFFFFH
608,,,,,,,,,,,,FFFFBFFBBFFH
609,,,,,,,,,,,,FFFFBFFBFBFH
610,,,,,,,,,,,,FFFFBFFBFFBH
611,,,,,,,,,,,,FFFFBFFBFFFH
612,,,,,,,,,,,,FFFFBFFFBBFH
613,,,,,,,,,,,,FFFFBFFFBFBH
614,,,,,,,,,,,,FFFFBFFFBFFH
615,,,,,,,,,,,,FFFFBFFFFBBH
616,,,,,,,,,,,,FFFFBFFFFBFH
617,,,,,,,,,,,,FFFFBFFFFFBH
618,,,,,,,,,,,,FFFFBFFFFFFH
619,,,,,,,,,,,,FFFFFBBBFFFH
620,,,,,,,,,,,,FFFFFBBFBFFH
621,,,,,,,,,,,,FFFFFBBFFBFH
622,,,,,,,,,,,,FFFFFBBFFFBH
623,,,,,,,,,,,,FFFFFBBFFFFH
624,,,,,,,,,,,,FFFFFBFBBFFH
625,,,,,,,,,,,,FFFFFBFBFBFH
626,,,,,,,,,,,,FFFFFBFBFFBH
627,,,,,,,,,,,,FFFFFBFBFFFH
628,,,,,,,,,,,,FFFFFBFFBBFH
629,,,,,,,,,,,,FFFFFBFFBFBH
630,,,,,,,,,,,,FFFFFBFFBFFH
631,,,,,,,,,,,,FFFFFBFFFBBH
632,,,,,,,,,,,,FFFFFBFFFBFH
633,,,,,,,,,,,,FFFFFBFFFFBH
634,,,,,,,,,,,,FFFFFBFFFFFH
635,,,,,,,,,,,,FFFFFFBBBFFH
636,,,,,,,,,,,,FFFFFFBBFBFH
637,,,,,,,,,,,,FFFFFFBBFFBH
638,,,,,,,,,,,,FFFFFFBBFFFH
639,,,,,,,,,,,,FFFFFFBFBBFH
640,,,,,,,,,,,,FFFFFFBFBFBH
641,,,,,,,,,,,,FFFFFFBFBFFH
642,,,,,,,,,,,,FFFFFFBFFBBH
643,,,,,,,,,,,,FFFFFFBFFBFH
644,,,,,,,,,,,,FFFFFFBFFFBH
645,,,,,,,,,,,,FFFFFFBFFFFH
646,,,,,,,,,,,,FFFFFFFBBBFH
647,,,,,,,,,,,,FFFFFFFBBFBH
648,,,,,,,,,,,,FFFFFFFBBFFH
649,,,,,,,,,,,,FFFFFFFBFBBH
650,,,,,,,,,,,,FFFFFFFBFBFH
651,,,,,,,,,,,,FFFFFFFBFFBH
652,,,,,,,,,,,,FFFFFFFBFFFH
