pitches,3,4,5,6,7,8,9,10,11,12
1,SFS,BSFS,BBSFS,BBBSFS,BBBSFFS,BBBSFFFS,BBBSFFFFS,BBBSFFFFFS,BBBSFFFFFFS,BBBSFFFFFFFS
2,SFC,BSFC,BBSFC,BBBSFC,BBBSFFC,BBBSFFFC,BBBSFFFFC,BBBSFFFFFC,BBBSFFFFFFC,BBBSFFFFFFFC
3,CFS,BCFS,BBCFS,BBBCFS,BBBCFFS,BBBCFFFS,BBBCFFFFS,BBBCFFFFFS,BBBCFFFFFFS,BBBCFFFFFFFS
4,CFC,BCFC,BBCFC,BBBCFC,BBBCFFC,BBBCFFFC,BBBCFFFFC,BBBCFFFFFC,BBBCFFFFFFC,BBBCFFFFFFFC
5,FFS,BFFS,BBFFS,BBBFFS,BBBFFFS,BBBFFFFS,BBBFFFFFS,BBBFFFFFFS,BBBFFFFFFFS,BBSBFFFFFFFS
6,FFC,BFFC,BBFFC,BBBFFC,BBBFFFC,BBBFFFFC,BBBFFFFFC,BBBFFFFFFC,BBBFFFFFFFC,BBSBFFFFFFFC
7,,SBFS,BSBFS,BBSBFS,BBSBFFS,BBSBFFFS,BBSBFFFFS,BBSBFFFFFS,BBSBFFFFFFS,BBSFBFFFFFFS
8,,SBFC,BSBFC,BBSBFC,BBSBFFC,BBSBFFFC,BBSBFFFFC,BBSBFFFFFC,BBSBFFFFFFC,BBSFBFFFFFFC
9,,SFBS,BSFBS,BBSFBS,BBSFBFS,BBSFBFFS,BBSFBFFFS,BBSFBFFFFS,BBSFBFFFFFS,BBSFFBFFFFFS
10,,SFBC,BSFBC,BBSFBC,BBSFBFC,BBSFBFFC,BBSFBFFFC,BBSFBFFFFC,BBSFBFFFFFC,BBSFFBFFFFFC
11,,SFFS,BSFFS,BBSFFS,BBSFFBS,BBSFFBFS,BBSFFBFFS,BBSFFBFFFS,BBSFFBFFFFS,BBSFFFBFFFFS
12,,SFFC,BSFFC,BBSFFC,BBSFFBC,BBSFFBFC,BBSFFBFFC,BBSFFBFFFC,BBSFFBFFFFC,BBSFFFBFFFFC
13,,CBFS,BCBFS,BBCBFS,BBSFFFS,BBSFFFBS,BBSFFFBFS,BBSFFFBFFS,BBSFFFBFFFS,BBSFFFFBFFFS
14,,CBFC,BCBFC,BBCBFC,BBSFFFC,BBSFFFBC,BBSFFFBFC,BBSFFFBFFC,BBSFFFBFFFC,BBSFFFFBFFFC
15,,CFBS,BCFBS,BBCFBS,BBCBFFS,BBSFFFFS,BBSFFFFBS,BBSFFFFBFS,BBSFFFFBFFS,BBSFFFFFBFFS
16,,CFBC,BCFBC,BBCFBC,BBCBFFC,BBSFFFFC,BBSFFFFBC,BBSFFFFBFC,BBSFFFFBFFC,BBSFFFFFBFFC
17,,CFFS,BCFFS,BBCFFS,BBCFBFS,BBCBFFFS,BBSFFFFFS,BBSFFFFFBS,BBSFFFFFBFS,BBSFFFFFFBFS
18,,CFFC,BCFFC,BBCFFC,BBCFBFC,BBCBFFFC,BBSFFFFFC,BBSFFFFFBC,BBSFFFFFBFC,BBSFFFFFFBFC
19,,FBFS,BFBFS,BBFBFS,BBCFFBS,BBCFBFFS,BBCBFFFFS,BBSFFFFFFS,BBSFFFFFFBS,BBSFFFFFFFBS
20,,FBFC,BFBFC,BBFBFC,BBCFFBC,BBCFBFFC,BBCBFFFFC,BBSFFFFFFC,BBSFFFFFFBC,BBSFFFFFFFBC
21,,FFBS,BFFBS,BBFFBS,BBCFFFS,BBCFFBFS,BBCFBFFFS,BBCBFFFFFS,BBSFFFFFFFS,BBCBFFFFFFFS
22,,FFBC,BFFBC,BBFFBC,BBCFFFC,BBCFFBFC,BBCFBFFFC,BBCBFFFFFC,BBSFFFFFFFC,BBCBFFFFFFFC
23,,FFFS,BFFFS,BBFFFS,BBFBFFS,BBCFFFBS,BBCFFBFFS,BBCFBFFFFS,BBCBFFFFFFS,BBCFBFFFFFFS
24,,FFFC,BFFFC,BBFFFC,BBFBFFC,BBCFFFBC,BBCFFBFFC,BBCFBFFFFC,BBCBFFFFFFC,BBCFBFFFFFFC
25,,,SBBFS,BSBBFS,BBFFBFS,BBCFFFFS,BBCFFFBFS,BBCFFBFFFS,BBCFBFFFFFS,BBCFFBFFFFFS
26,,,SBBFC,BSBBFC,BBFFBFC,BBCFFFFC,BBCFFFBFC,BBCFFBFFFC,BBCFBFFFFFC,BBCFFBFFFFFC
27,,,SBFBS,BSBFBS,BBFFFBS,BBFBFFFS,BBCFFFFBS,BBCFFFBFFS,BBCFFBFFFFS,BBCFFFBFFFFS
28,,,SBFBC,BSBFBC,BBFFFBC,BBFBFFFC,BBCFFFFBC,BBCFFFBFFC,BBCFFBFFFFC,BBCFFFBFFFFC
29,,,SBFFS,BSBFFS,BBFFFFS,BBFFBFFS,BBCFFFFFS,BBCFFFFBFS,BBCFFFBFFFS,BBCFFFFBFFFS
30,,,SBFFC,BSBFFC,BBFFFFC,BBFFBFFC,BBCFFFFFC,BBCFFFFBFC,BBCFFFBFFFC,BBCFFFFBFFFC
31,,,SFBBS,BSFBBS,BSBBFFS,BBFFFBFS,BBFBFFFFS,BBCFFFFFBS,BBCFFFFBFFS,BBCFFFFFBFFS
32,,,SFBBC,BSFBBC,BSBBFFC,BBFFFBFC,BBFBFFFFC,BBCFFFFFBC,BBCFFFFBFFC,BBCFFFFFBFFC
33,,,SFBFS,BSFBFS,BSBFBFS,BBFFFFBS,BBFFBFFFS,BBCFFFFFFS,BBCFFFFFBFS,BBCFFFFFFBFS
34,,,SFBFC,BSFBFC,BSBFBFC,BBFFFFBC,BBFFBFFFC,BBCFFFFFFC,BBCFFFFFBFC,BBCFFFFFFBFC
35,,,SFFBS,BSFFBS,BSBFFBS,BBFFFFFS,BBFFFBFFS,BBFBFFFFFS,BBCFFFFFFBS,BBCFFFFFFFBS
36,,,SFFBC,BSFFBC,BSBFFBC,BBFFFFFC,BBFFFBFFC,BBFBFFFFFC,BBCFFFFFFBC,BBCFFFFFFFBC
37,,,SFFFS,BSFFFS,BSBFFFS,BSBBFFFS,BBFFFFBFS,BBFFBFFFFS,BBCFFFFFFFS,BBFBFFFFFFFS
38,,,SFFFC,BSFFFC,BSBFFFC,BSBBFFFC,BBFFFFBFC,BBFFBFFFFC,BBCFFFFFFFC,BBFBFFFFFFFC
39,,,CBBFS,BCBBFS,BSFBBFS,BSBFBFFS,BBFFFFFBS,BBFFFBFFFS,BBFBFFFFFFS,BBFFBFFFFFFS
40,,,CBBFC,BCBBFC,BSFBBFC,BSBFBFFC,BBFFFFFBC,BBFFFBFFFC,BBFBFFFFFFC,BBFFBFFFFFFC
41,,,CBFBS,BCBFBS,BSFBFBS,BSBFFBFS,BBFFFFFFS,BBFFFFBFFS,BBFFBFFFFFS,BBFFFBFFFFFS
42,,,CBFBC,BCBFBC,BSFBFBC,BSBFFBFC,BBFFFFFFC,BBFFFFBFFC,BBFFBFFFFFC,BBFFFBFFFFFC
43,,,CBFFS,BCBFFS,BSFBFFS,BSBFFFBS,BSBBFFFFS,BBFFFFFBFS,BBFFFBFFFFS,BBFFFFBFFFFS
44,,,CBFFC,BCBFFC,BSFBFFC,BSBFFFBC,BSBBFFFFC,BBFFFFFBFC,BBFFFBFFFFC,BBFFFFBFFFFC
45,,,CFBBS,BCFBBS,BSFFBBS,BSBFFFFS,BSBFBFFFS,BBFFFFFFBS,BBFFFFBFFFS,BBFFFFFBFFFS
46,,,CFBBC,BCFBBC,BSFFBBC,BSBFFFFC,BSBFBFFFC,BBFFFFFFBC,BBFFFFBFFFC,BBFFFFFBFFFC
47,,,CFBFS,BCFBFS,BSFFBFS,BSFBBFFS,BSBFFBFFS,BBFFFFFFFS,BBFFFFFBFFS,BBFFFFFFBFFS
48,,,CFBFC,BCFBFC,BSFFBFC,BSFBBFFC,BSBFFBFFC,BBFFFFFFFC,BBFFFFFBFFC,BBFFFFFFBFFC
49,,,CFFBS,BCFFBS,BSFFFBS,BSFBFBFS,BSBFFFBFS,BSBBFFFFFS,BBFFFFFFBFS,BBFFFFFFFBFS
50,,,CFFBC,BCFFBC,BSFFFBC,BSFBFBFC,BSBFFFBFC,BSBBFFFFFC,BBFFFFFFBFC,BBFFFFFFFBFC
51,,,CFFFS,BCFFFS,BSFFFFS,BSFBFFBS,BSBFFFFBS,BSBFBFFFFS,BBFFFFFFFBS,BSBBFFFFFFFS
52,,,CFFFC,BCFFFC,BSFFFFC,BSFBFFBC,BSBFFFFBC,BSBFBFFFFC,BBFFFFFFFBC,BSBBFFFFFFFC
53,,,FBBFS,BFBBFS,BCBBFFS,BSFBFFFS,BSBFFFFFS,BSBFFBFFFS,BSBBFFFFFFS,BSBFBFFFFFFS
54,,,FBBFC,BFBBFC,BCBBFFC,BSFBFFFC,BSBFFFFFC,BSBFFBFFFC,BSBBFFFFFFC,BSBFBFFFFFFC
55,,,FBFBS,BFBFBS,BCBFBFS,BSFFBBFS,BSFBBFFFS,BSBFFFBFFS,BSBFBFFFFFS,BSBFFBFFFFFS
56,,,FBFBC,BFBFBC,BCBFBFC,BSFFBBFC,BSFBBFFFC,BSBFFFBFFC,BSBFBFFFFFC,BSBFFBFFFFFC
57,,,FBFFS,BFBFFS,BCBFFBS,BSFFBFBS,BSFBFBFFS,BSBFFFFBFS,BSBFFBFFFFS,BSBFFFBFFFFS
58,,,FBFFC,BFBFFC,BCBFFBC,BSFFBFBC,BSFBFBFFC,BSBFFFFBFC,BSBFFBFFFFC,BSBFFFBFFFFC
59,,,FFBBS,BFFBBS,BCBFFFS,BSFFBFFS,BSFBFFBFS,BSBFFFFFBS,BSBFFFBFFFS,BSBFFFFBFFFS
60,,,FFBBC,BFFBBC,BCBFFFC,BSFFBFFC,BSFBFFBFC,BSBFFFFFBC,BSBFFFBFFFC,BSBFFFFBFFFC
61,,,FFBFS,BFFBFS,BCFBBFS,BSFFFBBS,BSFBFFFBS,BSBFFFFFFS,BSBFFFFBFFS,BSBFFFFFBFFS
62,,,FFBFC,BFFBFC,BCFBBFC,BSFFFBBC,BSFBFFFBC,BSBFFFFFFC,BSBFFFFBFFC,BSBFFFFFBFFC
63,,,FFFBS,BFFFBS,BCFBFBS,BSFFFBFS,BSFBFFFFS,BSFBBFFFFS,BSBFFFFFBFS,BSBFFFFFFBFS
64,,,FFFBC,BFFFBC,BCFBFBC,BSFFFBFC,BSFBFFFFC,BSFBBFFFFC,BSBFFFFFBFC,BSBFFFFFFBFC
65,,,FFFFS,BFFFFS,BCFBFFS,BSFFFFBS,BSFFBBFFS,BSFBFBFFFS,BSBFFFFFFBS,BSBFFFFFFFBS
66,,,FFFFC,BFFFFC,BCFBFFC,BSFFFFBC,BSFFBBFFC,BSFBFBFFFC,BSBFFFFFFBC,BSBFFFFFFFBC
67,,,,SBBBFS,BCFFBBS,BSFFFFFS,BSFFBFBFS,BSFBFFBFFS,BSBFFFFFFFS,BSFBBFFFFFFS
68,,,,SBBBFC,BCFFBBC,BSFFFFFC,BSFFBFBFC,BSFBFFBFFC,BSBFFFFFFFC,BSFBBFFFFFFC
69,,,,SBBFBS,BCFFBFS,BCBBFFFS,BSFFBFFBS,BSFBFFFBFS,BSFBBFFFFFS,BSFBFBFFFFFS
70,,,,SBBFBC,BCFFBFC,BCBBFFFC,BSFFBFFBC,BSFBFFFBFC,BSFBBFFFFFC,BSFBFBFFFFFC
71,,,,SBBFFS,BCFFFBS,BCBFBFFS,BSFFBFFFS,BSFBFFFFBS,BSFBFBFFFFS,BSFBFFBFFFFS
72,,,,SBBFFC,BCFFFBC,BCBFBFFC,BSFFBFFFC,BSFBFFFFBC,BSFBFBFFFFC,BSFBFFBFFFFC
73,,,,SBFBBS,BCFFFFS,BCBFFBFS,BSFFFBBFS,BSFBFFFFFS,BSFBFFBFFFS,BSFBFFFBFFFS
74,,,,SBFBBC,BCFFFFC,BCBFFBFC,BSFFFBBFC,BSFBFFFFFC,BSFBFFBFFFC,BSFBFFFBFFFC
75,,,,SBFBFS,BFBBFFS,BCBFFFBS,BSFFFBFBS,BSFFBBFFFS,BSFBFFFBFFS,BSFBFFFFBFFS
76,,,,SBFBFC,BFBBFFC,BCBFFFBC,BSFFFBFBC,BSFFBBFFFC,BSFBFFFBFFC,BSFBFFFFBFFC
77,,,,SBFFBS,BFBFBFS,BCBFFFFS,BSFFFBFFS,BSFFBFBFFS,BSFBFFFFBFS,BSFBFFFFFBFS
78,,,,SBFFBC,BFBFBFC,BCBFFFFC,BSFFFBFFC,BSFFBFBFFC,BSFBFFFFBFC,BSFBFFFFFBFC
79,,,,SBFFFS,BFBFFBS,BCFBBFFS,BSFFFFBBS,BSFFBFFBFS,BSFBFFFFFBS,BSFBFFFFFFBS
80,,,,SBFFFC,BFBFFBC,BCFBBFFC,BSFFFFBBC,BSFFBFFBFC,BSFBFFFFFBC,BSFBFFFFFFBC
81,,,,SFBBBS,BFBFFFS,BCFBFBFS,BSFFFFBFS,BSFFBFFFBS,BSFBFFFFFFS,BSFBFFFFFFFS
82,,,,SFBBBC,BFBFFFC,BCFBFBFC,BSFFFFBFC,BSFFBFFFBC,BSFBFFFFFFC,BSFBFFFFFFFC
83,,,,SFBBFS,BFFBBFS,BCFBFFBS,BSFFFFFBS,BSFFBFFFFS,BSFFBBFFFFS,BSFFBBFFFFFS
84,,,,SFBBFC,BFFBBFC,BCFBFFBC,BSFFFFFBC,BSFFBFFFFC,BSFFBBFFFFC,BSFFBBFFFFFC
85,,,,SFBFBS,BFFBFBS,BCFBFFFS,BSFFFFFFS,BSFFFBBFFS,BSFFBFBFFFS,BSFFBFBFFFFS
86,,,,SFBFBC,BFFBFBC,BCFBFFFC,BSFFFFFFC,BSFFFBBFFC,BSFFBFBFFFC,BSFFBFBFFFFC
87,,,,SFBFFS,BFFBFFS,BCFFBBFS,BCBBFFFFS,BSFFFBFBFS,BSFFBFFBFFS,BSFFBFFBFFFS
88,,,,SFBFFC,BFFBFFC,BCFFBBFC,BCBBFFFFC,BSFFFBFBFC,BSFFBFFBFFC,BSFFBFFBFFFC
89,,,,SFFBBS,BFFFBBS,BCFFBFBS,BCBFBFFFS,BSFFFBFFBS,BSFFBFFFBFS,BSFFBFFFBFFS
90,,,,SFFBBC,BFFFBBC,BCFFBFBC,BCBFBFFFC,BSFFFBFFBC,BSFFBFFFBFC,BSFFBFFFBFFC
91,,,,SFFBFS,BFFFBFS,BCFFBFFS,BCBFFBFFS,BSFFFBFFFS,BSFFBFFFFBS,BSFFBFFFFBFS
92,,,,SFFBFC,BFFFBFC,BCFFBFFC,BCBFFBFFC,BSFFFBFFFC,BSFFBFFFFBC,BSFFBFFFFBFC
93,,,,SFFFBS,BFFFFBS,BCFFFBBS,BCBFFFBFS,BSFFFFBBFS,BSFFBFFFFFS,BSFFBFFFFFBS
94,,,,SFFFBC,BFFFFBC,BCFFFBBC,BCBFFFBFC,BSFFFFBBFC,BSFFBFFFFFC,BSFFBFFFFFBC
95,,,,SFFFFS,BFFFFFS,BCFFFBFS,BCBFFFFBS,BSFFFFBFBS,BSFFFBBFFFS,BSFFBFFFFFFS
96,,,,SFFFFC,BFFFFFC,BCFFFBFC,BCBFFFFBC,BSFFFFBFBC,BSFFFBBFFFC,BSFFBFFFFFFC
97,,,,CBBBFS,SBBBFFS,BCFFFFBS,BCBFFFFFS,BSFFFFBFFS,BSFFFBFBFFS,BSFFFBBFFFFS
98,,,,CBBBFC,SBBBFFC,BCFFFFBC,BCBFFFFFC,BSFFFFBFFC,BSFFFBFBFFC,BSFFFBBFFFFC
99,,,,CBBFBS,SBBFBFS,BCFFFFFS,BCFBBFFFS,BSFFFFFBBS,BSFFFBFFBFS,BSFFFBFBFFFS
100,,,,CBBFBC,SBBFBFC,BCFFFFFC,BCFBBFFFC,BSFFFFFBBC,BSFFFBFFBFC,BSFFFBFBFFFC
101,,,,CBBFFS,SBBFFBS,BFBBFFFS,BCFBFBFFS,BSFFFFFBFS,BSFFFBFFFBS,BSFFFBFFBFFS
102,,,,CBBFFC,SBBFFBC,BFBBFFFC,BCFBFBFFC,BSFFFFFBFC,BSFFFBFFFBC,BSFFFBFFBFFC
103,,,,CBFBBS,SBBFFFS,BFBFBFFS,BCFBFFBFS,BSFFFFFFBS,BSFFFBFFFFS,BSFFFBFFFBFS
104,,,,CBFBBC,SBBFFFC,BFBFBFFC,BCFBFFBFC,BSFFFFFFBC,BSFFFBFFFFC,BSFFFBFFFBFC
105,,,,CBFBFS,SBFBBFS,BFBFFBFS,BCFBFFFBS,BSFFFFFFFS,BSFFFFBBFFS,BSFFFBFFFFBS
106,,,,CBFBFC,SBFBBFC,BFBFFBFC,BCFBFFFBC,BSFFFFFFFC,BSFFFFBBFFC,BSFFFBFFFFBC
107,,,,CBFFBS,SBFBFBS,BFBFFFBS,BCFBFFFFS,BCBBFFFFFS,BSFFFFBFBFS,BSFFFBFFFFFS
108,,,,CBFFBC,SBFBFBC,BFBFFFBC,BCFBFFFFC,BCBBFFFFFC,BSFFFFBFBFC,BSFFFBFFFFFC
109,,,,CBFFFS,SBFBFFS,BFBFFFFS,BCFFBBFFS,BCBFBFFFFS,BSFFFFBFFBS,BSFFFFBBFFFS
110,,,,CBFFFC,SBFBFFC,BFBFFFFC,BCFFBBFFC,BCBFBFFFFC,BSFFFFBFFBC,BSFFFFBBFFFC
111,,,,CFBBBS,SBFFBBS,BFFBBFFS,BCFFBFBFS,BCBFFBFFFS,BSFFFFBFFFS,BSFFFFBFBFFS
112,,,,CFBBBC,SBFFBBC,BFFBBFFC,BCFFBFBFC,BCBFFBFFFC,BSFFFFBFFFC,BSFFFFBFBFFC
113,,,,CFBBFS,SBFFBFS,BFFBFBFS,BCFFBFFBS,BCBFFFBFFS,BSFFFFFBBFS,BSFFFFBFFBFS
114,,,,CFBBFC,SBFFBFC,BFFBFBFC,BCFFBFFBC,BCBFFFBFFC,BSFFFFFBBFC,BSFFFFBFFBFC
115,,,,CFBFBS,SBFFFBS,BFFBFFBS,BCFFBFFFS,BCBFFFFBFS,BSFFFFFBFBS,BSFFFFBFFFBS
116,,,,CFBFBC,SBFFFBC,BFFBFFBC,BCFFBFFFC,BCBFFFFBFC,BSFFFFFBFBC,BSFFFFBFFFBC
117,,,,CFBFFS,SBFFFFS,BFFBFFFS,BCFFFBBFS,BCBFFFFFBS,BSFFFFFBFFS,BSFFFFBFFFFS
118,,,,CFBFFC,SBFFFFC,BFFBFFFC,BCFFFBBFC,BCBFFFFFBC,BSFFFFFBFFC,BSFFFFBFFFFC
119,,,,CFFBBS,SFBBBFS,BFFFBBFS,BCFFFBFBS,BCBFFFFFFS,BSFFFFFFBBS,BSFFFFFBBFFS
120,,,,CFFBBC,SFBBBFC,BFFFBBFC,BCFFFBFBC,BCBFFFFFFC,BSFFFFFFBBC,BSFFFFFBBFFC
121,,,,CFFBFS,SFBBFBS,BFFFBFBS,BCFFFBFFS,BCFBBFFFFS,BSFFFFFFBFS,BSFFFFFBFBFS
122,,,,CFFBFC,SFBBFBC,BFFFBFBC,BCFFFBFFC,BCFBBFFFFC,BSFFFFFFBFC,BSFFFFFBFBFC
123,,,,CFFFBS,SFBBFFS,BFFFBFFS,BCFFFFBBS,BCFBFBFFFS,BSFFFFFFFBS,BSFFFFFBFFBS
124,,,,CFFFBC,SFBBFFC,BFFFBFFC,BCFFFFBBC,BCFBFBFFFC,BSFFFFFFFBC,BSFFFFFBFFBC
125,,,,CFFFFS,SFBFBBS,BFFFFBBS,BCFFFFBFS,BCFBFFBFFS,BCBBFFFFFFS,BSFFFFFBFFFS
126,,,,CFFFFC,SFBFBBC,BFFFFBBC,BCFFFFBFC,BCFBFFBFFC,BCBBFFFFFFC,BSFFFFFBFFFC
127,,,,FBBBFS,SFBFBFS,BFFFFBFS,BCFFFFFBS,BCFBFFFBFS,BCBFBFFFFFS,BSFFFFFFBBFS
128,,,,FBBBFC,SFBFBFC,BFFFFBFC,BCFFFFFBC,BCFBFFFBFC,BCBFBFFFFFC,BSFFFFFFBBFC
129,,,,FBBFBS,SFBFFBS,BFFFFFBS,BCFFFFFFS,BCFBFFFFBS,BCBFFBFFFFS,BSFFFFFFBFBS
130,,,,FBBFBC,SFBFFBC,BFFFFFBC,BCFFFFFFC,BCFBFFFFBC,BCBFFBFFFFC,BSFFFFFFBFBC
131,,,,FBBFFS,SFBFFFS,BFFFFFFS,BFBBFFFFS,BCFBFFFFFS,BCBFFFBFFFS,BSFFFFFFBFFS
132,,,,FBBFFC,SFBFFFC,BFFFFFFC,BFBBFFFFC,BCFBFFFFFC,BCBFFFBFFFC,BSFFFFFFBFFC
133,,,,FBFBBS,SFFBBBS,SBBBFFFS,BFBFBFFFS,BCFFBBFFFS,BCBFFFFBFFS,BSFFFFFFFBBS
134,,,,FBFBBC,SFFBBBC,SBBBFFFC,BFBFBFFFC,BCFFBBFFFC,BCBFFFFBFFC,BSFFFFFFFBBC
135,,,,FBFBFS,SFFBBFS,SBBFBFFS,BFBFFBFFS,BCFFBFBFFS,BCBFFFFFBFS,BSFFFFFFFBFS
136,,,,FBFBFC,SFFBBFC,SBBFBFFC,BFBFFBFFC,BCFFBFBFFC,BCBFFFFFBFC,BSFFFFFFFBFC
137,,,,FBFFBS,SFFBFBS,SBBFFBFS,BFBFFFBFS,BCFFBFFBFS,BCBFFFFFFBS,BCBBFFFFFFFS
138,,,,FBFFBC,SFFBFBC,SBBFFBFC,BFBFFFBFC,BCFFBFFBFC,BCBFFFFFFBC,BCBBFFFFFFFC
139,,,,FBFFFS,SFFBFFS,SBBFFFBS,BFBFFFFBS,BCFFBFFFBS,BCBFFFFFFFS,BCBFBFFFFFFS
140,,,,FBFFFC,SFFBFFC,SBBFFFBC,BFBFFFFBC,BCFFBFFFBC,BCBFFFFFFFC,BCBFBFFFFFFC
141,,,,FFBBBS,SFFFBBS,SBBFFFFS,BFBFFFFFS,BCFFBFFFFS,BCFBBFFFFFS,BCBFFBFFFFFS
142,,,,FFBBBC,SFFFBBC,SBBFFFFC,BFBFFFFFC,BCFFBFFFFC,BCFBBFFFFFC,BCBFFBFFFFFC
143,,,,FFBBFS,SFFFBFS,SBFBBFFS,BFFBBFFFS,BCFFFBBFFS,BCFBFBFFFFS,BCBFFFBFFFFS
144,,,,FFBBFC,SFFFBFC,SBFBBFFC,BFFBBFFFC,BCFFFBBFFC,BCFBFBFFFFC,BCBFFFBFFFFC
145,,,,FFBFBS,SFFFFBS,SBFBFBFS,BFFBFBFFS,BCFFFBFBFS,BCFBFFBFFFS,BCBFFFFBFFFS
146,,,,FFBFBC,SFFFFBC,SBFBFBFC,BFFBFBFFC,BCFFFBFBFC,BCFBFFBFFFC,BCBFFFFBFFFC
147,,,,FFBFFS,SFFFFFS,SBFBFFBS,BFFBFFBFS,BCFFFBFFBS,BCFBFFFBFFS,BCBFFFFFBFFS
148,,,,FFBFFC,SFFFFFC,SBFBFFBC,BFFBFFBFC,BCFFFBFFBC,BCFBFFFBFFC,BCBFFFFFBFFC
149,,,,FFFBBS,CBBBFFS,SBFBFFFS,BFFBFFFBS,BCFFFBFFFS,BCFBFFFFBFS,BCBFFFFFFBFS
150,,,,FFFBBC,CBBBFFC,SBFBFFFC,BFFBFFFBC,BCFFFBFFFC,BCFBFFFFBFC,BCBFFFFFFBFC
151,,,,FFFBFS,CBBFBFS,SBFFBBFS,BFFBFFFFS,BCFFFFBBFS,BCFBFFFFFBS,BCBFFFFFFFBS
152,,,,FFFBFC,CBBFBFC,SBFFBBFC,BFFBFFFFC,BCFFFFBBFC,BCFBFFFFFBC,BCBFFFFFFFBC
153,,,,FFFFBS,CBBFFBS,SBFFBFBS,BFFFBBFFS,BCFFFFBFBS,BCFBFFFFFFS,BCFBBFFFFFFS
154,,,,FFFFBC,CBBFFBC,SBFFBFBC,BFFFBBFFC,BCFFFFBFBC,BCFBFFFFFFC,BCFBBFFFFFFC
155,,,,FFFFFS,CBBFFFS,SBFFBFFS,BFFFBFBFS,BCFFFFBFFS,BCFFBBFFFFS,BCFBFBFFFFFS
156,,,,FFFFFC,CBBFFFC,SBFFBFFC,BFFFBFBFC,BCFFFFBFFC,BCFFBBFFFFC,BCFBFBFFFFFC
157,,,,,CBFBBFS,SBFFFBBS,BFFFBFFBS,BCFFFFFBBS,BCFFBFBFFFS,BCFBFFBFFFFS
158,,,,,CBFBBFC,SBFFFBBC,BFFFBFFBC,BCFFFFFBBC,BCFFBFBFFFC,BCFBFFBFFFFC
159,,,,,CBFBFBS,SBFFFBFS,BFFFBFFFS,BCFFFFFBFS,BCFFBFFBFFS,BCFBFFFBFFFS
160,,,,,CBFBFBC,SBFFFBFC,BFFFBFFFC,BCFFFFFBFC,BCFFBFFBFFC,BCFBFFFBFFFC
161,,,,,CBFBFFS,SBFFFFBS,BFFFFBBFS,BCFFFFFFBS,BCFFBFFFBFS,BCFBFFFFBFFS
162,,,,,CBFBFFC,SBFFFFBC,BFFFFBBFC,BCFFFFFFBC,BCFFBFFFBFC,BCFBFFFFBFFC
163,,,,,CBFFBBS,SBFFFFFS,BFFFFBFBS,BCFFFFFFFS,BCFFBFFFFBS,BCFBFFFFFBFS
164,,,,,CBFFBBC,SBFFFFFC,BFFFFBFBC,BCFFFFFFFC,BCFFBFFFFBC,BCFBFFFFFBFC
165,,,,,CBFFBFS,SFBBBFFS,BFFFFBFFS,BFBBFFFFFS,BCFFBFFFFFS,BCFBFFFFFFBS
166,,,,,CBFFBFC,SFBBBFFC,BFFFFBFFC,BFBBFFFFFC,BCFFBFFFFFC,BCFBFFFFFFBC
167,,,,,CBFFFBS,SFBBFBFS,BFFFFFBBS,BFBFBFFFFS,BCFFFBBFFFS,BCFBFFFFFFFS
168,,,,,CBFFFBC,SFBBFBFC,BFFFFFBBC,BFBFBFFFFC,BCFFFBBFFFC,BCFBFFFFFFFC
169,,,,,CBFFFFS,SFBBFFBS,BFFFFFBFS,BFBFFBFFFS,BCFFFBFBFFS,BCFFBBFFFFFS
170,,,,,CBFFFFC,SFBBFFBC,BFFFFFBFC,BFBFFBFFFC,BCFFFBFBFFC,BCFFBBFFFFFC
171,,,,,CFBBBFS,SFBBFFFS,BFFFFFFBS,BFBFFFBFFS,BCFFFBFFBFS,BCFFBFBFFFFS
172,,,,,CFBBBFC,SFBBFFFC,BFFFFFFBC,BFBFFFBFFC,BCFFFBFFBFC,BCFFBFBFFFFC
173,,,,,CFBBFBS,SFBFBBFS,BFFFFFFFS,BFBFFFFBFS,BCFFFBFFFBS,BCFFBFFBFFFS
174,,,,,CFBBFBC,SFBFBBFC,BFFFFFFFC,BFBFFFFBFC,BCFFFBFFFBC,BCFFBFFBFFFC
175,,,,,CFBBFFS,SFBFBFBS,SBBBFFFFS,BFBFFFFFBS,BCFFFBFFFFS,BCFFBFFFBFFS
176,,,,,CFBBFFC,SFBFBFBC,SBBBFFFFC,BFBFFFFFBC,BCFFFBFFFFC,BCFFBFFFBFFC
177,,,,,CFBFBBS,SFBFBFFS,SBBFBFFFS,BFBFFFFFFS,BCFFFFBBFFS,BCFFBFFFFBFS
178,,,,,CFBFBBC,SFBFBFFC,SBBFBFFFC,BFBFFFFFFC,BCFFFFBBFFC,BCFFBFFFFBFC
179,,,,,CFBFBFS,SFBFFBBS,SBBFFBFFS,BFFBBFFFFS,BCFFFFBFBFS,BCFFBFFFFFBS
180,,,,,CFBFBFC,SFBFFBBC,SBBFFBFFC,BFFBBFFFFC,BCFFFFBFBFC,BCFFBFFFFFBC
181,,,,,CFBFFBS,SFBFFBFS,SBBFFFBFS,BFFBFBFFFS,BCFFFFBFFBS,BCFFBFFFFFFS
182,,,,,CFBFFBC,SFBFFBFC,SBBFFFBFC,BFFBFBFFFC,BCFFFFBFFBC,BCFFBFFFFFFC
183,,,,,CFBFFFS,SFBFFFBS,SBBFFFFBS,BFFBFFBFFS,BCFFFFBFFFS,BCFFFBBFFFFS
184,,,,,CFBFFFC,SFBFFFBC,SBBFFFFBC,BFFBFFBFFC,BCFFFFBFFFC,BCFFFBBFFFFC
185,,,,,CFFBBBS,SFBFFFFS,SBBFFFFFS,BFFBFFFBFS,BCFFFFFBBFS,BCFFFBFBFFFS
186,,,,,CFFBBBC,SFBFFFFC,SBBFFFFFC,BFFBFFFBFC,BCFFFFFBBFC,BCFFFBFBFFFC
187,,,,,CFFBBFS,SFFBBBFS,SBFBBFFFS,BFFBFFFFBS,BCFFFFFBFBS,BCFFFBFFBFFS
188,,,,,CFFBBFC,SFFBBBFC,SBFBBFFFC,BFFBFFFFBC,BCFFFFFBFBC,BCFFFBFFBFFC
189,,,,,CFFBFBS,SFFBBFBS,SBFBFBFFS,BFFBFFFFFS,BCFFFFFBFFS,BCFFFBFFFBFS
190,,,,,CFFBFBC,SFFBBFBC,SBFBFBFFC,BFFBFFFFFC,BCFFFFFBFFC,BCFFFBFFFBFC
191,,,,,CFFBFFS,SFFBBFFS,SBFBFFBFS,BFFFBBFFFS,BCFFFFFFBBS,BCFFFBFFFFBS
192,,,,,CFFBFFC,SFFBBFFC,SBFBFFBFC,BFFFBBFFFC,BCFFFFFFBBC,BCFFFBFFFFBC
193,,,,,CFFFBBS,SFFBFBBS,SBFBFFFBS,BFFFBFBFFS,BCFFFFFFBFS,BCFFFBFFFFFS
194,,,,,CFFFBBC,SFFBFBBC,SBFBFFFBC,BFFFBFBFFC,BCFFFFFFBFC,BCFFFBFFFFFC
195,,,,,CFFFBFS,SFFBFBFS,SBFBFFFFS,BFFFBFFBFS,BCFFFFFFFBS,BCFFFFBBFFFS
196,,,,,CFFFBFC,SFFBFBFC,SBFBFFFFC,BFFFBFFBFC,BCFFFFFFFBC,BCFFFFBBFFFC
197,,,,,CFFFFBS,SFFBFFBS,SBFFBBFFS,BFFFBFFFBS,BFBBFFFFFFS,BCFFFFBFBFFS
198,,,,,CFFFFBC,SFFBFFBC,SBFFBBFFC,BFFFBFFFBC,BFBBFFFFFFC,BCFFFFBFBFFC
199,,,,,CFFFFFS,SFFBFFFS,SBFFBFBFS,BFFFBFFFFS,BFBFBFFFFFS,BCFFFFBFFBFS
200,,,,,CFFFFFC,SFFBFFFC,SBFFBFBFC,BFFFBFFFFC,BFBFBFFFFFC,BCFFFFBFFBFC
201,,,,,FBBBFFS,SFFFBBBS,SBFFBFFBS,BFFFFBBFFS,BFBFFBFFFFS,BCFFFFBFFFBS
202,,,,,FBBBFFC,SFFFBBBC,SBFFBFFBC,BFFFFBBFFC,BFBFFBFFFFC,BCFFFFBFFFBC
203,,,,,FBBFBFS,SFFFBBFS,SBFFBFFFS,BFFFFBFBFS,BFBFFFBFFFS,BCFFFFBFFFFS
204,,,,,FBBFBFC,SFFFBBFC,SBFFBFFFC,BFFFFBFBFC,BFBFFFBFFFC,BCFFFFBFFFFC
205,,,,,FBBFFBS,SFFFBFBS,SBFFFBBFS,BFFFFBFFBS,BFBFFFFBFFS,BCFFFFFBBFFS
206,,,,,FBBFFBC,SFFFBFBC,SBFFFBBFC,BFFFFBFFBC,BFBFFFFBFFC,BCFFFFFBBFFC
207,,,,,FBBFFFS,SFFFBFFS,SBFFFBFBS,BFFFFBFFFS,BFBFFFFFBFS,BCFFFFFBFBFS
208,,,,,FBBFFFC,SFFFBFFC,SBFFFBFBC,BFFFFBFFFC,BFBFFFFFBFC,BCFFFFFBFBFC
209,,,,,FBFBBFS,SFFFFBBS,SBFFFBFFS,BFFFFFBBFS,BFBFFFFFFBS,BCFFFFFBFFBS
210,,,,,FBFBBFC,SFFFFBBC,SBFFFBFFC,BFFFFFBBFC,BFBFFFFFFBC,BCFFFFFBFFBC
211,,,,,FBFBFBS,SFFFFBFS,SBFFFFBBS,BFFFFFBFBS,BFBFFFFFFFS,BCFFFFFBFFFS
212,,,,,FBFBFBC,SFFFFBFC,SBFFFFBBC,BFFFFFBFBC,BFBFFFFFFFC,BCFFFFFBFFFC
213,,,,,FBFBFFS,SFFFFFBS,SBFFFFBFS,BFFFFFBFFS,BFFBBFFFFFS,BCFFFFFFBBFS
214,,,,,FBFBFFC,SFFFFFBC,SBFFFFBFC,BFFFFFBFFC,BFFBBFFFFFC,BCFFFFFFBBFC
215,,,,,FBFFBBS,SFFFFFFS,SBFFFFFBS,BFFFFFFBBS,BFFBFBFFFFS,BCFFFFFFBFBS
216,,,,,FBFFBBC,SFFFFFFC,SBFFFFFBC,BFFFFFFBBC,BFFBFBFFFFC,BCFFFFFFBFBC
217,,,,,FBFFBFS,CBBBFFFS,SBFFFFFFS,BFFFFFFBFS,BFFBFFBFFFS,BCFFFFFFBFFS
218,,,,,FBFFBFC,CBBBFFFC,SBFFFFFFC,BFFFFFFBFC,BFFBFFBFFFC,BCFFFFFFBFFC
219,,,,,FBFFFBS,CBBFBFFS,SFBBBFFFS,BFFFFFFFBS,BFFBFFFBFFS,BCFFFFFFFBBS
220,,,,,FBFFFBC,CBBFBFFC,SFBBBFFFC,BFFFFFFFBC,BFFBFFFBFFC,BCFFFFFFFBBC
221,,,,,FBFFFFS,CBBFFBFS,SFBBFBFFS,SBBBFFFFFS,BFFBFFFFBFS,BCFFFFFFFBFS
222,,,,,FBFFFFC,CBBFFBFC,SFBBFBFFC,SBBBFFFFFC,BFFBFFFFBFC,BCFFFFFFFBFC
223,,,,,FFBBBFS,CBBFFFBS,SFBBFFBFS,SBBFBFFFFS,BFFBFFFFFBS,BFBBFFFFFFFS
224,,,,,FFBBBFC,CBBFFFBC,SFBBFFBFC,SBBFBFFFFC,BFFBFFFFFBC,BFBBFFFFFFFC
225,,,,,FFBBFBS,CBBFFFFS,SFBBFFFBS,SBBFFBFFFS,BFFBFFFFFFS,BFBFBFFFFFFS
226,,,,,FFBBFBC,CBBFFFFC,SFBBFFFBC,SBBFFBFFFC,BFFBFFFFFFC,BFBFBFFFFFFC
227,,,,,FFBBFFS,CBFBBFFS,SFBBFFFFS,SBBFFFBFFS,BFFFBBFFFFS,BFBFFBFFFFFS
228,,,,,FFBBFFC,CBFBBFFC,SFBBFFFFC,SBBFFFBFFC,BFFFBBFFFFC,BFBFFBFFFFFC
229,,,,,FFBFBBS,CBFBFBFS,SFBFBBFFS,SBBFFFFBFS,BFFFBFBFFFS,BFBFFFBFFFFS
230,,,,,FFBFBBC,CBFBFBFC,SFBFBBFFC,SBBFFFFBFC,BFFFBFBFFFC,BFBFFFBFFFFC
231,,,,,FFBFBFS,CBFBFFBS,SFBFBFBFS,SBBFFFFFBS,BFFFBFFBFFS,BFBFFFFBFFFS
232,,,,,FFBFBFC,CBFBFFBC,SFBFBFBFC,SBBFFFFFBC,BFFFBFFBFFC,BFBFFFFBFFFC
233,,,,,FFBFFBS,CBFBFFFS,SFBFBFFBS,SBBFFFFFFS,BFFFBFFFBFS,BFBFFFFFBFFS
234,,,,,FFBFFBC,CBFBFFFC,SFBFBFFBC,SBBFFFFFFC,BFFFBFFFBFC,BFBFFFFFBFFC
235,,,,,FFBFFFS,CBFFBBFS,SFBFBFFFS,SBFBBFFFFS,BFFFBFFFFBS,BFBFFFFFFBFS
236,,,,,FFBFFFC,CBFFBBFC,SFBFBFFFC,SBFBBFFFFC,BFFFBFFFFBC,BFBFFFFFFBFC
237,,,,,FFFBBBS,CBFFBFBS,SFBFFBBFS,SBFBFBFFFS,BFFFBFFFFFS,BFBFFFFFFFBS
238,,,,,FFFBBBC,CBFFBFBC,SFBFFBBFC,SBFBFBFFFC,BFFFBFFFFFC,BFBFFFFFFFBC
239,,,,,FFFBBFS,CBFFBFFS,SFBFFBFBS,SBFBFFBFFS,BFFFFBBFFFS,BFFBBFFFFFFS
240,,,,,FFFBBFC,CBFFBFFC,SFBFFBFBC,SBFBFFBFFC,BFFFFBBFFFC,BFFBBFFFFFFC
241,,,,,FFFBFBS,CBFFFBBS,SFBFFBFFS,SBFBFFFBFS,BFFFFBFBFFS,BFFBFBFFFFFS
242,,,,,FFFBFBC,CBFFFBBC,SFBFFBFFC,SBFBFFFBFC,BFFFFBFBFFC,BFFBFBFFFFFC
243,,,,,FFFBFFS,CBFFFBFS,SFBFFFBBS,SBFBFFFFBS,BFFFFBFFBFS,BFFBFFBFFFFS
244,,,,,FFFBFFC,CBFFFBFC,SFBFFFBBC,SBFBFFFFBC,BFFFFBFFBFC,BFFBFFBFFFFC
245,,,,,FFFFBBS,CBFFFFBS,SFBFFFBFS,SBFBFFFFFS,BFFFFBFFFBS,BFFBFFFBFFFS
246,,,,,FFFFBBC,CBFFFFBC,SFBFFFBFC,SBFBFFFFFC,BFFFFBFFFBC,BFFBFFFBFFFC
247,,,,,FFFFBFS,CBFFFFFS,SFBFFFFBS,SBFFBBFFFS,BFFFFBFFFFS,BFFBFFFFBFFS
248,,,,,FFFFBFC,CBFFFFFC,SFBFFFFBC,SBFFBBFFFC,BFFFFBFFFFC,BFFBFFFFBFFC
249,,,,,FFFFFBS,CFBBBFFS,SFBFFFFFS,SBFFBFBFFS,BFFFFFBBFFS,BFFBFFFFFBFS
250,,,,,FFFFFBC,CFBBBFFC,SFBFFFFFC,SBFFBFBFFC,BFFFFFBBFFC,BFFBFFFFFBFC
251,,,,,FFFFFFS,CFBBFBFS,SFFBBBFFS,SBFFBFFBFS,BFFFFFBFBFS,BFFBFFFFFFBS
252,,,,,FFFFFFC,CFBBFBFC,SFFBBBFFC,SBFFBFFBFC,BFFFFFBFBFC,BFFBFFFFFFBC
253,,,,,,CFBBFFBS,SFFBBFBFS,SBFFBFFFBS,BFFFFFBFFBS,BFFBFFFFFFFS
254,,,,,,CFBBFFBC,SFFBBFBFC,SBFFBFFFBC,BFFFFFBFFBC,BFFBFFFFFFFC
255,,,,,,CFBBFFFS,SFFBBFFBS,SBFFBFFFFS,BFFFFFBFFFS,BFFFBBFFFFFS
256,,,,,,CFBBFFFC,SFFBBFFBC,SBFFBFFFFC,BFFFFFBFFFC,BFFFBBFFFFFC
257,,,,,,CFBFBBFS,SFFBBFFFS,SBFFFBBFFS,BFFFFFFBBFS,BFFFBFBFFFFS
258,,,,,,CFBFBBFC,SFFBBFFFC,SBFFFBBFFC,BFFFFFFBBFC,BFFFBFBFFFFC
259,,,,,,CFBFBFBS,SFFBFBBFS,SBFFFBFBFS,BFFFFFFBFBS,BFFFBFFBFFFS
260,,,,,,CFBFBFBC,SFFBFBBFC,SBFFFBFBFC,BFFFFFFBFBC,BFFFBFFBFFFC
261,,,,,,CFBFBFFS,SFFBFBFBS,SBFFFBFFBS,BFFFFFFBFFS,BFFFBFFFBFFS
262,,,,,,CFBFBFFC,SFFBFBFBC,SBFFFBFFBC,BFFFFFFBFFC,BFFFBFFFBFFC
263,,,,,,CFBFFBBS,SFFBFBFFS,SBFFFBFFFS,BFFFFFFFBBS,BFFFBFFFFBFS
264,,,,,,CFBFFBBC,SFFBFBFFC,SBFFFBFFFC,BFFFFFFFBBC,BFFFBFFFFBFC
265,,,,,,CFBFFBFS,SFFBFFBBS,SBFFFFBBFS,BFFFFFFFBFS,BFFFBFFFFFBS
266,,,,,,CFBFFBFC,SFFBFFBBC,SBFFFFBBFC,BFFFFFFFBFC,BFFFBFFFFFBC
267,,,,,,CFBFFFBS,SFFBFFBFS,SBFFFFBFBS,SBBBFFFFFFS,BFFFBFFFFFFS
268,,,,,,CFBFFFBC,SFFBFFBFC,SBFFFFBFBC,SBBBFFFFFFC,BFFFBFFFFFFC
269,,,,,,CFBFFFFS,SFFBFFFBS,SBFFFFBFFS,SBBFBFFFFFS,BFFFFBBFFFFS
270,,,,,,CFBFFFFC,SFFBFFFBC,SBFFFFBFFC,SBBFBFFFFFC,BFFFFBBFFFFC
271,,,,,,CFFBBBFS,SFFBFFFFS,SBFFFFFBBS,SBBFFBFFFFS,BFFFFBFBFFFS
272,,,,,,CFFBBBFC,SFFBFFFFC,SBFFFFFBBC,SBBFFBFFFFC,BFFFFBFBFFFC
273,,,,,,CFFBBFBS,SFFFBBBFS,SBFFFFFBFS,SBBFFFBFFFS,BFFFFBFFBFFS
274,,,,,,CFFBBFBC,SFFFBBBFC,SBFFFFFBFC,SBBFFFBFFFC,BFFFFBFFBFFC
275,,,,,,CFFBBFFS,SFFFBBFBS,SBFFFFFFBS,SBBFFFFBFFS,BFFFFBFFFBFS
276,,,,,,CFFBBFFC,SFFFBBFBC,SBFFFFFFBC,SBBFFFFBFFC,BFFFFBFFFBFC
277,,,,,,CFFBFBBS,SFFFBBFFS,SBFFFFFFFS,SBBFFFFFBFS,BFFFFBFFFFBS
278,,,,,,CFFBFBBC,SFFFBBFFC,SBFFFFFFFC,SBBFFFFFBFC,BFFFFBFFFFBC
279,,,,,,CFFBFBFS,SFFFBFBBS,SFBBBFFFFS,SBBFFFFFFBS,BFFFFBFFFFFS
280,,,,,,CFFBFBFC,SFFFBFBBC,SFBBBFFFFC,SBBFFFFFFBC,BFFFFBFFFFFC
281,,,,,,CFFBFFBS,SFFFBFBFS,SFBBFBFFFS,SBBFFFFFFFS,BFFFFFBBFFFS
282,,,,,,CFFBFFBC,SFFFBFBFC,SFBBFBFFFC,SBBFFFFFFFC,BFFFFFBBFFFC
283,,,,,,CFFBFFFS,SFFFBFFBS,SFBBFFBFFS,SBFBBFFFFFS,BFFFFFBFBFFS
284,,,,,,CFFBFFFC,SFFFBFFBC,SFBBFFBFFC,SBFBBFFFFFC,BFFFFFBFBFFC
285,,,,,,CFFFBBBS,SFFFBFFFS,SFBBFFFBFS,SBFBFBFFFFS,BFFFFFBFFBFS
286,,,,,,CFFFBBBC,SFFFBFFFC,SFBBFFFBFC,SBFBFBFFFFC,BFFFFFBFFBFC
287,,,,,,CFFFBBFS,SFFFFBBBS,SFBBFFFFBS,SBFBFFBFFFS,BFFFFFBFFFBS
288,,,,,,CFFFBBFC,SFFFFBBBC,SFBBFFFFBC,SBFBFFBFFFC,BFFFFFBFFFBC
289,,,,,,CFFFBFBS,SFFFFBBFS,SFBBFFFFFS,SBFBFFFBFFS,BFFFFFBFFFFS
290,,,,,,CFFFBFBC,SFFFFBBFC,SFBBFFFFFC,SBFBFFFBFFC,BFFFFFBFFFFC
291,,,,,,CFFFBFFS,SFFFFBFBS,SFBFBBFFFS,SBFBFFFFBFS,BFFFFFFBBFFS
292,,,,,,CFFFBFFC,SFFFFBFBC,SFBFBBFFFC,SBFBFFFFBFC,BFFFFFFBBFFC
293,,,,,,CFFFFBBS,SFFFFBFFS,SFBFBFBFFS,SBFBFFFFFBS,BFFFFFFBFBFS
294,,,,,,CFFFFBBC,SFFFFBFFC,SFBFBFBFFC,SBFBFFFFFBC,BFFFFFFBFBFC
295,,,,,,CFFFFBFS,SFFFFFBBS,SFBFBFFBFS,SBFBFFFFFFS,BFFFFFFBFFBS
296,,,,,,CFFFFBFC,SFFFFFBBC,SFBFBFFBFC,SBFBFFFFFFC,BFFFFFFBFFBC
297,,,,,,CFFFFFBS,SFFFFFBFS,SFBFBFFFBS,SBFFBBFFFFS,BFFFFFFBFFFS
298,,,,,,CFFFFFBC,SFFFFFBFC,SFBFBFFFBC,SBFFBBFFFFC,BFFFFFFBFFFC
299,,,,,,CFFFFFFS,SFFFFFFBS,SFBFBFFFFS,SBFFBFBFFFS,BFFFFFFFBBFS
300,,,,,,CFFFFFFC,SFFFFFFBC,SFBFBFFFFC,SBFFBFBFFFC,BFFFFFFFBBFC
301,,,,,,FBBBFFFS,SFFFFFFFS,SFBFFBBFFS,SBFFBFFBFFS,BFFFFFFFBFBS
302,,,,,,FBBBFFFC,SFFFFFFFC,SFBFFBBFFC,SBFFBFFBFFC,BFFFFFFFBFBC
303,,,,,,FBBFBFFS,CBBBFFFFS,SFBFFBFBFS,SBFFBFFFBFS,BFFFFFFFBFFS
304,,,,,,FBBFBFFC,CBBBFFFFC,SFBFFBFBFC,SBFFBFFFBFC,BFFFFFFFBFFC
305,,,,,,FBBFFBFS,CBBFBFFFS,SFBFFBFFBS,SBFFBFFFFBS,SBBBFFFFFFFS
306,,,,,,FBBFFBFC,CBBFBFFFC,SFBFFBFFBC,SBFFBFFFFBC,SBBBFFFFFFFC
307,,,,,,FBBFFFBS,CBBFFBFFS,SFBFFBFFFS,SBFFBFFFFFS,SBBFBFFFFFFS
308,,,,,,FBBFFFBC,CBBFFBFFC,SFBFFBFFFC,SBFFBFFFFFC,SBBFBFFFFFFC
309,,,,,,FBBFFFFS,CBBFFFBFS,SFBFFFBBFS,SBFFFBBFFFS,SBBFFBFFFFFS
310,,,,,,FBBFFFFC,CBBFFFBFC,SFBFFFBBFC,SBFFFBBFFFC,SBBFFBFFFFFC
311,,,,,,FBFBBFFS,CBBFFFFBS,SFBFFFBFBS,SBFFFBFBFFS,SBBFFFBFFFFS
312,,,,,,FBFBBFFC,CBBFFFFBC,SFBFFFBFBC,SBFFFBFBFFC,SBBFFFBFFFFC
313,,,,,,FBFBFBFS,CBBFFFFFS,SFBFFFBFFS,SBFFFBFFBFS,SBBFFFFBFFFS
314,,,,,,FBFBFBFC,CBBFFFFFC,SFBFFFBFFC,SBFFFBFFBFC,SBBFFFFBFFFC
315,,,,,,FBFBFFBS,CBFBBFFFS,SFBFFFFBBS,SBFFFBFFFBS,SBBFFFFFBFFS
316,,,,,,FBFBFFBC,CBFBBFFFC,SFBFFFFBBC,SBFFFBFFFBC,SBBFFFFFBFFC
317,,,,,,FBFBFFFS,CBFBFBFFS,SFBFFFFBFS,SBFFFBFFFFS,SBBFFFFFFBFS
318,,,,,,FBFBFFFC,CBFBFBFFC,SFBFFFFBFC,SBFFFBFFFFC,SBBFFFFFFBFC
319,,,,,,FBFFBBFS,CBFBFFBFS,SFBFFFFFBS,SBFFFFBBFFS,SBBFFFFFFFBS
320,,,,,,FBFFBBFC,CBFBFFBFC,SFBFFFFFBC,SBFFFFBBFFC,SBBFFFFFFFBC
321,,,,,,FBFFBFBS,CBFBFFFBS,SFBFFFFFFS,SBFFFFBFBFS,SBFBBFFFFFFS
322,,,,,,FBFFBFBC,CBFBFFFBC,SFBFFFFFFC,SBFFFFBFBFC,SBFBBFFFFFFC
323,,,,,,FBFFBFFS,CBFBFFFFS,SFFBBBFFFS,SBFFFFBFFBS,SBFBFBFFFFFS
324,,,,,,FBFFBFFC,CBFBFFFFC,SFFBBBFFFC,SBFFFFBFFBC,SBFBFBFFFFFC
325,,,,,,FBFFFBBS,CBFFBBFFS,SFFBBFBFFS,SBFFFFBFFFS,SBFBFFBFFFFS
326,,,,,,FBFFFBBC,CBFFBBFFC,SFFBBFBFFC,SBFFFFBFFFC,SBFBFFBFFFFC
327,,,,,,FBFFFBFS,CBFFBFBFS,SFFBBFFBFS,SBFFFFFBBFS,SBFBFFFBFFFS
328,,,,,,FBFFFBFC,CBFFBFBFC,SFFBBFFBFC,SBFFFFFBBFC,SBFBFFFBFFFC
329,,,,,,FBFFFFBS,CBFFBFFBS,SFFBBFFFBS,SBFFFFFBFBS,SBFBFFFFBFFS
330,,,,,,FBFFFFBC,CBFFBFFBC,SFFBBFFFBC,SBFFFFFBFBC,SBFBFFFFBFFC
331,,,,,,FBFFFFFS,CBFFBFFFS,SFFBBFFFFS,SBFFFFFBFFS,SBFBFFFFFBFS
332,,,,,,FBFFFFFC,CBFFBFFFC,SFFBBFFFFC,SBFFFFFBFFC,SBFBFFFFFBFC
333,,,,,,FFBBBFFS,CBFFFBBFS,SFFBFBBFFS,SBFFFFFFBBS,SBFBFFFFFFBS
334,,,,,,FFBBBFFC,CBFFFBBFC,SFFBFBBFFC,SBFFFFFFBBC,SBFBFFFFFFBC
335,,,,,,FFBBFBFS,CBFFFBFBS,SFFBFBFBFS,SBFFFFFFBFS,SBFBFFFFFFFS
336,,,,,,FFBBFBFC,CBFFFBFBC,SFFBFBFBFC,SBFFFFFFBFC,SBFBFFFFFFFC
337,,,,,,FFBBFFBS,CBFFFBFFS,SFFBFBFFBS,SBFFFFFFFBS,SBFFBBFFFFFS
338,,,,,,FFBBFFBC,CBFFFBFFC,SFFBFBFFBC,SBFFFFFFFBC,SBFFBBFFFFFC
339,,,,,,FFBBFFFS,CBFFFFBBS,SFFBFBFFFS,SFBBBFFFFFS,SBFFBFBFFFFS
340,,,,,,FFBBFFFC,CBFFFFBBC,SFFBFBFFFC,SFBBBFFFFFC,SBFFBFBFFFFC
341,,,,,,FFBFBBFS,CBFFFFBFS,SFFBFFBBFS,SFBBFBFFFFS,SBFFBFFBFFFS
342,,,,,,FFBFBBFC,CBFFFFBFC,SFFBFFBBFC,SFBBFBFFFFC,SBFFBFFBFFFC
343,,,,,,FFBFBFBS,CBFFFFFBS,SFFBFFBFBS,SFBBFFBFFFS,SBFFBFFFBFFS
344,,,,,,FFBFBFBC,CBFFFFFBC,SFFBFFBFBC,SFBBFFBFFFC,SBFFBFFFBFFC
345,,,,,,FFBFBFFS,CBFFFFFFS,SFFBFFBFFS,SFBBFFFBFFS,SBFFBFFFFBFS
346,,,,,,FFBFBFFC,CBFFFFFFC,SFFBFFBFFC,SFBBFFFBFFC,SBFFBFFFFBFC
347,,,,,,FFBFFBBS,CFBBBFFFS,SFFBFFFBBS,SFBBFFFFBFS,SBFFBFFFFFBS
348,,,,,,FFBFFBBC,CFBBBFFFC,SFFBFFFBBC,SFBBFFFFBFC,SBFFBFFFFFBC
349,,,,,,FFBFFBFS,CFBBFBFFS,SFFBFFFBFS,SFBBFFFFFBS,SBFFBFFFFFFS
350,,,,,,FFBFFBFC,CFBBFBFFC,SFFBFFFBFC,SFBBFFFFFBC,SBFFBFFFFFFC
351,,,,,,FFBFFFBS,CFBBFFBFS,SFFBFFFFBS,SFBBFFFFFFS,SBFFFBBFFFFS
352,,,,,,FFBFFFBC,CFBBFFBFC,SFFBFFFFBC,SFBBFFFFFFC,SBFFFBBFFFFC
353,,,,,,FFBFFFFS,CFBBFFFBS,SFFBFFFFFS,SFBFBBFFFFS,SBFFFBFBFFFS
354,,,,,,FFBFFFFC,CFBBFFFBC,SFFBFFFFFC,SFBFBBFFFFC,SBFFFBFBFFFC
355,,,,,,FFFBBBFS,CFBBFFFFS,SFFFBBBFFS,SFBFBFBFFFS,SBFFFBFFBFFS
356,,,,,,FFFBBBFC,CFBBFFFFC,SFFFBBBFFC,SFBFBFBFFFC,SBFFFBFFBFFC
357,,,,,,FFFBBFBS,CFBFBBFFS,SFFFBBFBFS,SFBFBFFBFFS,SBFFFBFFFBFS
358,,,,,,FFFBBFBC,CFBFBBFFC,SFFFBBFBFC,SFBFBFFBFFC,SBFFFBFFFBFC
359,,,,,,FFFBBFFS,CFBFBFBFS,SFFFBBFFBS,SFBFBFFFBFS,SBFFFBFFFFBS
360,,,,,,FFFBBFFC,CFBFBFBFC,SFFFBBFFBC,SFBFBFFFBFC,SBFFFBFFFFBC
361,,,,,,FFFBFBBS,CFBFBFFBS,SFFFBBFFFS,SFBFBFFFFBS,SBFFFBFFFFFS
362,,,,,,FFFBFBBC,CFBFBFFBC,SFFFBBFFFC,SFBFBFFFFBC,SBFFFBFFFFFC
363,,,,,,FFFBFBFS,CFBFBFFFS,SFFFBFBBFS,SFBFBFFFFFS,SBFFFFBBFFFS
364,,,,,,FFFBFBFC,CFBFBFFFC,SFFFBFBBFC,SFBFBFFFFFC,SBFFFFBBFFFC
365,,,,,,FFFBFFBS,CFBFFBBFS,SFFFBFBFBS,SFBFFBBFFFS,SBFFFFBFBFFS
366,,,,,,FFFBFFBC,CFBFFBBFC,SFFFBFBFBC,SFBFFBBFFFC,SBFFFFBFBFFC
367,,,,,,FFFBFFFS,CFBFFBFBS,SFFFBFBFFS,SFBFFBFBFFS,SBFFFFBFFBFS
368,,,,,,FFFBFFFC,CFBFFBFBC,SFFFBFBFFC,SFBFFBFBFFC,SBFFFFBFFBFC
369,,,,,,FFFFBBBS,CFBFFBFFS,SFFFBFFBBS,SFBFFBFFBFS,SBFFFFBFFFBS
370,,,,,,FFFFBBBC,CFBFFBFFC,SFFFBFFBBC,SFBFFBFFBFC,SBFFFFBFFFBC
371,,,,,,FFFFBBFS,CFBFFFBBS,SFFFBFFBFS,SFBFFBFFFBS,SBFFFFBFFFFS
372,,,,,,FFFFBBFC,CFBFFFBBC,SFFFBFFBFC,SFBFFBFFFBC,SBFFFFBFFFFC
373,,,,,,FFFFBFBS,CFBFFFBFS,SFFFBFFFBS,SFBFFBFFFFS,SBFFFFFBBFFS
374,,,,,,FFFFBFBC,CFBFFFBFC,SFFFBFFFBC,SFBFFBFFFFC,SBFFFFFBBFFC
375,,,,,,FFFFBFFS,CFBFFFFBS,SFFFBFFFFS,SFBFFFBBFFS,SBFFFFFBFBFS
376,,,,,,FFFFBFFC,CFBFFFFBC,SFFFBFFFFC,SFBFFFBBFFC,SBFFFFFBFBFC
377,,,,,,FFFFFBBS,CFBFFFFFS,SFFFFBBBFS,SFBFFFBFBFS,SBFFFFFBFFBS
378,,,,,,FFFFFBBC,CFBFFFFFC,SFFFFBBBFC,SFBFFFBFBFC,SBFFFFFBFFBC
379,,,,,,FFFFFBFS,CFFBBBFFS,SFFFFBBFBS,SFBFFFBFFBS,SBFFFFFBFFFS
380,,,,,,FFFFFBFC,CFFBBBFFC,SFFFFBBFBC,SFBFFFBFFBC,SBFFFFFBFFFC
381,,,,,,FFFFFFBS,CFFBBFBFS,SFFFFBBFFS,SFBFFFBFFFS,SBFFFFFFBBFS
382,,,,,,FFFFFFBC,CFFBBFBFC,SFFFFBBFFC,SFBFFFBFFFC,SBFFFFFFBBFC
383,,,,,,FFFFFFFS,CFFBBFFBS,SFFFFBFBBS,SFBFFFFBBFS,SBFFFFFFBFBS
384,,,,,,FFFFFFFC,CFFBBFFBC,SFFFFBFBBC,SFBFFFFBBFC,SBFFFFFFBFBC
385,,,,,,,CFFBBFFFS,SFFFFBFBFS,SFBFFFFBFBS,SBFFFFFFBFFS
386,,,,,,,CFFBBFFFC,SFFFFBFBFC,SFBFFFFBFBC,SBFFFFFFBFFC
387,,,,,,,CFFBFBBFS,SFFFFBFFBS,SFBFFFFBFFS,SBFFFFFFFBBS
388,,,,,,,CFFBFBBFC,SFFFFBFFBC,SFBFFFFBFFC,SBFFFFFFFBBC
389,,,,,,,CFFBFBFBS,SFFFFBFFFS,SFBFFFFFBBS,SBFFFFFFFBFS
390,,,,,,,CFFBFBFBC,SFFFFBFFFC,SFBFFFFFBBC,SBFFFFFFFBFC
391,,,,,,,CFFBFBFFS,SFFFFFBBBS,SFBFFFFFBFS,SFBBBFFFFFFS
392,,,,,,,CFFBFBFFC,SFFFFFBBBC,SFBFFFFFBFC,SFBBBFFFFFFC
393,,,,,,,CFFBFFBBS,SFFFFFBBFS,SFBFFFFFFBS,SFBBFBFFFFFS
394,,,,,,,CFFBFFBBC,SFFFFFBBFC,SFBFFFFFFBC,SFBBFBFFFFFC
395,,,,,,,CFFBFFBFS,SFFFFFBFBS,SFBFFFFFFFS,SFBBFFBFFFFS
396,,,,,,,CFFBFFBFC,SFFFFFBFBC,SFBFFFFFFFC,SFBBFFBFFFFC
397,,,,,,,CFFBFFFBS,SFFFFFBFFS,SFFBBBFFFFS,SFBBFFFBFFFS
398,,,,,,,CFFBFFFBC,SFFFFFBFFC,SFFBBBFFFFC,SFBBFFFBFFFC
399,,,,,,,CFFBFFFFS,SFFFFFFBBS,SFFBBFBFFFS,SFBBFFFFBFFS
400,,,,,,,CFFBFFFFC,SFFFFFFBBC,SFFBBFBFFFC,SFBBFFFFBFFC
401,,,,,,,CFFFBBBFS,SFFFFFFBFS,SFFBBFFBFFS,SFBBFFFFFBFS
402,,,,,,,CFFFBBBFC,SFFFFFFBFC,SFFBBFFBFFC,SFBBFFFFFBFC
403,,,,,,,CFFFBBFBS,SFFFFFFFBS,SFFBBFFFBFS,SFBBFFFFFFBS
404,,,,,,,CFFFBBFBC,SFFFFFFFBC,SFFBBFFFBFC,SFBBFFFFFFBC
405,,,,,,,CFFFBBFFS,CBBBFFFFFS,SFFBBFFFFBS,SFBBFFFFFFFS
406,,,,,,,CFFFBBFFC,CBBBFFFFFC,SFFBBFFFFBC,SFBBFFFFFFFC
407,,,,,,,CFFFBFBBS,CBBFBFFFFS,SFFBBFFFFFS,SFBFBBFFFFFS
408,,,,,,,CFFFBFBBC,CBBFBFFFFC,SFFBBFFFFFC,SFBFBBFFFFFC
409,,,,,,,CFFFBFBFS,CBBFFBFFFS,SFFBFBBFFFS,SFBFBFBFFFFS
410,,,,,,,CFFFBFBFC,CBBFFBFFFC,SFFBFBBFFFC,SFBFBFBFFFFC
411,,,,,,,CFFFBFFBS,CBBFFFBFFS,SFFBFBFBFFS,SFBFBFFBFFFS
412,,,,,,,CFFFBFFBC,CBBFFFBFFC,SFFBFBFBFFC,SFBFBFFBFFFC
413,,,,,,,CFFFBFFFS,CBBFFFFBFS,SFFBFBFFBFS,SFBFBFFFBFFS
414,,,,,,,CFFFBFFFC,CBBFFFFBFC,SFFBFBFFBFC,SFBFBFFFBFFC
415,,,,,,,CFFFFBBBS,CBBFFFFFBS,SFFBFBFFFBS,SFBFBFFFFBFS
416,,,,,,,CFFFFBBBC,CBBFFFFFBC,SFFBFBFFFBC,SFBFBFFFFBFC
417,,,,,,,CFFFFBBFS,CBBFFFFFFS,SFFBFBFFFFS,SFBFBFFFFFBS
418,,,,,,,CFFFFBBFC,CBBFFFFFFC,SFFBFBFFFFC,SFBFBFFFFFBC
419,,,,,,,CFFFFBFBS,CBFBBFFFFS,SFFBFFBBFFS,SFBFBFFFFFFS
420,,,,,,,CFFFFBFBC,CBFBBFFFFC,SFFBFFBBFFC,SFBFBFFFFFFC
421,,,,,,,CFFFFBFFS,CBFBFBFFFS,SFFBFFBFBFS,SFBFFBBFFFFS
422,,,,,,,CFFFFBFFC,CBFBFBFFFC,SFFBFFBFBFC,SFBFFBBFFFFC
423,,,,,,,CFFFFFBBS,CBFBFFBFFS,SFFBFFBFFBS,SFBFFBFBFFFS
424,,,,,,,CFFFFFBBC,CBFBFFBFFC,SFFBFFBFFBC,SFBFFBFBFFFC
425,,,,,,,CFFFFFBFS,CBFBFFFBFS,SFFBFFBFFFS,SFBFFBFFBFFS
426,,,,,,,CFFFFFBFC,CBFBFFFBFC,SFFBFFBFFFC,SFBFFBFFBFFC
427,,,,,,,CFFFFFFBS,CBFBFFFFBS,SFFBFFFBBFS,SFBFFBFFFBFS
428,,,,,,,CFFFFFFBC,CBFBFFFFBC,SFFBFFFBBFC,SFBFFBFFFBFC
429,,,,,,,CFFFFFFFS,CBFBFFFFFS,SFFBFFFBFBS,SFBFFBFFFFBS
430,,,,,,,CFFFFFFFC,CBFBFFFFFC,SFFBFFFBFBC,SFBFFBFFFFBC
431,,,,,,,FBBBFFFFS,CBFFBBFFFS,SFFBFFFBFFS,SFBFFBFFFFFS
432,,,,,,,FBBBFFFFC,CBFFBBFFFC,SFFBFFFBFFC,SFBFFBFFFFFC
433,,,,,,,FBBFBFFFS,CBFFBFBFFS,SFFBFFFFBBS,SFBFFFBBFFFS
434,,,,,,,FBBFBFFFC,CBFFBFBFFC,SFFBFFFFBBC,SFBFFFBBFFFC
435,,,,,,,FBBFFBFFS,CBFFBFFBFS,SFFBFFFFBFS,SFBFFFBFBFFS
436,,,,,,,FBBFFBFFC,CBFFBFFBFC,SFFBFFFFBFC,SFBFFFBFBFFC
437,,,,,,,FBBFFFBFS,CBFFBFFFBS,SFFBFFFFFBS,SFBFFFBFFBFS
438,,,,,,,FBBFFFBFC,CBFFBFFFBC,SFFBFFFFFBC,SFBFFFBFFBFC
439,,,,,,,FBBFFFFBS,CBFFBFFFFS,SFFBFFFFFFS,SFBFFFBFFFBS
440,,,,,,,FBBFFFFBC,CBFFBFFFFC,SFFBFFFFFFC,SFBFFFBFFFBC
441,,,,,,,FBBFFFFFS,CBFFFBBFFS,SFFFBBBFFFS,SFBFFFBFFFFS
442,,,,,,,FBBFFFFFC,CBFFFBBFFC,SFFFBBBFFFC,SFBFFFBFFFFC
443,,,,,,,FBFBBFFFS,CBFFFBFBFS,SFFFBBFBFFS,SFBFFFFBBFFS
444,,,,,,,FBFBBFFFC,CBFFFBFBFC,SFFFBBFBFFC,SFBFFFFBBFFC
445,,,,,,,FBFBFBFFS,CBFFFBFFBS,SFFFBBFFBFS,SFBFFFFBFBFS
446,,,,,,,FBFBFBFFC,CBFFFBFFBC,SFFFBBFFBFC,SFBFFFFBFBFC
447,,,,,,,FBFBFFBFS,CBFFFBFFFS,SFFFBBFFFBS,SFBFFFFBFFBS
448,,,,,,,FBFBFFBFC,CBFFFBFFFC,SFFFBBFFFBC,SFBFFFFBFFBC
449,,,,,,,FBFBFFFBS,CBFFFFBBFS,SFFFBBFFFFS,SFBFFFFBFFFS
450,,,,,,,FBFBFFFBC,CBFFFFBBFC,SFFFBBFFFFC,SFBFFFFBFFFC
451,,,,,,,FBFBFFFFS,CBFFFFBFBS,SFFFBFBBFFS,SFBFFFFFBBFS
452,,,,,,,FBFBFFFFC,CBFFFFBFBC,SFFFBFBBFFC,SFBFFFFFBBFC
453,,,,,,,FBFFBBFFS,CBFFFFBFFS,SFFFBFBFBFS,SFBFFFFFBFBS
454,,,,,,,FBFFBBFFC,CBFFFFBFFC,SFFFBFBFBFC,SFBFFFFFBFBC
455,,,,,,,FBFFBFBFS,CBFFFFFBBS,SFFFBFBFFBS,SFBFFFFFBFFS
456,,,,,,,FBFFBFBFC,CBFFFFFBBC,SFFFBFBFFBC,SFBFFFFFBFFC
457,,,,,,,FBFFBFFBS,CBFFFFFBFS,SFFFBFBFFFS,SFBFFFFFFBBS
458,,,,,,,FBFFBFFBC,CBFFFFFBFC,SFFFBFBFFFC,SFBFFFFFFBBC
459,,,,,,,FBFFBFFFS,CBFFFFFFBS,SFFFBFFBBFS,SFBFFFFFFBFS
460,,,,,,,FBFFBFFFC,CBFFFFFFBC,SFFFBFFBBFC,SFBFFFFFFBFC
461,,,,,,,FBFFFBBFS,CBFFFFFFFS,SFFFBFFBFBS,SFBFFFFFFFBS
462,,,,,,,FBFFFBBFC,CBFFFFFFFC,SFFFBFFBFBC,SFBFFFFFFFBC
463,,,,,,,FBFFFBFBS,CFBBBFFFFS,SFFFBFFBFFS,SFFBBBFFFFFS
464,,,,,,,FBFFFBFBC,CFBBBFFFFC,SFFFBFFBFFC,SFFBBBFFFFFC
465,,,,,,,FBFFFBFFS,CFBBFBFFFS,SFFFBFFFBBS,SFFBBFBFFFFS
466,,,,,,,FBFFFBFFC,CFBBFBFFFC,SFFFBFFFBBC,SFFBBFBFFFFC
467,,,,,,,FBFFFFBBS,CFBBFFBFFS,SFFFBFFFBFS,SFFBBFFBFFFS
468,,,,,,,FBFFFFBBC,CFBBFFBFFC,SFFFBFFFBFC,SFFBBFFBFFFC
469,,,,,,,FBFFFFBFS,CFBBFFFBFS,SFFFBFFFFBS,SFFBBFFFBFFS
470,,,,,,,FBFFFFBFC,CFBBFFFBFC,SFFFBFFFFBC,SFFBBFFFBFFC
471,,,,,,,FBFFFFFBS,CFBBFFFFBS,SFFFBFFFFFS,SFFBBFFFFBFS
472,,,,,,,FBFFFFFBC,CFBBFFFFBC,SFFFBFFFFFC,SFFBBFFFFBFC
473,,,,,,,FBFFFFFFS,CFBBFFFFFS,SFFFFBBBFFS,SFFBBFFFFFBS
474,,,,,,,FBFFFFFFC,CFBBFFFFFC,SFFFFBBBFFC,SFFBBFFFFFBC
475,,,,,,,FFBBBFFFS,CFBFBBFFFS,SFFFFBBFBFS,SFFBBFFFFFFS
476,,,,,,,FFBBBFFFC,CFBFBBFFFC,SFFFFBBFBFC,SFFBBFFFFFFC
477,,,,,,,FFBBFBFFS,CFBFBFBFFS,SFFFFBBFFBS,SFFBFBBFFFFS
478,,,,,,,FFBBFBFFC,CFBFBFBFFC,SFFFFBBFFBC,SFFBFBBFFFFC
479,,,,,,,FFBBFFBFS,CFBFBFFBFS,SFFFFBBFFFS,SFFBFBFBFFFS
480,,,,,,,FFBBFFBFC,CFBFBFFBFC,SFFFFBBFFFC,SFFBFBFBFFFC
481,,,,,,,FFBBFFFBS,CFBFBFFFBS,SFFFFBFBBFS,SFFBFBFFBFFS
482,,,,,,,FFBBFFFBC,CFBFBFFFBC,SFFFFBFBBFC,SFFBFBFFBFFC
483,,,,,,,FFBBFFFFS,CFBFBFFFFS,SFFFFBFBFBS,SFFBFBFFFBFS
484,,,,,,,FFBBFFFFC,CFBFBFFFFC,SFFFFBFBFBC,SFFBFBFFFBFC
485,,,,,,,FFBFBBFFS,CFBFFBBFFS,SFFFFBFBFFS,SFFBFBFFFFBS
486,,,,,,,FFBFBBFFC,CFBFFBBFFC,SFFFFBFBFFC,SFFBFBFFFFBC
487,,,,,,,FFBFBFBFS,CFBFFBFBFS,SFFFFBFFBBS,SFFBFBFFFFFS
488,,,,,,,FFBFBFBFC,CFBFFBFBFC,SFFFFBFFBBC,SFFBFBFFFFFC
489,,,,,,,FFBFBFFBS,CFBFFBFFBS,SFFFFBFFBFS,SFFBFFBBFFFS
490,,,,,,,FFBFBFFBC,CFBFFBFFBC,SFFFFBFFBFC,SFFBFFBBFFFC
491,,,,,,,FFBFBFFFS,CFBFFBFFFS,SFFFFBFFFBS,SFFBFFBFBFFS
492,,,,,,,FFBFBFFFC,CFBFFBFFFC,SFFFFBFFFBC,SFFBFFBFBFFC
493,,,,,,,FFBFFBBFS,CFBFFFBBFS,SFFFFBFFFFS,SFFBFFBFFBFS
494,,,,,,,FFBFFBBFC,CFBFFFBBFC,SFFFFBFFFFC,SFFBFFBFFBFC
495,,,,,,,FFBFFBFBS,CFBFFFBFBS,SFFFFFBBBFS,SFFBFFBFFFBS
496,,,,,,,FFBFFBFBC,CFBFFFBFBC,SFFFFFBBBFC,SFFBFFBFFFBC
497,,,,,,,FFBFFBFFS,CFBFFFBFFS,SFFFFFBBFBS,SFFBFFBFFFFS
498,,,,,,,FFBFFBFFC,CFBFFFBFFC,SFFFFFBBFBC,SFFBFFBFFFFC
499,,,,,,,FFBFFFBBS,CFBFFFFBBS,SFFFFFBBFFS,SFFBFFFBBFFS
500,,,,,,,FFBFFFBBC,CFBFFFFBBC,SFFFFFBBFFC,SFFBFFFBBFFC
501,,,,,,,FFBFFFBFS,CFBFFFFBFS,SFFFFFBFBBS,SFFBFFFBFBFS
502,,,,,,,FFBFFFBFC,CFBFFFFBFC,SFFFFFBFBBC,SFFBFFFBFBFC
503,,,,,,,FFBFFFFBS,CFBFFFFFBS,SFFFFFBFBFS,SFFBFFFBFFBS
504,,,,,,,FFBFFFFBC,CFBFFFFFBC,SFFFFFBFBFC,SFFBFFFBFFBC
505,,,,,,,FFBFFFFFS,CFBFFFFFFS,SFFFFFBFFBS,SFFBFFFBFFFS
506,,,,,,,FFBFFFFFC,CFBFFFFFFC,SFFFFFBFFBC,SFFBFFFBFFFC
507,,,,,,,FFFBBBFFS,CFFBBBFFFS,SFFFFFBFFFS,SFFBFFFFBBFS
508,,,,,,,FFFBBBFFC,CFFBBBFFFC,SFFFFFBFFFC,SFFBFFFFBBFC
509,,,,,,,FFFBBFBFS,CFFBBFBFFS,SFFFFFFBBBS,SFFBFFFFBFBS
510,,,,,,,FFFBBFBFC,CFFBBFBFFC,SFFFFFFBBBC,SFFBFFFFBFBC
511,,,,,,,FFFBBFFBS,CFFBBFFBFS,SFFFFFFBBFS,SFFBFFFFBFFS
512,,,,,,,FFFBBFFBC,CFFBBFFBFC,SFFFFFFBBFC,SFFBFFFFBFFC
513,,,,,,,FFFBBFFFS,CFFBBFFFBS,SFFFFFFBFBS,SFFBFFFFFBBS
514,,,,,,,FFFBBFFFC,CFFBBFFFBC,SFFFFFFBFBC,SFFBFFFFFBBC
515,,,,,,,FFFBFBBFS,CFFBBFFFFS,SFFFFFFBFFS,SFFBFFFFFBFS
516,,,,,,,FFFBFBBFC,CFFBBFFFFC,SFFFFFFBFFC,SFFBFFFFFBFC
517,,,,,,,FFFBFBFBS,CFFBFBBFFS,SFFFFFFFBBS,SFFBFFFFFFBS
518,,,,,,,FFFBFBFBC,CFFBFBBFFC,SFFFFFFFBBC,SFFBFFFFFFBC
519,,,,,,,FFFBFBFFS,CFFBFBFBFS,SFFFFFFFBFS,SFFBFFFFFFFS
520,,,,,,,FFFBFBFFC,CFFBFBFBFC,SFFFFFFFBFC,SFFBFFFFFFFC
521,,,,,,,FFFBFFBBS,CFFBFBFFBS,CBBBFFFFFFS,SFFFBBBFFFFS
522,,,,,,,FFFBFFBBC,CFFBFBFFBC,CBBBFFFFFFC,SFFFBBBFFFFC
523,,,,,,,FFFBFFBFS,CFFBFBFFFS,CBBFBFFFFFS,SFFFBBFBFFFS
524,,,,,,,FFFBFFBFC,CFFBFBFFFC,CBBFBFFFFFC,SFFFBBFBFFFC
525,,,,,,,FFFBFFFBS,CFFBFFBBFS,CBBFFBFFFFS,SFFFBBFFBFFS
526,,,,,,,FFFBFFFBC,CFFBFFBBFC,CBBFFBFFFFC,SFFFBBFFBFFC
527,,,,,,,FFFBFFFFS,CFFBFFBFBS,CBBFFFBFFFS,SFFFBBFFFBFS
528,,,,,,,FFFBFFFFC,CFFBFFBFBC,CBBFFFBFFFC,SFFFBBFFFBFC
529,,,,,,,FFFFBBBFS,CFFBFFBFFS,CBBFFFFBFFS,SFFFBBFFFFBS
530,,,,,,,FFFFBBBFC,CFFBFFBFFC,CBBFFFFBFFC,SFFFBBFFFFBC
531,,,,,,,FFFFBBFBS,CFFBFFFBBS,CBBFFFFFBFS,SFFFBBFFFFFS
532,,,,,,,FFFFBBFBC,CFFBFFFBBC,CBBFFFFFBFC,SFFFBBFFFFFC
533,,,,,,,FFFFBBFFS,CFFBFFFBFS,CBBFFFFFFBS,SFFFBFBBFFFS
534,,,,,,,FFFFBBFFC,CFFBFFFBFC,CBBFFFFFFBC,SFFFBFBBFFFC
535,,,,,,,FFFFBFBBS,CFFBFFFFBS,CBBFFFFFFFS,SFFFBFBFBFFS
536,,,,,,,FFFFBFBBC,CFFBFFFFBC,CBBFFFFFFFC,SFFFBFBFBFFC
537,,,,,,,FFFFBFBFS,CFFBFFFFFS,CBFBBFFFFFS,SFFFBFBFFBFS
538,,,,,,,FFFFBFBFC,CFFBFFFFFC,CBFBBFFFFFC,SFFFBFBFFBFC
539,,,,,,,FFFFBFFBS,CFFFBBBFFS,CBFBFBFFFFS,SFFFBFBFFFBS
540,,,,,,,FFFFBFFBC,CFFFBBBFFC,CBFBFBFFFFC,SFFFBFBFFFBC
541,,,,,,,FFFFBFFFS,CFFFBBFBFS,CBFBFFBFFFS,SFFFBFBFFFFS
542,,,,,,,FFFFBFFFC,CFFFBBFBFC,CBFBFFBFFFC,SFFFBFBFFFFC
543,,,,,,,FFFFFBBBS,CFFFBBFFBS,CBFBFFFBFFS,SFFFBFFBBFFS
544,,,,,,,FFFFFBBBC,CFFFBBFFBC,CBFBFFFBFFC,SFFFBFFBBFFC
545,,,,,,,FFFFFBBFS,CFFFBBFFFS,CBFBFFFFBFS,SFFFBFFBFBFS
546,,,,,,,FFFFFBBFC,CFFFBBFFFC,CBFBFFFFBFC,SFFFBFFBFBFC
547,,,,,,,FFFFFBFBS,CFFFBFBBFS,CBFBFFFFFBS,SFFFBFFBFFBS
548,,,,,,,FFFFFBFBC,CFFFBFBBFC,CBFBFFFFFBC,SFFFBFFBFFBC
549,,,,,,,FFFFFBFFS,CFFFBFBFBS,CBFBFFFFFFS,SFFFBFFBFFFS
550,,,,,,,FFFFFBFFC,CFFFBFBFBC,CBFBFFFFFFC,SFFFBFFBFFFC
551,,,,,,,FFFFFFBBS,CFFFBFBFFS,CBFFBBFFFFS,SFFFBFFFBBFS
552,,,,,,,FFFFFFBBC,CFFFBFBFFC,CBFFBBFFFFC,SFFFBFFFBBFC
553,,,,,,,FFFFFFBFS,CFFFBFFBBS,CBFFBFBFFFS,SFFFBFFFBFBS
554,,,,,,,FFFFFFBFC,CFFFBFFBBC,CBFFBFBFFFC,SFFFBFFFBFBC
555,,,,,,,FFFFFFFBS,CFFFBFFBFS,CBFFBFFBFFS,SFFFBFFFBFFS
556,,,,,,,FFFFFFFBC,CFFFBFFBFC,CBFFBFFBFFC,SFFFBFFFBFFC
557,,,,,,,,CFFFBFFFBS,CBFFBFFFBFS,SFFFBFFFFBBS
558,,,,,,,,CFFFBFFFBC,CBFFBFFFBFC,SFFFBFFFFBBC
559,,,,,,,,CFFFBFFFFS,CBFFBFFFFBS,SFFFBFFFFBFS
560,,,,,,,,CFFFBFFFFC,CBFFBFFFFBC,SFFFBFFFFBFC
561,,,,,,,,CFFFFBBBFS,CBFFBFFFFFS,SFFFBFFFFFBS
562,,,,,,,,CFFFFBBBFC,CBFFBFFFFFC,SFFFBFFFFFBC
563,,,,,,,,CFFFFBBFBS,CBFFFBBFFFS,SFFFBFFFFFFS
564,,,,,,,,CFFFFBBFBC,CBFFFBBFFFC,SFFFBFFFFFFC
565,,,,,,,,CFFFFBBFFS,CBFFFBFBFFS,SFFFFBBBFFFS
566,,,,,,,,CFFFFBBFFC,CBFFFBFBFFC,SFFFFBBBFFFC
567,,,,,,,,CFFFFBFBBS,CBFFFBFFBFS,SFFFFBBFBFFS
568,,,,,,,,CFFFFBFBBC,CBFFFBFFBFC,SFFFFBBFBFFC
569,,,,,,,,CFFFFBFBFS,CBFFFBFFFBS,SFFFFBBFFBFS
570,,,,,,,,CFFFFBFBFC,CBFFFBFFFBC,SFFFFBBFFBFC
571,,,,,,,,CFFFFBFFBS,CBFFFBFFFFS,SFFFFBBFFFBS
572,,,,,,,,CFFFFBFFBC,CBFFFBFFFFC,SFFFFBBFFFBC
573,,,,,,,,CFFFFBFFFS,CBFFFFBBFFS,SFFFFBBFFFFS
574,,,,,,,,CFFFFBFFFC,CBFFFFBBFFC,SFFFFBBFFFFC
575,,,,,,,,CFFFFFBBBS,CBFFFFBFBFS,SFFFFBFBBFFS
576,,,,,,,,CFFFFFBBBC,CBFFFFBFBFC,SFFFFBFBBFFC
577,,,,,,,,CFFFFFBBFS,CBFFFFBFFBS,SFFFFBFBFBFS
578,,,,,,,,CFFFFFBBFC,CBFFFFBFFBC,SFFFFBFBFBFC
579,,,,,,,,CFFFFFBFBS,CBFFFFBFFFS,SFFFFBFBFFBS
580,,,,,,,,CFFFFFBFBC,CBFFFFBFFFC,SFFFFBFBFFBC
581,,,,,,,,CFFFFFBFFS,CBFFFFFBBFS,SFFFFBFBFFFS
582,,,,,,,,CFFFFFBFFC,CBFFFFFBBFC,SFFFFBFBFFFC
583,,,,,,,,CFFFFFFBBS,CBFFFFFBFBS,SFFFFBFFBBFS
584,,,,,,,,CFFFFFFBBC,CBFFFFFBFBC,SFFFFBFFBBFC
585,,,,,,,,CFFFFFFBFS,CBFFFFFBFFS,SFFFFBFFBFBS
586,,,,,,,,CFFFFFFBFC,CBFFFFFBFFC,SFFFFBFFBFBC
587,,,,,,,,CFFFFFFFBS,CBFFFFFFBBS,SFFFFBFFBFFS
588,,,,,,,,CFFFFFFFBC,CBFFFFFFBBC,SFFFFBFFBFFC
589,,,,,,,,FBBBFFFFFS,CBFFFFFFBFS,SFFFFBFFFBBS
590,,,,,,,,FBBBFFFFFC,CBFFFFFFBFC,SFFFFBFFFBBC
591,,,,,,,,FBBFBFFFFS,CBFFFFFFFBS,SFFFFBFFFBFS
592,,,,,,,,FBBFBFFFFC,CBFFFFFFFBC,SFFFFBFFFBFC
593,,,,,,,,FBBFFBFFFS,CFBBBFFFFFS,SFFFFBFFFFBS
594,,,,,,,,FBBFFBFFFC,CFBBBFFFFFC,SFFFFBFFFFBC
595,,,,,,,,FBBFFFBFFS,CFBBFBFFFFS,SFFFFBFFFFFS
596,,,,,,,,FBBFFFBFFC,CFBBFBFFFFC,SFFFFBFFFFFC
597,,,,,,,,FBBFFFFBFS,CFBBFFBFFFS,SFFFFFBBBFFS
598,,,,,,,,FBBFFFFBFC,CFBBFFBFFFC,SFFFFFBBBFFC
599,,,,,,,,FBBFFFFFBS,CFBBFFFBFFS,SFFFFFBBFBFS
600,,,,,,,,FBBFFFFFBC,CFBBFFFBFFC,SFFFFFBBFBFC
601,,,,,,,,FBBFFFFFFS,CFBBFFFFBFS,SFFFFFBBFFBS
602,,,,,,,,FBBFFFFFFC,CFBBFFFFBFC,SFFFFFBBFFBC
603,,,,,,,,FBFBBFFFFS,CFBBFFFFFBS,SFFFFFBBFFFS
604,,,,,,,,FBFBBFFFFC,CFBBFFFFFBC,SFFFFFBBFFFC
605,,,,,,,,FBFBFBFFFS,CFBBFFFFFFS,SFFFFFBFBBFS
606,,,,,,,,FBFBFBFFFC,CFBBFFFFFFC,SFFFFFBFBBFC
607,,,,,,,,FBFBFFBFFS,CFBFBBFFFFS,SFFFFFBFBFBS
608,,,,,,,,FBFBFFBFFC,CFBFBBFFFFC,SFFFFFBFBFBC
609,,,,,,,,FBFBFFFBFS,CFBFBFBFFFS,SFFFFFBFBFFS
610,,,,,,,,FBFBFFFBFC,CFBFBFBFFFC,SFFFFFBFBFFC
611,,,,,,,,FBFBFFFFBS,CFBFBFFBFFS,SFFFFFBFFBBS
612,,,,,,,,FBFBFFFFBC,CFBFBFFBFFC,SFFFFFBFFBBC
613,,,,,,,,FBFBFFFFFS,CFBFBFFFBFS,SFFFFFBFFBFS
614,,,,,,,,FBFBFFFFFC,CFBFBFFFBFC,SFFFFFBFFBFC
615,,,,,,,,FBFFBBFFFS,CFBFBFFFFBS,SFFFFFBFFFBS
616,,,,,,,,FBFFBBFFFC,CFBFBFFFFBC,SFFFFFBFFFBC
617,,,,,,,,FBFFBFBFFS,CFBFBFFFFFS,SFFFFFBFFFFS
618,,,,,,,,FBFFBFBFFC,CFBFBFFFFFC,SFFFFFBFFFFC
619,,,,,,,,FBFFBFFBFS,CFBFFBBFFFS,SFFFFFFBBBFS
620,,,,,,,,FBFFBFFBFC,CFBFFBBFFFC,SFFFFFFBBBFC
621,,,,,,,,FBFFBFFFBS,CFBFFBFBFFS,SFFFFFFBBFBS
622,,,,,,,,FBFFBFFFBC,CFBFFBFBFFC,SFFFFFFBBFBC
623,,,,,,,,FBFFBFFFFS,CFBFFBFFBFS,SFFFFFFBBFFS
624,,,,,,,,FBFFBFFFFC,CFBFFBFFBFC,SFFFFFFBBFFC
625,,,,,,,,FBFFFBBFFS,CFBFFBFFFBS,SFFFFFFBFBBS
626,,,,,,,,FBFFFBBFFC,CFBFFBFFFBC,SFFFFFFBFBBC
627,,,,,,,,FBFFFBFBFS,CFBFFBFFFFS,SFFFFFFBFBFS
628,,,,,,,,FBFFFBFBFC,CFBFFBFFFFC,SFFFFFFBFBFC
629,,,,,,,,FBFFFBFFBS,CFBFFFBBFFS,SFFFFFFBFFBS
630,,,,,,,,FBFFFBFFBC,CFBFFFBBFFC,SFFFFFFBFFBC
631,,,,,,,,FBFFFBFFFS,CFBFFFBFBFS,SFFFFFFBFFFS
632,,,,,,,,FBFFFBFFFC,CFBFFFBFBFC,SFFFFFFBFFFC
633,,,,,,,,FBFFFFBBFS,CFBFFFBFFBS,SFFFFFFFBBBS
634,,,,,,,,FBFFFFBBFC,CFBFFFBFFBC,SFFFFFFFBBBC
635,,,,,,,,FBFFFFBFBS,CFBFFFBFFFS,SFFFFFFFBBFS
636,,,,,,,,FBFFFFBFBC,CFBFFFBFFFC,SFFFFFFFBBFC
637,,,,,,,,FBFFFFBFFS,CFBFFFFBBFS,SFFFFFFFBFBS
638,,,,,,,,FBFFFFBFFC,CFBFFFFBBFC,SFFFFFFFBFBC
639,,,,,,,,FBFFFFFBBS,CFBFFFFBFBS,SFFFFFFFBFFS
640,,,,,,,,FBFFFFFBBC,CFBFFFFBFBC,SFFFFFFFBFFC
641,,,,,,,,FBFFFFFBFS,CFBFFFFBFFS,CBBBFFFFFFFS
642,,,,,,,,FBFFFFFBFC,CFBFFFFBFFC,CBBBFFFFFFFC
643,,,,,,,,FBFFFFFFBS,CFBFFFFFBBS,CBBFBFFFFFFS
644,,,,,,,,FBFFFFFFBC,CFBFFFFFBBC,CBBFBFFFFFFC
645,,,,,,,,FBFFFFFFFS,CFBFFFFFBFS,CBBFFBFFFFFS
646,,,,,,,,FBFFFFFFFC,CFBFFFFFBFC,CBBFFBFFFFFC
647,,,,,,,,FFBBBFFFFS,CFBFFFFFFBS,CBBFFFBFFFFS
648,,,,,,,,FFBBBFFFFC,CFBFFFFFFBC,CBBFFFBFFFFC
649,,,,,,,,FFBBFBFFFS,CFBFFFFFFFS,CBBFFFFBFFFS
650,,,,,,,,FFBBFBFFFC,CFBFFFFFFFC,CBBFFFFBFFFC
651,,,,,,,,FFBBFFBFFS,CFFBBBFFFFS,CBBFFFFFBFFS
652,,,,,,,,FFBBFFBFFC,CFFBBBFFFFC,CBBFFFFFBFFC
,,,,,,,,FFBBFFFBFS,CFFBBFBFFFS,CBBFFFFFFBFS
,,,,,,,,FFBBFFFBFC,CFFBBFBFFFC,CBBFFFFFFBFC
,,,,,,,,FFBBFFFFBS,CFFBBFFBFFS,CBBFFFFFFFBS
,,,,,,,,FFBBFFFFBC,CFFBBFFBFFC,CBBFFFFFFFBC
,,,,,,,,FFBBFFFFFS,CFFBBFFFBFS,CBFBBFFFFFFS
,,,,,,,,FFBBFFFFFC,CFFBBFFFBFC,CBFBBFFFFFFC
,,,,,,,,FFBFBBFFFS,CFFBBFFFFBS,CBFBFBFFFFFS
,,,,,,,,FFBFBBFFFC,CFFBBFFFFBC,CBFBFBFFFFFC
,,,,,,,,FFBFBFBFFS,CFFBBFFFFFS,CBFBFFBFFFFS
,,,,,,,,FFBFBFBFFC,CFFBBFFFFFC,CBFBFFBFFFFC
,,,,,,,,FFBFBFFBFS,CFFBFBBFFFS,CBFBFFFBFFFS
,,,,,,,,FFBFBFFBFC,CFFBFBBFFFC,CBFBFFFBFFFC
,,,,,,,,FFBFBFFFBS,CFFBFBFBFFS,CBFBFFFFBFFS
,,,,,,,,FFBFBFFFBC,CFFBFBFBFFC,CBFBFFFFBFFC
,,,,,,,,FFBFBFFFFS,CFFBFBFFBFS,CBFBFFFFFBFS
,,,,,,,,FFBFBFFFFC,CFFBFBFFBFC,CBFBFFFFFBFC
,,,,,,,,FFBFFBBFFS,CFFBFBFFFBS,CBFBFFFFFFBS
,,,,,,,,FFBFFBBFFC,CFFBFBFFFBC,CBFBFFFFFFBC
,,,,,,,,FFBFFBFBFS,CFFBFBFFFFS,CBFBFFFFFFFS
,,,,,,,,FFBFFBFBFC,CFFBFBFFFFC,CBFBFFFFFFFC
,,,,,,,,FFBFFBFFBS,CFFBFFBBFFS,CBFFBBFFFFFS
,,,,,,,,FFBFFBFFBC,CFFBFFBBFFC,CBFFBBFFFFFC
,,,,,,,,FFBFFBFFFS,CFFBFFBFBFS,CBFFBFBFFFFS
,,,,,,,,FFBFFBFFFC,CFFBFFBFBFC,CBFFBFBFFFFC
,,,,,,,,FFBFFFBBFS,CFFBFFBFFBS,CBFFBFFBFFFS
,,,,,,,,FFBFFFBBFC,CFFBFFBFFBC,CBFFBFFBFFFC
,,,,,,,,FFBFFFBFBS,CFFBFFBFFFS,CBFFBFFFBFFS
,,,,,,,,FFBFFFBFBC,CFFBFFBFFFC,CBFFBFFFBFFC
,,,,,,,,FFBFFFBFFS,CFFBFFFBBFS,CBFFBFFFFBFS
,,,,,,,,FFBFFFBFFC,CFFBFFFBBFC,CBFFBFFFFBFC
,,,,,,,,FFBFFFFBBS,CFFBFFFBFBS,CBFFBFFFFFBS
,,,,,,,,FFBFFFFBBC,CFFBFFFBFBC,CBFFBFFFFFBC
,,,,,,,,FFBFFFFBFS,CFFBFFFBFFS,CBFFBFFFFFFS
,,,,,,,,FFBFFFFBFC,CFFBFFFBFFC,CBFFBFFFFFFC
,,,,,,,,FFBFFFFFBS,CFFBFFFFBBS,CBFFFBBFFFFS
,,,,,,,,FFBFFFFFBC,CFFBFFFFBBC,CBFFFBBFFFFC
,,,,,,,,FFBFFFFFFS,CFFBFFFFBFS,CBFFFBFBFFFS
,,,,,,,,FFBFFFFFFC,CFFBFFFFBFC,CBFFFBFBFFFC
,,,,,,,,FFFBBBFFFS,CFFBFFFFFBS,CBFFFBFFBFFS
,,,,,,,,FFFBBBFFFC,CFFBFFFFFBC,CBFFFBFFBFFC
,,,,,,,,FFFBBFBFFS,CFFBFFFFFFS,CBFFFBFFFBFS
,,,,,,,,FFFBBFBFFC,CFFBFFFFFFC,CBFFFBFFFBFC
,,,,,,,,FFFBBFFBFS,CFFFBBBFFFS,CBFFFBFFFFBS
,,,,,,,,FFFBBFFBFC,CFFFBBBFFFC,CBFFFBFFFFBC
,,,,,,,,FFFBBFFFBS,CFFFBBFBFFS,CBFFFBFFFFFS
,,,,,,,,FFFBBFFFBC,CFFFBBFBFFC,CBFFFBFFFFFC
,,,,,,,,FFFBBFFFFS,CFFFBBFFBFS,CBFFFFBBFFFS
,,,,,,,,FFFBBFFFFC,CFFFBBFFBFC,CBFFFFBBFFFC
,,,,,,,,FFFBFBBFFS,CFFFBBFFFBS,CBFFFFBFBFFS
,,,,,,,,FFFBFBBFFC,CFFFBBFFFBC,CBFFFFBFBFFC
,,,,,,,,FFFBFBFBFS,CFFFBBFFFFS,CBFFFFBFFBFS
,,,,,,,,FFFBFBFBFC,CFFFBBFFFFC,CBFFFFBFFBFC
,,,,,,,,FFFBFBFFBS,CFFFBFBBFFS,CBFFFFBFFFBS
,,,,,,,,FFFBFBFFBC,CFFFBFBBFFC,CBFFFFBFFFBC
,,,,,,,,FFFBFBFFFS,CFFFBFBFBFS,CBFFFFBFFFFS
,,,,,,,,FFFBFBFFFC,CFFFBFBFBFC,CBFFFFBFFFFC
,,,,,,,,FFFBFFBBFS,CFFFBFBFFBS,CBFFFFFBBFFS
,,,,,,,,FFFBFFBBFC,CFFFBFBFFBC,CBFFFFFBBFFC
,,,,,,,,FFFBFFBFBS,CFFFBFBFFFS,CBFFFFFBFBFS
,,,,,,,,FFFBFFBFBC,CFFFBFBFFFC,CBFFFFFBFBFC
,,,,,,,,FFFBFFBFFS,CFFFBFFBBFS,CBFFFFFBFFBS
,,,,,,,,FFFBFFBFFC,CFFFBFFBBFC,CBFFFFFBFFBC
,,,,,,,,FFFBFFFBBS,CFFFBFFBFBS,CBFFFFFBFFFS
,,,,,,,,FFFBFFFBBC,CFFFBFFBFBC,CBFFFFFBFFFC
,,,,,,,,FFFBFFFBFS,CFFFBFFBFFS,CBFFFFFFBBFS
,,,,,,,,FFFBFFFBFC,CFFFBFFBFFC,CBFFFFFFBBFC
,,,,,,,,FFFBFFFFBS,CFFFBFFFBBS,CBFFFFFFBFBS
,,,,,,,,FFFBFFFFBC,CFFFBFFFBBC,CBFFFFFFBFBC
,,,,,,,,FFFBFFFFFS,CFFFBFFFBFS,CBFFFFFFBFFS
,,,,,,,,FFFBFFFFFC,CFFFBFFFBFC,CBFFFFFFBFFC
,,,,,,,,FFFFBBBFFS,CFFFBFFFFBS,CBFFFFFFFBBS
,,,,,,,,FFFFBBBFFC,CFFFBFFFFBC,CBFFFFFFFBBC
,,,,,,,,FFFFBBFBFS,CFFFBFFFFFS,CBFFFFFFFBFS
,,,,,,,,FFFFBBFBFC,CFFFBFFFFFC,CBFFFFFFFBFC
,,,,,,,,FFFFBBFFBS,CFFFFBBBFFS,CFBBBFFFFFFS
,,,,,,,,FFFFBBFFBC,CFFFFBBBFFC,CFBBBFFFFFFC
,,,,,,,,FFFFBBFFFS,CFFFFBBFBFS,CFBBFBFFFFFS
,,,,,,,,FFFFBBFFFC,CFFFFBBFBFC,CFBBFBFFFFFC
,,,,,,,,FFFFBFBBFS,CFFFFBBFFBS,CFBBFFBFFFFS
,,,,,,,,FFFFBFBBFC,CFFFFBBFFBC,CFBBFFBFFFFC
,,,,,,,,FFFFBFBFBS,CFFFFBBFFFS,CFBBFFFBFFFS
,,,,,,,,FFFFBFBFBC,CFFFFBBFFFC,CFBBFFFBFFFC
,,,,,,,,FFFFBFBFFS,CFFFFBFBBFS,CFBBFFFFBFFS
,,,,,,,,FFFFBFBFFC,CFFFFBFBBFC,CFBBFFFFBFFC
,,,,,,,,FFFFBFFBBS,CFFFFBFBFBS,CFBBFFFFFBFS
,,,,,,,,FFFFBFFBBC,CFFFFBFBFBC,CFBBFFFFFBFC
,,,,,,,,FFFFBFFBFS,CFFFFBFBFFS,CFBBFFFFFFBS
,,,,,,,,FFFFBFFBFC,CFFFFBFBFFC,CFBBFFFFFFBC
,,,,,,,,FFFFBFFFBS,CFFFFBFFBBS,CFBBFFFFFFFS
,,,,,,,,FFFFBFFFBC,CFFFFBFFBBC,CFBBFFFFFFFC
,,,,,,,,FFFFBFFFFS,CFFFFBFFBFS,CFBFBBFFFFFS
,,,,,,,,FFFFBFFFFC,CFFFFBFFBFC,CFBFBBFFFFFC
,,,,,,,,FFFFFBBBFS,CFFFFBFFFBS,CFBFBFBFFFFS
,,,,,,,,FFFFFBBBFC,CFFFFBFFFBC,CFBFBFBFFFFC
,,,,,,,,FFFFFBBFBS,CFFFFBFFFFS,CFBFBFFBFFFS
,,,,,,,,FFFFFBBFBC,CFFFFBFFFFC,CFBFBFFBFFFC
,,,,,,,,FFFFFBBFFS,CFFFFFBBBFS,CFBFBFFFBFFS
,,,,,,,,FFFFFBBFFC,CFFFFFBBBFC,CFBFBFFFBFFC
,,,,,,,,FFFFFBFBBS,CFFFFFBBFBS,CFBFBFFFFBFS
,,,,,,,,FFFFFBFBBC,CFFFFFBBFBC,CFBFBFFFFBFC
,,,,,,,,FFFFFBFBFS,CFFFFFBBFFS,CFBFBFFFFFBS
,,,,,,,,FFFFFBFBFC,CFFFFFBBFFC,CFBFBFFFFFBC
,,,,,,,,FFFFFBFFBS,CFFFFFBFBBS,CFBFBFFFFFFS
,,,,,,,,FFFFFBFFBC,CFFFFFBFBBC,CFBFBFFFFFFC
,,,,,,,,FFFFFBFFFS,CFFFFFBFBFS,CFBFFBBFFFFS
,,,,,,,,FFFFFBFFFC,CFFFFFBFBFC,CFBFFBBFFFFC
,,,,,,,,FFFFFFBBBS,CFFFFFBFFBS,CFBFFBFBFFFS
,,,,,,,,FFFFFFBBBC,CFFFFFBFFBC,CFBFFBFBFFFC
,,,,,,,,FFFFFFBBFS,CFFFFFBFFFS,CFBFFBFFBFFS
,,,,,,,,FFFFFFBBFC,CFFFFFBFFFC,CFBFFBFFBFFC
,,,,,,,,FFFFFFBFBS,CFFFFFFBBBS,CFBFFBFFFBFS
,,,,,,,,FFFFFFBFBC,CFFFFFFBBBC,CFBFFBFFFBFC
,,,,,,,,FFFFFFBFFS,CFFFFFFBBFS,CFBFFBFFFFBS
,,,,,,,,FFFFFFBFFC,CFFFFFFBBFC,CFBFFBFFFFBC
,,,,,,,,FFFFFFFBBS,CFFFFFFBFBS,CFBFFBFFFFFS
,,,,,,,,FFFFFFFBBC,CFFFFFFBFBC,CFBFFBFFFFFC
,,,,,,,,FFFFFFFBFS,CFFFFFFBFFS,CFBFFFBBFFFS
,,,,,,,,FFFFFFFBFC,CFFFFFFBFFC,CFBFFFBBFFFC
,,,,,,,,,CFFFFFFFBBS,CFBFFFBFBFFS
,,,,,,,,,CFFFFFFFBBC,CFBFFFBFBFFC
,,,,,,,,,CFFFFFFFBFS,CFBFFFBFFBFS
,,,,,,,,,CFFFFFFFBFC,CFBFFFBFFBFC
,,,,,,,,,FBBBFFFFFFS,CFBFFFBFFFBS
,,,,,,,,,FBBBFFFFFFC,CFBFFFBFFFBC
,,,,,,,,,FBBFBFFFFFS,CFBFFFBFFFFS
,,,,,,,,,FBBFBFFFFFC,CFBFFFBFFFFC
,,,,,,,,,FBBFFBFFFFS,CFBFFFFBBFFS
,,,,,,,,,FBBFFBFFFFC,CFBFFFFBBFFC
,,,,,,,,,FBBFFFBFFFS,CFBFFFFBFBFS
,,,,,,,,,FBBFFFBFFFC,CFBFFFFBFBFC
,,,,,,,,,FBBFFFFBFFS,CFBFFFFBFFBS
,,,,,,,,,FBBFFFFBFFC,CFBFFFFBFFBC
,,,,,,,,,FBBFFFFFBFS,CFBFFFFBFFFS
,,,,,,,,,FBBFFFFFBFC,CFBFFFFBFFFC
,,,,,,,,,FBBFFFFFFBS,CFBFFFFFBBFS
,,,,,,,,,FBBFFFFFFBC,CFBFFFFFBBFC
,,,,,,,,,FBBFFFFFFFS,CFBFFFFFBFBS
,,,,,,,,,FBBFFFFFFFC,CFBFFFFFBFBC
,,,,,,,,,FBFBBFFFFFS,CFBFFFFFBFFS
,,,,,,,,,FBFBBFFFFFC,CFBFFFFFBFFC
,,,,,,,,,FBFBFBFFFFS,CFBFFFFFFBBS
,,,,,,,,,FBFBFBFFFFC,CFBFFFFFFBBC
,,,,,,,,,FBFBFFBFFFS,CFBFFFFFFBFS
,,,,,,,,,FBFBFFBFFFC,CFBFFFFFFBFC
,,,,,,,,,FBFBFFFBFFS,CFBFFFFFFFBS
,,,,,,,,,FBFBFFFBFFC,CFBFFFFFFFBC
,,,,,,,,,FBFBFFFFBFS,CFFBBBFFFFFS
,,,,,,,,,FBFBFFFFBFC,CFFBBBFFFFFC
,,,,,,,,,FBFBFFFFFBS,CFFBBFBFFFFS
,,,,,,,,,FBFBFFFFFBC,CFFBBFBFFFFC
,,,,,,,,,FBFBFFFFFFS,CFFBBFFBFFFS
,,,,,,,,,FBFBFFFFFFC,CFFBBFFBFFFC
,,,,,,,,,FBFFBBFFFFS,CFFBBFFFBFFS
,,,,,,,,,FBFFBBFFFFC,CFFBBFFFBFFC
,,,,,,,,,FBFFBFBFFFS,CFFBBFFFFBFS
,,,,,,,,,FBFFBFBFFFC,CFFBBFFFFBFC
,,,,,,,,,FBFFBFFBFFS,CFFBBFFFFFBS
,,,,,,,,,FBFFBFFBFFC,CFFBBFFFFFBC
,,,,,,,,,FBFFBFFFBFS,CFFBBFFFFFFS
,,,,,,,,,FBFFBFFFBFC,CFFBBFFFFFFC
,,,,,,,,,FBFFBFFFFBS,CFFBFBBFFFFS
,,,,,,,,,FBFFBFFFFBC,CFFBFBBFFFFC
,,,,,,,,,FBFFBFFFFFS,CFFBFBFBFFFS
,,,,,,,,,FBFFBFFFFFC,CFFBFBFBFFFC
,,,,,,,,,FBFFFBBFFFS,CFFBFBFFBFFS
,,,,,,,,,FBFFFBBFFFC,CFFBFBFFBFFC
,,,,,,,,,FBFFFBFBFFS,CFFBFBFFFBFS
,,,,,,,,,FBFFFBFBFFC,CFFBFBFFFBFC
,,,,,,,,,FBFFFBFFBFS,CFFBFBFFFFBS
,,,,,,,,,FBFFFBFFBFC,CFFBFBFFFFBC
,,,,,,,,,FBFFFBFFFBS,CFFBFBFFFFFS
,,,,,,,,,FBFFFBFFFBC,CFFBFBFFFFFC
,,,,,,,,,FBFFFBFFFFS,CFFBFFBBFFFS
,,,,,,,,,FBFFFBFFFFC,CFFBFFBBFFFC
,,,,,,,,,FBFFFFBBFFS,CFFBFFBFBFFS
,,,,,,,,,FBFFFFBBFFC,CFFBFFBFBFFC
,,,,,,,,,FBFFFFBFBFS,CFFBFFBFFBFS
,,,,,,,,,FBFFFFBFBFC,CFFBFFBFFBFC
,,,,,,,,,FBFFFFBFFBS,CFFBFFBFFFBS
,,,,,,,,,FBFFFFBFFBC,CFFBFFBFFFBC
,,,,,,,,,FBFFFFBFFFS,CFFBFFBFFFFS
,,,,,,,,,FBFFFFBFFFC,CFFBFFBFFFFC
,,,,,,,,,FBFFFFFBBFS,CFFBFFFBBFFS
,,,,,,,,,FBFFFFFBBFC,CFFBFFFBBFFC
,,,,,,,,,FBFFFFFBFBS,CFFBFFFBFBFS
,,,,,,,,,FBFFFFFBFBC,CFFBFFFBFBFC
,,,,,,,,,FBFFFFFBFFS,CFFBFFFBFFBS
,,,,,,,,,FBFFFFFBFFC,CFFBFFFBFFBC
,,,,,,,,,FBFFFFFFBBS,CFFBFFFBFFFS
,,,,,,,,,FBFFFFFFBBC,CFFBFFFBFFFC
,,,,,,,,,FBFFFFFFBFS,CFFBFFFFBBFS
,,,,,,,,,FBFFFFFFBFC,CFFBFFFFBBFC
,,,,,,,,,FBFFFFFFFBS,CFFBFFFFBFBS
,,,,,,,,,FBFFFFFFFBC,CFFBFFFFBFBC
,,,,,,,,,FFBBBFFFFFS,CFFBFFFFBFFS
,,,,,,,,,FFBBBFFFFFC,CFFBFFFFBFFC
,,,,,,,,,FFBBFBFFFFS,CFFBFFFFFBBS
,,,,,,,,,FFBBFBFFFFC,CFFBFFFFFBBC
,,,,,,,,,FFBBFFBFFFS,CFFBFFFFFBFS
,,,,,,,,,FFBBFFBFFFC,CFFBFFFFFBFC
,,,,,,,,,FFBBFFFBFFS,CFFBFFFFFFBS
,,,,,,,,,FFBBFFFBFFC,CFFBFFFFFFBC
,,,,,,,,,FFBBFFFFBFS,CFFBFFFFFFFS
,,,,,,,,,FFBBFFFFBFC,CFFBFFFFFFFC
,,,,,,,,,FFBBFFFFFBS,CFFFBBBFFFFS
,,,,,,,,,FFBBFFFFFBC,CFFFBBBFFFFC
,,,,,,,,,FFBBFFFFFFS,CFFFBBFBFFFS
,,,,,,,,,FFBBFFFFFFC,CFFFBBFBFFFC
,,,,,,,,,FFBFBBFFFFS,CFFFBBFFBFFS
,,,,,,,,,FFBFBBFFFFC,CFFFBBFFBFFC
,,,,,,,,,FFBFBFBFFFS,CFFFBBFFFBFS
,,,,,,,,,FFBFBFBFFFC,CFFFBBFFFBFC
,,,,,,,,,FFBFBFFBFFS,CFFFBBFFFFBS
,,,,,,,,,FFBFBFFBFFC,CFFFBBFFFFBC
,,,,,,,,,FFBFBFFFBFS,CFFFBBFFFFFS
,,,,,,,,,FFBFBFFFBFC,CFFFBBFFFFFC
,,,,,,,,,FFBFBFFFFBS,CFFFBFBBFFFS
,,,,,,,,,FFBFBFFFFBC,CFFFBFBBFFFC
,,,,,,,,,FFBFBFFFFFS,CFFFBFBFBFFS
,,,,,,,,,FFBFBFFFFFC,CFFFBFBFBFFC
,,,,,,,,,FFBFFBBFFFS,CFFFBFBFFBFS
,,,,,,,,,FFBFFBBFFFC,CFFFBFBFFBFC
,,,,,,,,,FFBFFBFBFFS,CFFFBFBFFFBS
,,,,,,,,,FFBFFBFBFFC,CFFFBFBFFFBC
,,,,,,,,,FFBFFBFFBFS,CFFFBFBFFFFS
,,,,,,,,,FFBFFBFFBFC,CFFFBFBFFFFC
,,,,,,,,,FFBFFBFFFBS,CFFFBFFBBFFS
,,,,,,,,,FFBFFBFFFBC,CFFFBFFBBFFC
,,,,,,,,,FFBFFBFFFFS,CFFFBFFBFBFS
,,,,,,,,,FFBFFBFFFFC,CFFFBFFBFBFC
,,,,,,,,,FFBFFFBBFFS,CFFFBFFBFFBS
,,,,,,,,,FFBFFFBBFFC,CFFFBFFBFFBC
,,,,,,,,,FFBFFFBFBFS,CFFFBFFBFFFS
,,,,,,,,,FFBFFFBFBFC,CFFFBFFBFFFC
,,,,,,,,,FFBFFFBFFBS,CFFFBFFFBBFS
,,,,,,,,,FFBFFFBFFBC,CFFFBFFFBBFC
,,,,,,,,,FFBFFFBFFFS,CFFFBFFFBFBS
,,,,,,,,,FFBFFFBFFFC,CFFFBFFFBFBC
,,,,,,,,,FFBFFFFBBFS,CFFFBFFFBFFS
,,,,,,,,,FFBFFFFBBFC,CFFFBFFFBFFC
,,,,,,,,,FFBFFFFBFBS,CFFFBFFFFBBS
,,,,,,,,,FFBFFFFBFBC,CFFFBFFFFBBC
,,,,,,,,,FFBFFFFBFFS,CFFFBFFFFBFS
,,,,,,,,,FFBFFFFBFFC,CFFFBFFFFBFC
,,,,,,,,,FFBFFFFFBBS,CFFFBFFFFFBS
,,,,,,,,,FFBFFFFFBBC,CFFFBFFFFFBC
,,,,,,,,,FFBFFFFFBFS,CFFFBFFFFFFS
,,,,,,,,,FFBFFFFFBFC,CFFFBFFFFFFC
,,,,,,,,,FFBFFFFFFBS,CFFFFBBBFFFS
,,,,,,,,,FFBFFFFFFBC,CFFFFBBBFFFC
,,,,,,,,,FFBFFFFFFFS,CFFFFBBFBFFS
,,,,,,,,,FFBFFFFFFFC,CFFFFBBFBFFC
,,,,,,,,,FFFBBBFFFFS,CFFFFBBFFBFS
,,,,,,,,,FFFBBBFFFFC,CFFFFBBFFBFC
,,,,,,,,,FFFBBFBFFFS,CFFFFBBFFFBS
,,,,,,,,,FFFBBFBFFFC,CFFFFBBFFFBC
,,,,,,,,,FFFBBFFBFFS,CFFFFBBFFFFS
,,,,,,,,,FFFBBFFBFFC,CFFFFBBFFFFC
,,,,,,,,,FFFBBFFFBFS,CFFFFBFBBFFS
,,,,,,,,,FFFBBFFFBFC,CFFFFBFBBFFC
,,,,,,,,,FFFBBFFFFBS,CFFFFBFBFBFS
,,,,,,,,,FFFBBFFFFBC,CFFFFBFBFBFC
,,,,,,,,,FFFBBFFFFFS,CFFFFBFBFFBS
,,,,,,,,,FFFBBFFFFFC,CFFFFBFBFFBC
,,,,,,,,,FFFBFBBFFFS,CFFFFBFBFFFS
,,,,,,,,,FFFBFBBFFFC,CFFFFBFBFFFC
,,,,,,,,,FFFBFBFBFFS,CFFFFBFFBBFS
,,,,,,,,,FFFBFBFBFFC,CFFFFBFFBBFC
,,,,,,,,,FFFBFBFFBFS,CFFFFBFFBFBS
,,,,,,,,,FFFBFBFFBFC,CFFFFBFFBFBC
,,,,,,,,,FFFBFBFFFBS,CFFFFBFFBFFS
,,,,,,,,,FFFBFBFFFBC,CFFFFBFFBFFC
,,,,,,,,,FFFBFBFFFFS,CFFFFBFFFBBS
,,,,,,,,,FFFBFBFFFFC,CFFFFBFFFBBC
,,,,,,,,,FFFBFFBBFFS,CFFFFBFFFBFS
,,,,,,,,,FFFBFFBBFFC,CFFFFBFFFBFC
,,,,,,,,,FFFBFFBFBFS,CFFFFBFFFFBS
,,,,,,,,,FFFBFFBFBFC,CFFFFBFFFFBC
,,,,,,,,,FFFBFFBFFBS,CFFFFBFFFFFS
,,,,,,,,,FFFBFFBFFBC,CFFFFBFFFFFC
,,,,,,,,,FFFBFFBFFFS,CFFFFFBBBFFS
,,,,,,,,,FFFBFFBFFFC,CFFFFFBBBFFC
,,,,,,,,,FFFBFFFBBFS,CFFFFFBBFBFS
,,,,,,,,,FFFBFFFBBFC,CFFFFFBBFBFC
,,,,,,,,,FFFBFFFBFBS,CFFFFFBBFFBS
,,,,,,,,,FFFBFFFBFBC,CFFFFFBBFFBC
,,,,,,,,,FFFBFFFBFFS,CFFFFFBBFFFS
,,,,,,,,,FFFBFFFBFFC,CFFFFFBBFFFC
,,,,,,,,,FFFBFFFFBBS,CFFFFFBFBBFS
,,,,,,,,,FFFBFFFFBBC,CFFFFFBFBBFC
,,,,,,,,,FFFBFFFFBFS,CFFFFFBFBFBS
,,,,,,,,,FFFBFFFFBFC,CFFFFFBFBFBC
,,,,,,,,,FFFBFFFFFBS,CFFFFFBFBFFS
,,,,,,,,,FFFBFFFFFBC,CFFFFFBFBFFC
,,,,,,,,,FFFBFFFFFFS,CFFFFFBFFBBS
,,,,,,,,,FFFBFFFFFFC,CFFFFFBFFBBC
,,,,,,,,,FFFFBBBFFFS,CFFFFFBFFBFS
,,,,,,,,,FFFFBBBFFFC,CFFFFFBFFBFC
,,,,,,,,,FFFFBBFBFFS,CFFFFFBFFFBS
,,,,,,,,,FFFFBBFBFFC,CFFFFFBFFFBC
,,,,,,,,,FFFFBBFFBFS,CFFFFFBFFFFS
,,,,,,,,,FFFFBBFFBFC,CFFFFFBFFFFC
,,,,,,,,,FFFFBBFFFBS,CFFFFFFBBBFS
,,,,,,,,,FFFFBBFFFBC,CFFFFFFBBBFC
,,,,,,,,,FFFFBBFFFFS,CFFFFFFBBFBS
,,,,,,,,,FFFFBBFFFFC,CFFFFFFBBFBC
,,,,,,,,,FFFFBFBBFFS,CFFFFFFBBFFS
,,,,,,,,,FFFFBFBBFFC,CFFFFFFBBFFC
,,,,,,,,,FFFFBFBFBFS,CFFFFFFBFBBS
,,,,,,,,,FFFFBFBFBFC,CFFFFFFBFBBC
,,,,,,,,,FFFFBFBFFBS,CFFFFFFBFBFS
,,,,,,,,,FFFFBFBFFBC,CFFFFFFBFBFC
,,,,,,,,,FFFFBFBFFFS,CFFFFFFBFFBS
,,,,,,,,,FFFFBFBFFFC,CFFFFFFBFFBC
,,,,,,,,,FFFFBFFBBFS,CFFFFFFBFFFS
,,,,,,,,,FFFFBFFBBFC,CFFFFFFBFFFC
,,,,,,,,,FFFFBFFBFBS,CFFFFFFFBBBS
,,,,,,,,,FFFFBFFBFBC,CFFFFFFFBBBC
,,,,,,,,,FFFFBFFBFFS,CFFFFFFFBBFS
,,,,,,,,,FFFFBFFBFFC,CFFFFFFFBBFC
,,,,,,,,,FFFFBFFFBBS,CFFFFFFFBFBS
,,,,,,,,,FFFFBFFFBBC,CFFFFFFFBFBC
,,,,,,,,,FFFFBFFFBFS,CFFFFFFFBFFS
,,,,,,,,,FFFFBFFFBFC,CFFFFFFFBFFC
,,,,,,,,,FFFFBFFFFBS,FBBBFFFFFFFS
,,,,,,,,,FFFFBFFFFBC,FBBBFFFFFFFC
,,,,,,,,,FFFFBFFFFFS,FBBFBFFFFFFS
,,,,,,,,,FFFFBFFFFFC,FBBFBFFFFFFC
,,,,,,,,,FFFFFBBBFFS,FBBFFBFFFFFS
,,,,,,,,,FFFFFBBBFFC,FBBFFBFFFFFC
,,,,,,,,,FFFFFBBFBFS,FBBFFFBFFFFS
,,,,,,,,,FFFFFBBFBFC,FBBFFFBFFFFC
,,,,,,,,,FFFFFBBFFBS,FBBFFFFBFFFS
,,,,,,,,,FFFFFBBFFBC,FBBFFFFBFFFC
,,,,,,,,,FFFFFBBFFFS,FBBFFFFFBFFS
,,,,,,,,,FFFFFBBFFFC,FBBFFFFFBFFC
,,,,,,,,,FFFFFBFBBFS,FBBFFFFFFBFS
,,,,,,,,,FFFFFBFBBFC,FBBFFFFFFBFC
,,,,,,,,,FFFFFBFBFBS,FBBFFFFFFFBS
,,,,,,,,,FFFFFBFBFBC,FBBFFFFFFFBC
,,,,,,,,,FFFFFBFBFFS,FBFBBFFFFFFS
,,,,,,,,,FFFFFBFBFFC,FBFBBFFFFFFC
,,,,,,,,,FFFFFBFFBBS,FBFBFBFFFFFS
,,,,,,,,,FFFFFBFFBBC,FBFBFBFFFFFC
,,,,,,,,,FFFFFBFFBFS,FBFBFFBFFFFS
,,,,,,,,,FFFFFBFFBFC,FBFBFFBFFFFC
,,,,,,,,,FFFFFBFFFBS,FBFBFFFBFFFS
,,,,,,,,,FFFFFBFFFBC,FBFBFFFBFFFC
,,,,,,,,,FFFFFBFFFFS,FBFBFFFFBFFS
,,,,,,,,,FFFFFBFFFFC,FBFBFFFFBFFC
,,,,,,,,,FFFFFFBBBFS,FBFBFFFFFBFS
,,,,,,,,,FFFFFFBBBFC,FBFBFFFFFBFC
,,,,,,,,,FFFFFFBBFBS,FBFBFFFFFFBS
,,,,,,,,,FFFFFFBBFBC,FBFBFFFFFFBC
,,,,,,,,,FFFFFFBBFFS,FBFBFFFFFFFS
,,,,,,,,,FFFFFFBBFFC,FBFBFFFFFFFC
,,,,,,,,,FFFFFFBFBBS,FBFFBBFFFFFS
,,,,,,,,,FFFFFFBFBBC,FBFFBBFFFFFC
,,,,,,,,,FFFFFFBFBFS,FBFFBFBFFFFS
,,,,,,,,,FFFFFFBFBFC,FBFFBFBFFFFC
,,,,,,,,,FFFFFFBFFBS,FBFFBFFBFFFS
,,,,,,,,,FFFFFFBFFBC,FBFFBFFBFFFC
,,,,,,,,,FFFFFFBFFFS,FBFFBFFFBFFS
,,,,,,,,,FFFFFFBFFFC,FBFFBFFFBFFC
,,,,,,,,,FFFFFFFBBBS,FBFFBFFFFBFS
,,,,,,,,,FFFFFFFBBBC,FBFFBFFFFBFC
,,,,,,,,,FFFFFFFBBFS,FBFFBFFFFFBS
,,,,,,,,,FFFFFFFBBFC,FBFFBFFFFFBC
,,,,,,,,,FFFFFFFBFBS,FBFFBFFFFFFS
,,,,,,,,,FFFFFFFBFBC,FBFFBFFFFFFC
,,,,,,,,,FFFFFFFBFFS,FBFFFBBFFFFS
,,,,,,,,,FFFFFFFBFFC,FBFFFBBFFFFC
,,,,,,,,,,FBFFFBFBFFFS
,,,,,,,,,,FBFFFBFBFFFC
,,,,,,,,,,FBFFFBFFBFFS
,,,,,,,,,,FBFFFBFFBFFC
,,,,,,,,,,FBFFFBFFFBFS
,,,,,,,,,,FBFFFBFFFBFC
,,,,,,,,,,FBFFFBFFFFBS
,,,,,,,,,,FBFFFBFFFFBC
,,,,,,,,,,FBFFFBFFFFFS
,,,,,,,,,,FBFFFBFFFFFC
,,,,,,,,,,FBFFFFBBFFFS
,,,,,,,,,,FBFFFFBBFFFC
,,,,,,,,,,FBFFFFBFBFFS
,,,,,,,,,,FBFFFFBFBFFC
,,,,,,,,,,FBFFFFBFFBFS
,,,,,,,,,,FBFFFFBFFBFC
,,,,,,,,,,FBFFFFBFFFBS
,,,,,,,,,,FBFFFFBFFFBC
,,,,,,,,,,FBFFFFBFFFFS
,,,,,,,,,,FBFFFFBFFFFC
,,,,,,,,,,FBFFFFFBBFFS
,,,,,,,,,,FBFFFFFBBFFC
,,,,,,,,,,FBFFFFFBFBFS
,,,,,,,,,,FBFFFFFBFBFC
,,,,,,,,,,FBFFFFFBFFBS
,,,,,,,,,,FBFFFFFBFFBC
,,,,,,,,,,FBFFFFFBFFFS
,,,,,,,,,,FBFFFFFBFFFC
,,,,,,,,,,FBFFFFFFBBFS
,,,,,,,,,,FBFFFFFFBBFC
,,,,,,,,,,FBFFFFFFBFBS
,,,,,,,,,,FBFFFFFFBFBC
,,,,,,,,,,FBFFFFFFBFFS
,,,,,,,,,,FBFFFFFFBFFC
,,,,,,,,,,FBFFFFFFFBBS
,,,,,,,,,,FBFFFFFFFBBC
,,,,,,,,,,FBFFFFFFFBFS
,,,,,,,,,,FBFFFFFFFBFC
,,,,,,,,,,FFBBBFFFFFFS
,,,,,,,,,,FFBBBFFFFFFC
,,,,,,,,,,FFBBFBFFFFFS
,,,,,,,,,,FFBBFBFFFFFC
,,,,,,,,,,FFBBFFBFFFFS
,,,,,,,,,,FFBBFFBFFFFC
,,,,,,,,,,FFBBFFFBFFFS
,,,,,,,,,,FFBBFFFBFFFC
,,,,,,,,,,FFBBFFFFBFFS
,,,,,,,,,,FFBBFFFFBFFC
,,,,,,,,,,FFBBFFFFFBFS
,,,,,,,,,,FFBBFFFFFBFC
,,,,,,,,,,FFBBFFFFFFBS
,,,,,,,,,,FFBBFFFFFFBC
,,,,,,,,,,FFBBFFFFFFFS
,,,,,,,,,,FFBBFFFFFFFC
,,,,,,,,,,FFBFBBFFFFFS
,,,,,,,,,,FFBFBBFFFFFC
,,,,,,,,,,FFBFBFBFFFFS
,,,,,,,,,,FFBFBFBFFFFC
,,,,,,,,,,FFBFBFFBFFFS
,,,,,,,,,,FFBFBFFBFFFC
,,,,,,,,,,FFBFBFFFBFFS
,,,,,,,,,,FFBFBFFFBFFC
,,,,,,,,,,FFBFBFFFFBFS
,,,,,,,,,,FFBFBFFFFBFC
,,,,,,,,,,FFBFBFFFFFBS
,,,,,,,,,,FFBFBFFFFFBC
,,,,,,,,,,FFBFBFFFFFFS
,,,,,,,,,,FFBFBFFFFFFC
,,,,,,,,,,FFBFFBBFFFFS
,,,,,,,,,,FFBFFBBFFFFC
,,,,,,,,,,FFBFFBFBFFFS
,,,,,,,,,,FFBFFBFBFFFC
,,,,,,,,,,FFBFFBFFBFFS
,,,,,,,,,,FFBFFBFFBFFC
,,,,,,,,,,FFBFFBFFFBFS
,,,,,,,,,,FFBFFBFFFBFC
,,,,,,,,,,FFBFFBFFFFBS
,,,,,,,,,,FFBFFBFFFFBC
,,,,,,,,,,FFBFFBFFFFFS
,,,,,,,,,,FFBFFBFFFFFC
,,,,,,,,,,FFBFFFBBFFFS
,,,,,,,,,,FFBFFFBBFFFC
,,,,,,,,,,FFBFFFBFBFFS
,,,,,,,,,,FFBFFFBFBFFC
,,,,,,,,,,FFBFFFBFFBFS
,,,,,,,,,,FFBFFFBFFBFC
,,,,,,,,,,FFBFFFBFFFBS
,,,,,,,,,,FFBFFFBFFFBC
,,,,,,,,,,FFBFFFBFFFFS
,,,,,,,,,,FFBFFFBFFFFC
,,,,,,,,,,FFBFFFFBBFFS
,,,,,,,,,,FFBFFFFBBFFC
,,,,,,,,,,FFBFFFFBFBFS
,,,,,,,,,,FFBFFFFBFBFC
,,,,,,,,,,FFBFFFFBFFBS
,,,,,,,,,,FFBFFFFBFFBC
,,,,,,,,,,FFBFFFFBFFFS
,,,,,,,,,,FFBFFFFBFFFC
,,,,,,,,,,FFBFFFFFBBFS
,,,,,,,,,,FFBFFFFFBBFC
,,,,,,,,,,FFBFFFFFBFBS
,,,,,,,,,,FFBFFFFFBFBC
,,,,,,,,,,FFBFFFFFBFFS
,,,,,,,,,,FFBFFFFFBFFC
,,,,,,,,,,FFBFFFFFFBBS
,,,,,,,,,,FFBFFFFFFBBC
,,,,,,,,,,FFBFFFFFFBFS
,,,,,,,,,,FFBFFFFFFBFC
,,,,,,,,,,FFBFFFFFFFBS
,,,,,,,,,,FFBFFFFFFFBC
,,,,,,,,,,FFFBBBFFFFFS
,,,,,,,,,,FFFBBBFFFFFC
,,,,,,,,,,FFFBBFBFFFFS
,,,,,,,,,,FFFBBFBFFFFC
,,,,,,,,,,FFFBBFFBFFFS
,,,,,,,,,,FFFBBFFBFFFC
,,,,,,,,,,FFFBBFFFBFFS
,,,,,,,,,,FFFBBFFFBFFC
,,,,,,,,,,FFFBBFFFFBFS
,,,,,,,,,,FFFBBFFFFBFC
,,,,,,,,,,FFFBBFFFFFBS
,,,,,,,,,,FFFBBFFFFFBC
,,,,,,,,,,FFFBBFFFFFFS
,,,,,,,,,,FFFBBFFFFFFC
,,,,,,,,,,FFFBFBBFFFFS
,,,,,,,,,,FFFBFBBFFFFC
,,,,,,,,,,FFFBFBFBFFFS
,,,,,,,,,,FFFBFBFBFFFC
,,,,,,,,,,FFFBFBFFBFFS
,,,,,,,,,,FFFBFBFFBFFC
,,,,,,,,,,FFFBFBFFFBFS
,,,,,,,,,,FFFBFBFFFBFC
,,,,,,,,,,FFFBFBFFFFBS
,,,,,,,,,,FFFBFBFFFFBC
,,,,,,,,,,FFFBFBFFFFFS
,,,,,,,,,,FFFBFBFFFFFC
,,,,,,,,,,FFFBFFBBFFFS
,,,,,,,,,,FFFBFFBBFFFC
,,,,,,,,,,FFFBFFBFBFFS
,,,,,,,,,,FFFBFFBFBFFC
,,,,,,,,,,FFFBFFBFFBFS
,,,,,,,,,,FFFBFFBFFBFC
,,,,,,,,,,FFFBFFBFFFBS
,,,,,,,,,,FFFBFFBFFFBC
,,,,,,,,,,FFFBFFBFFFFS
,,,,,,,,,,FFFBFFBFFFFC
,,,,,,,,,,FFFBFFFBBFFS
,,,,,,,,,,FFFBFFFBBFFC
,,,,,,,,,,FFFBFFFBFBFS
,,,,,,,,,,FFFBFFFBFBFC
,,,,,,,,,,FFFBFFFBFFBS
,,,,,,,,,,FFFBFFFBFFBC
,,,,,,,,,,FFFBFFFBFFFS
,,,,,,,,,,FFFBFFFBFFFC
,,,,,,,,,,FFFBFFFFBBFS
,,,,,,,,,,FFFBFFFFBBFC
,,,,,,,,,,FFFBFFFFBFBS
,,,,,,,,,,FFFBFFFFBFBC
,,,,,,,,,,FFFBFFFFBFFS
,,,,,,,,,,FFFBFFFFBFFC
,,,,,,,,,,FFFBFFFFFBBS
,,,,,,,,,,FFFBFFFFFBBC
,,,,,,,,,,FFFBFFFFFBFS
,,,,,,,,,,FFFBFFFFFBFC
,,,,,,,,,,FFFBFFFFFFBS
,,,,,,,,,,FFFBFFFFFFBC
,,,,,,,,,,FFFBFFFFFFFS
,,,,,,,,,,FFFBFFFFFFFC
,,,,,,,,,,FFFFBBBFFFFS
,,,,,,,,,,FFFFBBBFFFFC
,,,,,,,,,,FFFFBBFBFFFS
,,,,,,,,,,FFFFBBFBFFFC
,,,,,,,,,,FFFFBBFFBFFS
,,,,,,,,,,FFFFBBFFBFFC
,,,,,,,,,,FFFFBBFFFBFS
,,,,,,,,,,FFFFBBFFFBFC
,,,,,,,,,,FFFFBBFFFFBS
,,,,,,,,,,FFFFBBFFFFBC
,,,,,,,,,,FFFFBBFFFFFS
,,,,,,,,,,FFFFBBFFFFFC
,,,,,,,,,,FFFFBFBBFFFS
,,,,,,,,,,FFFFBFBBFFFC
,,,,,,,,,,FFFFBFBFBFFS
,,,,,,,,,,FFFFBFBFBFFC
,,,,,,,,,,FFFFBFBFFBFS
,,,,,,,,,,FFFFBFBFFBFC
,,,,,,,,,,FFFFBFBFFFBS
,,,,,,,,,,FFFFBFBFFFBC
,,,,,,,,,,FFFFBFBFFFFS
,,,,,,,,,,FFFFBFBFFFFC
,,,,,,,,,,FFFFBFFBBFFS
,,,,,,,,,,FFFFBFFBBFFC
,,,,,,,,,,FFFFBFFBFBFS
,,,,,,,,,,FFFFBFFBFBFC
,,,,,,,,,,FFFFBFFBFFBS
,,,,,,,,,,FFFFBFFBFFBC
,,,,,,,,,,FFFFBFFBFFFS
,,,,,,,,,,FFFFBFFBFFFC
,,,,,,,,,,FFFFBFFFBBFS
,,,,,,,,,,FFFFBFFFBBFC
,,,,,,,,,,FFFFBFFFBFBS
,,,,,,,,,,FFFFBFFFBFBC
,,,,,,,,,,FFFFBFFFBFFS
,,,,,,,,,,FFFFBFFFBFFC
,,,,,,,,,,FFFFBFFFFBBS
,,,,,,,,,,FFFFBFFFFBBC
,,,,,,,,,,FFFFBFFFFBFS
,,,,,,,,,,FFFFBFFFFBFC
,,,,,,,,,,FFFFBFFFFFBS
,,,,,,,,,,FFFFBFFFFFBC
,,,,,,,,,,FFFFBFFFFFFS
,,,,,,,,,,FFFFBFFFFFFC
,,,,,,,,,,FFFFFBBBFFFS
,,,,,,,,,,FFFFFBBBFFFC
,,,,,,,,,,FFFFFBBFBFFS
,,,,,,,,,,FFFFFBBFBFFC
,,,,,,,,,,FFFFFBBFFBFS
,,,,,,,,,,FFFFFBBFFBFC
,,,,,,,,,,FFFFFBBFFFBS
,,,,,,,,,,FFFFFBBFFFBC
,,,,,,,,,,FFFFFBBFFFFS
,,,,,,,,,,FFFFFBBFFFFC
,,,,,,,,,,FFFFFBFBBFFS
,,,,,,,,,,FFFFFBFBBFFC
,,,,,,,,,,FFFFFBFBFBFS
,,,,,,,,,,FFFFFBFBFBFC
,,,,,,,,,,FFFFFBFBFFBS
,,,,,,,,,,FFFFFBFBFFBC
,,,,,,,,,,FFFFFBFBFFFS
,,,,,,,,,,FFFFFBFBFFFC
,,,,,,,,,,FFFFFBFFBBFS
,,,,,,,,,,FFFFFBFFBBFC
,,,,,,,,,,FFFFFBFFBFBS
,,,,,,,,,,FFFFFBFFBFBC
,,,,,,,,,,FFFFFBFFBFFS
,,,,,,,,,,FFFFFBFFBFFC
,,,,,,,,,,FFFFFBFFFBBS
,,,,,,,,,,FFFFFBFFFBBC
,,,,,,,,,,FFFFFBFFFBFS
,,,,,,,,,,FFFFFBFFFBFC
,,,,,,,,,,FFFFFBFFFFBS
,,,,,,,,,,FFFFFBFFFFBC
,,,,,,,,,,FFFFFBFFFFFS
,,,,,,,,,,FFFFFBFFFFFC
,,,,,,,,,,FFFFFFBBBFFS
,,,,,,,,,,FFFFFFBBBFFC
,,,,,,,,,,FFFFFFBBFBFS
,,,,,,,,,,FFFFFFBBFBFC
,,,,,,,,,,FFFFFFBBFFBS
,,,,,,,,,,FFFFFFBBFFBC
,,,,,,,,,,FFFFFFBBFFFS
,,,,,,,,,,FFFFFFBBFFFC
,,,,,,,,,,FFFFFFBFBBFS
,,,,,,,,,,FFFFFFBFBBFC
,,,,,,,,,,FFFFFFBFBFBS
,,,,,,,,,,FFFFFFBFBFBC
,,,,,,,,,,FFFFFFBFBFFS
,,,,,,,,,,FFFFFFBFBFFC
,,,,,,,,,,FFFFFFBFFBBS
,,,,,,,,,,FFFFFFBFFBBC
,,,,,,,,,,FFFFFFBFFBFS
,,,,,,,,,,FFFFFFBFFBFC
,,,,,,,,,,FFFFFFBFFFBS
,,,,,,,,,,FFFFFFBFFFBC
,,,,,,,,,,FFFFFFBFFFFS
,,,,,,,,,,FFFFFFBFFFFC
,,,,,,,,,,FFFFFFFBBBFS
,,,,,,,,,,FFFFFFFBBBFC
,,,,,,,,,,FFFFFFFBBFBS
,,,,,,,,,,FFFFFFFBBFBC
,,,,,,,,,,FFFFFFFBBFFS
,,,,,,,,,,FFFFFFFBBFFC
,,,,,,,,,,FFFFFFFBFBBS
,,,,,,,,,,FFFFFFFBFBBC
,,,,,,,,,,FFFFFFFBFBFS
,,,,,,,,,,FFFFFFFBFBFC
,,,,,,,,,,FFFFFFFBFFBS
,,,,,,,,,,FFFFFFFBFFBC
,,,,,,,,,,FFFFFFFBFFFS
,,,,,,,,,,FFFFFFFBFFFC
