id,base_state,batter_side,hit_location,text_description
1,BASES_EMPTY,R,7LD,{batter} PULLS IT DEEP DOWN THE LEFT FIELD LINE—AND IT STAYS FAIR!
2,BASES_EMPTY,R,7LD,{batter} HAMMERS IT HIGH AND DEEP—HOOKING… BUT IT STAYS FAIR! GONE!
3,BASES_EMPTY,R,7LD,ABSOLUTE ROCKET FROM {batter}! HE TURNS ON IT AND YANKS IT DOWN THE LINE!
4,BASES_EMPTY,R,7LD,{batter} DESTROYS IT—NO DOUBT ABOUT IT DOWN THE LEFT FIELD LINE!
5,BASES_EMPTY,R,7LD,TOWERING DRIVE TO LEFT… WILL IT STAY FAIR? YES! HOMER!
6,RUNNER_ON_FIRST,R,7LD,{batter} PULLS IT DEEP DOWN THE LEFT FIELD LINE—AND IT STAYS FAIR!
7,RUNNER_ON_FIRST,R,7LD,{batter} HAMMERS IT HIGH AND DEEP—HOOKING… BUT IT STAYS FAIR! GONE!
8,RUNNER_ON_FIRST,R,7LD,ABSOLUTE ROCKET FROM {batter}! HE TURNS ON IT AND YANKS IT DOWN THE LINE!
9,RUNNER_ON_FIRST,R,7LD,{batter} DESTROYS IT—NO DOUBT ABOUT IT DOWN THE LEFT FIELD LINE!
10,RUNNER_ON_FIRST,R,7LD,TOWERING DRIVE TO LEFT… WILL IT STAY FAIR? YES! HOMER!
11,RUNNER_ON_SECOND,R,7LD,{batter} PULLS IT DEEP DOWN THE LEFT FIELD LINE—AND IT STAYS FAIR!
12,RUNNER_ON_SECOND,R,7LD,{batter} HAMMERS IT HIGH AND DEEP—HOOKING… BUT IT STAYS FAIR! GONE!
13,RUNNER_ON_SECOND,R,7LD,ABSOLUTE ROCKET FROM {batter}! HE TURNS ON IT AND YANKS IT DOWN THE LINE!
14,RUNNER_ON_SECOND,R,7LD,{batter} DESTROYS IT—NO DOUBT ABOUT IT DOWN THE LEFT FIELD LINE!
15,RUNNER_ON_SECOND,R,7LD,TOWERING DRIVE TO LEFT… WILL IT STAY FAIR? YES! HOMER!
16,RUNNER_ON_THIRD,R,7LD,{batter} PULLS IT DEEP DOWN THE LEFT FIELD LINE—AND IT STAYS FAIR!
17,RUNNER_ON_THIRD,R,7LD,{batter} HAMMERS IT HIGH AND DEEP—HOOKING… BUT IT STAYS FAIR! GONE!
18,RUNNER_ON_THIRD,R,7LD,ABSOLUTE ROCKET FROM {batter}! HE TURNS ON IT AND YANKS IT DOWN THE LINE!
19,RUNNER_ON_THIRD,R,7LD,{batter} DESTROYS IT—NO DOUBT ABOUT IT DOWN THE LEFT FIELD LINE!
20,RUNNER_ON_THIRD,R,7LD,TOWERING DRIVE TO LEFT… WILL IT STAY FAIR? YES! HOMER!
21,FIRST_AND_SECOND,R,7LD,{batter} PULLS IT DEEP DOWN THE LEFT FIELD LINE—AND IT STAYS FAIR!
22,FIRST_AND_SECOND,R,7LD,{batter} HAMMERS IT HIGH AND DEEP—HOOKING… BUT IT STAYS FAIR! GONE!
23,FIRST_AND_SECOND,R,7LD,ABSOLUTE ROCKET FROM {batter}! HE TURNS ON IT AND YANKS IT DOWN THE LINE!
24,FIRST_AND_SECOND,R,7LD,{batter} DESTROYS IT—NO DOUBT ABOUT IT DOWN THE LEFT FIELD LINE!
25,FIRST_AND_SECOND,R,7LD,TOWERING DRIVE TO LEFT… WILL IT STAY FAIR? YES! HOMER!
26,FIRST_AND_THIRD,R,7LD,{batter} PULLS IT DEEP DOWN THE LEFT FIELD LINE—AND IT STAYS FAIR!
27,FIRST_AND_THIRD,R,7LD,{batter} HAMMERS IT HIGH AND DEEP—HOOKING… BUT IT STAYS FAIR! GONE!
28,FIRST_AND_THIRD,R,7LD,ABSOLUTE ROCKET FROM {batter}! HE TURNS ON IT AND YANKS IT DOWN THE LINE!
29,FIRST_AND_THIRD,R,7LD,{batter} DESTROYS IT—NO DOUBT ABOUT IT DOWN THE LEFT FIELD LINE!
30,FIRST_AND_THIRD,R,7LD,TOWERING DRIVE TO LEFT… WILL IT STAY FAIR? YES! HOMER!
31,SECOND_AND_THIRD,R,7LD,{batter} PULLS IT DEEP DOWN THE LEFT FIELD LINE—AND IT STAYS FAIR!
32,SECOND_AND_THIRD,R,7LD,{batter} HAMMERS IT HIGH AND DEEP—HOOKING… BUT IT STAYS FAIR! GONE!
33,SECOND_AND_THIRD,R,7LD,ABSOLUTE ROCKET FROM {batter}! HE TURNS ON IT AND YANKS IT DOWN THE LINE!
34,SECOND_AND_THIRD,R,7LD,{batter} DESTROYS IT—NO DOUBT ABOUT IT DOWN THE LEFT FIELD LINE!
35,SECOND_AND_THIRD,R,7LD,TOWERING DRIVE TO LEFT… WILL IT STAY FAIR? YES! HOMER!
36,BASES_LOADED,R,7LD,{batter} PULLS IT DEEP DOWN THE LEFT FIELD LINE—AND IT STAYS FAIR!
37,BASES_LOADED,R,7LD,{batter} HAMMERS IT HIGH AND DEEP—HOOKING… BUT IT STAYS FAIR! GONE!
38,BASES_LOADED,R,7LD,ABSOLUTE ROCKET FROM {batter}! HE TURNS ON IT AND YANKS IT DOWN THE LINE!
39,BASES_LOADED,R,7LD,{batter} DESTROYS IT—NO DOUBT ABOUT IT DOWN THE LEFT FIELD LINE!
40,BASES_LOADED,R,7LD,TOWERING DRIVE TO LEFT… WILL IT STAY FAIR? YES! HOMER!
41,BASES_EMPTY,L,7LD,{batter} GOES THE OTHER WAY—HIGH FLY TO LEFT FIELD… IT'S GONE!
42,BASES_EMPTY,L,7LD,OPPOSITE FIELD POWER! {batter} SENDS IT DEEP TO THE LEFT FIELD LINE!
43,BASES_EMPTY,L,7LD,LEFT FIELDER BACKS UP—BUT IT’S LONG GONE FOR {batter}!
44,BASES_EMPTY,L,7LD,{batter} SHOWS HIS STRENGTH—LEFT-HANDED POWER TO LEFT FIELD!
45,BASES_EMPTY,L,7LD,BACKSPIN CARRIES IT OUT—{batter} DRIVES ONE OVER THE LEFT FIELD FENCE!
46,RUNNER_ON_FIRST,L,7LD,{batter} GOES THE OTHER WAY—HIGH FLY TO LEFT FIELD… IT'S GONE!
47,RUNNER_ON_FIRST,L,7LD,OPPOSITE FIELD POWER! {batter} SENDS IT DEEP TO THE LEFT FIELD LINE!
48,RUNNER_ON_FIRST,L,7LD,LEFT FIELDER BACKS UP—BUT IT’S LONG GONE FOR {batter}!
49,RUNNER_ON_FIRST,L,7LD,{batter} SHOWS HIS STRENGTH—LEFT-HANDED POWER TO LEFT FIELD!
50,RUNNER_ON_FIRST,L,7LD,BACKSPIN CARRIES IT OUT—{batter} DRIVES ONE OVER THE LEFT FIELD FENCE!
51,RUNNER_ON_SECOND,L,7LD,{batter} GOES THE OTHER WAY—HIGH FLY TO LEFT FIELD… IT'S GONE!
52,RUNNER_ON_SECOND,L,7LD,OPPOSITE FIELD POWER! {batter} SENDS IT DEEP TO THE LEFT FIELD LINE!
53,RUNNER_ON_SECOND,L,7LD,LEFT FIELDER BACKS UP—BUT IT’S LONG GONE FOR {batter}!
54,RUNNER_ON_SECOND,L,7LD,{batter} SHOWS HIS STRENGTH—LEFT-HANDED POWER TO LEFT FIELD!
55,RUNNER_ON_SECOND,L,7LD,BACKSPIN CARRIES IT OUT—{batter} DRIVES ONE OVER THE LEFT FIELD FENCE!
56,RUNNER_ON_THIRD,L,7LD,{batter} GOES THE OTHER WAY—HIGH FLY TO LEFT FIELD… IT'S GONE!
57,RUNNER_ON_THIRD,L,7LD,OPPOSITE FIELD POWER! {batter} SENDS IT DEEP TO THE LEFT FIELD LINE!
58,RUNNER_ON_THIRD,L,7LD,LEFT FIELDER BACKS UP—BUT IT’S LONG GONE FOR {batter}!
59,RUNNER_ON_THIRD,L,7LD,{batter} SHOWS HIS STRENGTH—LEFT-HANDED POWER TO LEFT FIELD!
60,RUNNER_ON_THIRD,L,7LD,BACKSPIN CARRIES IT OUT—{batter} DRIVES ONE OVER THE LEFT FIELD FENCE!
61,FIRST_AND_SECOND,L,7LD,{batter} GOES THE OTHER WAY—HIGH FLY TO LEFT FIELD… IT'S GONE!
62,FIRST_AND_SECOND,L,7LD,OPPOSITE FIELD POWER! {batter} SENDS IT DEEP TO THE LEFT FIELD LINE!
63,FIRST_AND_SECOND,L,7LD,LEFT FIELDER BACKS UP—BUT IT’S LONG GONE FOR {batter}!
64,FIRST_AND_SECOND,L,7LD,{batter} SHOWS HIS STRENGTH—LEFT-HANDED POWER TO LEFT FIELD!
65,FIRST_AND_SECOND,L,7LD,BACKSPIN CARRIES IT OUT—{batter} DRIVES ONE OVER THE LEFT FIELD FENCE!
66,FIRST_AND_THIRD,L,7LD,{batter} GOES THE OTHER WAY—HIGH FLY TO LEFT FIELD… IT'S GONE!
67,FIRST_AND_THIRD,L,7LD,OPPOSITE FIELD POWER! {batter} SENDS IT DEEP TO THE LEFT FIELD LINE!
68,FIRST_AND_THIRD,L,7LD,LEFT FIELDER BACKS UP—BUT IT’S LONG GONE FOR {batter}!
69,FIRST_AND_THIRD,L,7LD,{batter} SHOWS HIS STRENGTH—LEFT-HANDED POWER TO LEFT FIELD!
70,FIRST_AND_THIRD,L,7LD,BACKSPIN CARRIES IT OUT—{batter} DRIVES ONE OVER THE LEFT FIELD FENCE!
71,SECOND_AND_THIRD,L,7LD,{batter} GOES THE OTHER WAY—HIGH FLY TO LEFT FIELD… IT'S GONE!
72,SECOND_AND_THIRD,L,7LD,OPPOSITE FIELD POWER! {batter} SENDS IT DEEP TO THE LEFT FIELD LINE!
73,SECOND_AND_THIRD,L,7LD,LEFT FIELDER BACKS UP—BUT IT’S LONG GONE FOR {batter}!
74,SECOND_AND_THIRD,L,7LD,{batter} SHOWS HIS STRENGTH—LEFT-HANDED POWER TO LEFT FIELD!
75,SECOND_AND_THIRD,L,7LD,BACKSPIN CARRIES IT OUT—{batter} DRIVES ONE OVER THE LEFT FIELD FENCE!
76,BASES_LOADED,L,7LD,{batter} GOES THE OTHER WAY—HIGH FLY TO LEFT FIELD… IT'S GONE!
77,BASES_LOADED,L,7LD,OPPOSITE FIELD POWER! {batter} SENDS IT DEEP TO THE LEFT FIELD LINE!
78,BASES_LOADED,L,7LD,LEFT FIELDER BACKS UP—BUT IT’S LONG GONE FOR {batter}!
79,BASES_LOADED,L,7LD,{batter} SHOWS HIS STRENGTH—LEFT-HANDED POWER TO LEFT FIELD!
80,BASES_LOADED,L,7LD,BACKSPIN CARRIES IT OUT—{batter} DRIVES ONE OVER THE LEFT FIELD FENCE!
81,BASES_EMPTY,R,7D,{batter} TURNS ON IT AND DRIVES IT DEEP TO LEFT—GONE!
82,BASES_EMPTY,R,7D,"FASTBALL UP—AND {batter} PUNISHES IT! LEFT FIELD, LONG GONE!"
83,BASES_EMPTY,R,7D,{batter} UNLOADS ON THAT PITCH! CRUSHED TO LEFT!
84,BASES_EMPTY,R,7D,ANOTHER BLAST FROM {batter}! NO DOUBT ABOUT THAT ONE!
85,BASES_EMPTY,R,7D,HE GOT ALL OF IT! {batter} SENDS IT INTO THE NIGHT SKY!
86,RUNNER_ON_FIRST,R,7D,{batter} TURNS ON IT AND DRIVES IT DEEP TO LEFT—GONE!
87,RUNNER_ON_FIRST,R,7D,"FASTBALL UP—AND {batter} PUNISHES IT! LEFT FIELD, LONG GONE!"
88,RUNNER_ON_FIRST,R,7D,{batter} UNLOADS ON THAT PITCH! CRUSHED TO LEFT!
89,RUNNER_ON_FIRST,R,7D,ANOTHER BLAST FROM {batter}! NO DOUBT ABOUT THAT ONE!
90,RUNNER_ON_FIRST,R,7D,HE GOT ALL OF IT! {batter} SENDS IT INTO THE NIGHT SKY!
91,RUNNER_ON_SECOND,R,7D,{batter} TURNS ON IT AND DRIVES IT DEEP TO LEFT—GONE!
92,RUNNER_ON_SECOND,R,7D,"FASTBALL UP—AND {batter} PUNISHES IT! LEFT FIELD, LONG GONE!"
93,RUNNER_ON_SECOND,R,7D,{batter} UNLOADS ON THAT PITCH! CRUSHED TO LEFT!
94,RUNNER_ON_SECOND,R,7D,ANOTHER BLAST FROM {batter}! NO DOUBT ABOUT THAT ONE!
95,RUNNER_ON_SECOND,R,7D,HE GOT ALL OF IT! {batter} SENDS IT INTO THE NIGHT SKY!
96,RUNNER_ON_THIRD,R,7D,{batter} TURNS ON IT AND DRIVES IT DEEP TO LEFT—GONE!
97,RUNNER_ON_THIRD,R,7D,"FASTBALL UP—AND {batter} PUNISHES IT! LEFT FIELD, LONG GONE!"
98,RUNNER_ON_THIRD,R,7D,{batter} UNLOADS ON THAT PITCH! CRUSHED TO LEFT!
99,RUNNER_ON_THIRD,R,7D,ANOTHER BLAST FROM {batter}! NO DOUBT ABOUT THAT ONE!
100,RUNNER_ON_THIRD,R,7D,HE GOT ALL OF IT! {batter} SENDS IT INTO THE NIGHT SKY!
101,FIRST_AND_SECOND,R,7D,{batter} TURNS ON IT AND DRIVES IT DEEP TO LEFT—GONE!
102,FIRST_AND_SECOND,R,7D,"FASTBALL UP—AND {batter} PUNISHES IT! LEFT FIELD, LONG GONE!"
103,FIRST_AND_SECOND,R,7D,{batter} UNLOADS ON THAT PITCH! CRUSHED TO LEFT!
104,FIRST_AND_SECOND,R,7D,ANOTHER BLAST FROM {batter}! NO DOUBT ABOUT THAT ONE!
105,FIRST_AND_SECOND,R,7D,HE GOT ALL OF IT! {batter} SENDS IT INTO THE NIGHT SKY!
106,FIRST_AND_THIRD,R,7D,{batter} TURNS ON IT AND DRIVES IT DEEP TO LEFT—GONE!
107,FIRST_AND_THIRD,R,7D,"FASTBALL UP—AND {batter} PUNISHES IT! LEFT FIELD, LONG GONE!"
108,FIRST_AND_THIRD,R,7D,{batter} UNLOADS ON THAT PITCH! CRUSHED TO LEFT!
109,FIRST_AND_THIRD,R,7D,ANOTHER BLAST FROM {batter}! NO DOUBT ABOUT THAT ONE!
110,FIRST_AND_THIRD,R,7D,HE GOT ALL OF IT! {batter} SENDS IT INTO THE NIGHT SKY!
111,SECOND_AND_THIRD,R,7D,{batter} TURNS ON IT AND DRIVES IT DEEP TO LEFT—GONE!
112,SECOND_AND_THIRD,R,7D,"FASTBALL UP—AND {batter} PUNISHES IT! LEFT FIELD, LONG GONE!"
113,SECOND_AND_THIRD,R,7D,{batter} UNLOADS ON THAT PITCH! CRUSHED TO LEFT!
114,SECOND_AND_THIRD,R,7D,ANOTHER BLAST FROM {batter}! NO DOUBT ABOUT THAT ONE!
115,SECOND_AND_THIRD,R,7D,HE GOT ALL OF IT! {batter} SENDS IT INTO THE NIGHT SKY!
116,BASES_LOADED,R,7D,{batter} TURNS ON IT AND DRIVES IT DEEP TO LEFT—GONE!
117,BASES_LOADED,R,7D,"FASTBALL UP—AND {batter} PUNISHES IT! LEFT FIELD, LONG GONE!"
118,BASES_LOADED,R,7D,{batter} UNLOADS ON THAT PITCH! CRUSHED TO LEFT!
119,BASES_LOADED,R,7D,ANOTHER BLAST FROM {batter}! NO DOUBT ABOUT THAT ONE!
120,BASES_LOADED,R,7D,HE GOT ALL OF IT! {batter} SENDS IT INTO THE NIGHT SKY!
121,BASES_EMPTY,L,7D,{batter} STAYS BACK AND DRIVES IT—OPPO POWER TO LEFT!
122,BASES_EMPTY,L,7D,LEFT-HANDED SLUGGER GOES YARD! {batter} SHOWS OFF HIS STRENGTH!
123,BASES_EMPTY,L,7D,A MOONSHOT TO LEFT FROM {batter}! HOMER!
124,BASES_EMPTY,L,7D,"OFF THE BAT OF {batter}… BACK, BACK… AND IT'S OUTTA HERE!"
125,BASES_EMPTY,L,7D,{batter} DRIVES ONE—LEFT FIELDER WATCHES IT LEAVE THE PARK!
126,RUNNER_ON_FIRST,L,7D,{batter} STAYS BACK AND DRIVES IT—OPPO POWER TO LEFT!
127,RUNNER_ON_FIRST,L,7D,LEFT-HANDED SLUGGER GOES YARD! {batter} SHOWS OFF HIS STRENGTH!
128,RUNNER_ON_FIRST,L,7D,A MOONSHOT TO LEFT FROM {batter}! HOMER!
129,RUNNER_ON_FIRST,L,7D,"OFF THE BAT OF {batter}… BACK, BACK… AND IT'S OUTTA HERE!"
130,RUNNER_ON_FIRST,L,7D,{batter} DRIVES ONE—LEFT FIELDER WATCHES IT LEAVE THE PARK!
131,RUNNER_ON_SECOND,L,7D,{batter} STAYS BACK AND DRIVES IT—OPPO POWER TO LEFT!
132,RUNNER_ON_SECOND,L,7D,LEFT-HANDED SLUGGER GOES YARD! {batter} SHOWS OFF HIS STRENGTH!
133,RUNNER_ON_SECOND,L,7D,A MOONSHOT TO LEFT FROM {batter}! HOMER!
134,RUNNER_ON_SECOND,L,7D,"OFF THE BAT OF {batter}… BACK, BACK… AND IT'S OUTTA HERE!"
135,RUNNER_ON_SECOND,L,7D,{batter} DRIVES ONE—LEFT FIELDER WATCHES IT LEAVE THE PARK!
136,RUNNER_ON_THIRD,L,7D,{batter} STAYS BACK AND DRIVES IT—OPPO POWER TO LEFT!
137,RUNNER_ON_THIRD,L,7D,LEFT-HANDED SLUGGER GOES YARD! {batter} SHOWS OFF HIS STRENGTH!
138,RUNNER_ON_THIRD,L,7D,A MOONSHOT TO LEFT FROM {batter}! HOMER!
139,RUNNER_ON_THIRD,L,7D,"OFF THE BAT OF {batter}… BACK, BACK… AND IT'S OUTTA HERE!"
140,RUNNER_ON_THIRD,L,7D,{batter} DRIVES ONE—LEFT FIELDER WATCHES IT LEAVE THE PARK!
141,FIRST_AND_SECOND,L,7D,{batter} STAYS BACK AND DRIVES IT—OPPO POWER TO LEFT!
142,FIRST_AND_SECOND,L,7D,LEFT-HANDED SLUGGER GOES YARD! {batter} SHOWS OFF HIS STRENGTH!
143,FIRST_AND_SECOND,L,7D,A MOONSHOT TO LEFT FROM {batter}! HOMER!
144,FIRST_AND_SECOND,L,7D,"OFF THE BAT OF {batter}… BACK, BACK… AND IT'S OUTTA HERE!"
145,FIRST_AND_SECOND,L,7D,{batter} DRIVES ONE—LEFT FIELDER WATCHES IT LEAVE THE PARK!
146,FIRST_AND_THIRD,L,7D,{batter} STAYS BACK AND DRIVES IT—OPPO POWER TO LEFT!
147,FIRST_AND_THIRD,L,7D,LEFT-HANDED SLUGGER GOES YARD! {batter} SHOWS OFF HIS STRENGTH!
148,FIRST_AND_THIRD,L,7D,A MOONSHOT TO LEFT FROM {batter}! HOMER!
149,FIRST_AND_THIRD,L,7D,"OFF THE BAT OF {batter}… BACK, BACK… AND IT'S OUTTA HERE!"
150,FIRST_AND_THIRD,L,7D,{batter} DRIVES ONE—LEFT FIELDER WATCHES IT LEAVE THE PARK!
151,SECOND_AND_THIRD,L,7D,{batter} STAYS BACK AND DRIVES IT—OPPO POWER TO LEFT!
152,SECOND_AND_THIRD,L,7D,LEFT-HANDED SLUGGER GOES YARD! {batter} SHOWS OFF HIS STRENGTH!
153,SECOND_AND_THIRD,L,7D,A MOONSHOT TO LEFT FROM {batter}! HOMER!
154,SECOND_AND_THIRD,L,7D,"OFF THE BAT OF {batter}… BACK, BACK… AND IT'S OUTTA HERE!"
155,SECOND_AND_THIRD,L,7D,{batter} DRIVES ONE—LEFT FIELDER WATCHES IT LEAVE THE PARK!
156,BASES_LOADED,L,7D,{batter} STAYS BACK AND DRIVES IT—OPPO POWER TO LEFT!
157,BASES_LOADED,L,7D,LEFT-HANDED SLUGGER GOES YARD! {batter} SHOWS OFF HIS STRENGTH!
158,BASES_LOADED,L,7D,A MOONSHOT TO LEFT FROM {batter}! HOMER!
159,BASES_LOADED,L,7D,"OFF THE BAT OF {batter}… BACK, BACK… AND IT'S OUTTA HERE!"
160,BASES_LOADED,L,7D,{batter} DRIVES ONE—LEFT FIELDER WATCHES IT LEAVE THE PARK!
161,BASES_EMPTY,R,8XD,{batter} LAUNCHES ONE TO DEAD CENTER—NO DOUBTER!
162,BASES_EMPTY,R,8XD,THAT BALL IS HAMMERED STRAIGHTAWAY CENTER—AND IT'S OUTTA HERE!
163,BASES_EMPTY,R,8XD,{batter} ABSOLUTELY CRUSHES IT—STRAIGHT TO CENTER FIELD!
164,BASES_EMPTY,R,8XD,A MASSIVE SHOT! {batter} SENDS IT OVER THE BATTER'S EYE!
165,BASES_EMPTY,R,8XD,"HE GOT EVERY BIT OF THAT ONE—HIGH DRIVE TO CENTER, GONE!"
166,RUNNER_ON_FIRST,R,8XD,{batter} LAUNCHES ONE TO DEAD CENTER—NO DOUBTER!
167,RUNNER_ON_FIRST,R,8XD,THAT BALL IS HAMMERED STRAIGHTAWAY CENTER—AND IT'S OUTTA HERE!
168,RUNNER_ON_FIRST,R,8XD,{batter} ABSOLUTELY CRUSHES IT—STRAIGHT TO CENTER FIELD!
169,RUNNER_ON_FIRST,R,8XD,A MASSIVE SHOT! {batter} SENDS IT OVER THE BATTER'S EYE!
170,RUNNER_ON_FIRST,R,8XD,"HE GOT EVERY BIT OF THAT ONE—HIGH DRIVE TO CENTER, GONE!"
171,RUNNER_ON_SECOND,R,8XD,{batter} LAUNCHES ONE TO DEAD CENTER—NO DOUBTER!
172,RUNNER_ON_SECOND,R,8XD,THAT BALL IS HAMMERED STRAIGHTAWAY CENTER—AND IT'S OUTTA HERE!
173,RUNNER_ON_SECOND,R,8XD,{batter} ABSOLUTELY CRUSHES IT—STRAIGHT TO CENTER FIELD!
174,RUNNER_ON_SECOND,R,8XD,A MASSIVE SHOT! {batter} SENDS IT OVER THE BATTER'S EYE!
175,RUNNER_ON_SECOND,R,8XD,"HE GOT EVERY BIT OF THAT ONE—HIGH DRIVE TO CENTER, GONE!"
176,RUNNER_ON_THIRD,R,8XD,{batter} LAUNCHES ONE TO DEAD CENTER—NO DOUBTER!
177,RUNNER_ON_THIRD,R,8XD,THAT BALL IS HAMMERED STRAIGHTAWAY CENTER—AND IT'S OUTTA HERE!
178,RUNNER_ON_THIRD,R,8XD,{batter} ABSOLUTELY CRUSHES IT—STRAIGHT TO CENTER FIELD!
179,RUNNER_ON_THIRD,R,8XD,A MASSIVE SHOT! {batter} SENDS IT OVER THE BATTER'S EYE!
180,RUNNER_ON_THIRD,R,8XD,"HE GOT EVERY BIT OF THAT ONE—HIGH DRIVE TO CENTER, GONE!"
181,FIRST_AND_SECOND,R,8XD,{batter} LAUNCHES ONE TO DEAD CENTER—NO DOUBTER!
182,FIRST_AND_SECOND,R,8XD,THAT BALL IS HAMMERED STRAIGHTAWAY CENTER—AND IT'S OUTTA HERE!
183,FIRST_AND_SECOND,R,8XD,{batter} ABSOLUTELY CRUSHES IT—STRAIGHT TO CENTER FIELD!
184,FIRST_AND_SECOND,R,8XD,A MASSIVE SHOT! {batter} SENDS IT OVER THE BATTER'S EYE!
185,FIRST_AND_SECOND,R,8XD,"HE GOT EVERY BIT OF THAT ONE—HIGH DRIVE TO CENTER, GONE!"
186,FIRST_AND_THIRD,R,8XD,{batter} LAUNCHES ONE TO DEAD CENTER—NO DOUBTER!
187,FIRST_AND_THIRD,R,8XD,THAT BALL IS HAMMERED STRAIGHTAWAY CENTER—AND IT'S OUTTA HERE!
188,FIRST_AND_THIRD,R,8XD,{batter} ABSOLUTELY CRUSHES IT—STRAIGHT TO CENTER FIELD!
189,FIRST_AND_THIRD,R,8XD,A MASSIVE SHOT! {batter} SENDS IT OVER THE BATTER'S EYE!
190,FIRST_AND_THIRD,R,8XD,"HE GOT EVERY BIT OF THAT ONE—HIGH DRIVE TO CENTER, GONE!"
191,SECOND_AND_THIRD,R,8XD,{batter} LAUNCHES ONE TO DEAD CENTER—NO DOUBTER!
192,SECOND_AND_THIRD,R,8XD,THAT BALL IS HAMMERED STRAIGHTAWAY CENTER—AND IT'S OUTTA HERE!
193,SECOND_AND_THIRD,R,8XD,{batter} ABSOLUTELY CRUSHES IT—STRAIGHT TO CENTER FIELD!
194,SECOND_AND_THIRD,R,8XD,A MASSIVE SHOT! {batter} SENDS IT OVER THE BATTER'S EYE!
195,SECOND_AND_THIRD,R,8XD,"HE GOT EVERY BIT OF THAT ONE—HIGH DRIVE TO CENTER, GONE!"
196,BASES_LOADED,R,8XD,{batter} LAUNCHES ONE TO DEAD CENTER—NO DOUBTER!
197,BASES_LOADED,R,8XD,THAT BALL IS HAMMERED STRAIGHTAWAY CENTER—AND IT'S OUTTA HERE!
198,BASES_LOADED,R,8XD,{batter} ABSOLUTELY CRUSHES IT—STRAIGHT TO CENTER FIELD!
199,BASES_LOADED,R,8XD,A MASSIVE SHOT! {batter} SENDS IT OVER THE BATTER'S EYE!
200,BASES_LOADED,R,8XD,"HE GOT EVERY BIT OF THAT ONE—HIGH DRIVE TO CENTER, GONE!"
201,BASES_EMPTY,L,8XD,{batter} STAYS BACK—AND DRIVES IT TO STRAIGHTAWAY CENTER!
202,BASES_EMPTY,L,8XD,LEFT-HANDED SWING—AND {batter} HITS IT DEAD CENTER!
203,BASES_EMPTY,L,8XD,CENTER FIELDER JUST WATCHES—IT’S A BOMB FROM {batter}!
204,BASES_EMPTY,L,8XD,{batter} TAKES A FASTBALL AND SENDS IT OUT TO CENTER FIELD!
205,BASES_EMPTY,L,8XD,THAT BALL JUST KEEPS CARRYING—OVER THE WALL FOR A HOME RUN!
206,RUNNER_ON_FIRST,L,8XD,{batter} STAYS BACK—AND DRIVES IT TO STRAIGHTAWAY CENTER!
207,RUNNER_ON_FIRST,L,8XD,LEFT-HANDED SWING—AND {batter} HITS IT DEAD CENTER!
208,RUNNER_ON_FIRST,L,8XD,CENTER FIELDER JUST WATCHES—IT’S A BOMB FROM {batter}!
209,RUNNER_ON_FIRST,L,8XD,{batter} TAKES A FASTBALL AND SENDS IT OUT TO CENTER FIELD!
210,RUNNER_ON_FIRST,L,8XD,THAT BALL JUST KEEPS CARRYING—OVER THE WALL FOR A HOME RUN!
211,RUNNER_ON_SECOND,L,8XD,{batter} STAYS BACK—AND DRIVES IT TO STRAIGHTAWAY CENTER!
212,RUNNER_ON_SECOND,L,8XD,LEFT-HANDED SWING—AND {batter} HITS IT DEAD CENTER!
213,RUNNER_ON_SECOND,L,8XD,CENTER FIELDER JUST WATCHES—IT’S A BOMB FROM {batter}!
214,RUNNER_ON_SECOND,L,8XD,{batter} TAKES A FASTBALL AND SENDS IT OUT TO CENTER FIELD!
215,RUNNER_ON_SECOND,L,8XD,THAT BALL JUST KEEPS CARRYING—OVER THE WALL FOR A HOME RUN!
216,RUNNER_ON_THIRD,L,8XD,{batter} STAYS BACK—AND DRIVES IT TO STRAIGHTAWAY CENTER!
217,RUNNER_ON_THIRD,L,8XD,LEFT-HANDED SWING—AND {batter} HITS IT DEAD CENTER!
218,RUNNER_ON_THIRD,L,8XD,CENTER FIELDER JUST WATCHES—IT’S A BOMB FROM {batter}!
219,RUNNER_ON_THIRD,L,8XD,{batter} TAKES A FASTBALL AND SENDS IT OUT TO CENTER FIELD!
220,RUNNER_ON_THIRD,L,8XD,THAT BALL JUST KEEPS CARRYING—OVER THE WALL FOR A HOME RUN!
221,FIRST_AND_SECOND,L,8XD,{batter} STAYS BACK—AND DRIVES IT TO STRAIGHTAWAY CENTER!
222,FIRST_AND_SECOND,L,8XD,LEFT-HANDED SWING—AND {batter} HITS IT DEAD CENTER!
223,FIRST_AND_SECOND,L,8XD,CENTER FIELDER JUST WATCHES—IT’S A BOMB FROM {batter}!
224,FIRST_AND_SECOND,L,8XD,{batter} TAKES A FASTBALL AND SENDS IT OUT TO CENTER FIELD!
225,FIRST_AND_SECOND,L,8XD,THAT BALL JUST KEEPS CARRYING—OVER THE WALL FOR A HOME RUN!
226,FIRST_AND_THIRD,L,8XD,{batter} STAYS BACK—AND DRIVES IT TO STRAIGHTAWAY CENTER!
227,FIRST_AND_THIRD,L,8XD,LEFT-HANDED SWING—AND {batter} HITS IT DEAD CENTER!
228,FIRST_AND_THIRD,L,8XD,CENTER FIELDER JUST WATCHES—IT’S A BOMB FROM {batter}!
229,FIRST_AND_THIRD,L,8XD,{batter} TAKES A FASTBALL AND SENDS IT OUT TO CENTER FIELD!
230,FIRST_AND_THIRD,L,8XD,THAT BALL JUST KEEPS CARRYING—OVER THE WALL FOR A HOME RUN!
231,SECOND_AND_THIRD,L,8XD,{batter} STAYS BACK—AND DRIVES IT TO STRAIGHTAWAY CENTER!
232,SECOND_AND_THIRD,L,8XD,LEFT-HANDED SWING—AND {batter} HITS IT DEAD CENTER!
233,SECOND_AND_THIRD,L,8XD,CENTER FIELDER JUST WATCHES—IT’S A BOMB FROM {batter}!
234,SECOND_AND_THIRD,L,8XD,{batter} TAKES A FASTBALL AND SENDS IT OUT TO CENTER FIELD!
235,SECOND_AND_THIRD,L,8XD,THAT BALL JUST KEEPS CARRYING—OVER THE WALL FOR A HOME RUN!
236,BASES_LOADED,L,8XD,{batter} STAYS BACK—AND DRIVES IT TO STRAIGHTAWAY CENTER!
237,BASES_LOADED,L,8XD,LEFT-HANDED SWING—AND {batter} HITS IT DEAD CENTER!
238,BASES_LOADED,L,8XD,CENTER FIELDER JUST WATCHES—IT’S A BOMB FROM {batter}!
239,BASES_LOADED,L,8XD,{batter} TAKES A FASTBALL AND SENDS IT OUT TO CENTER FIELD!
240,BASES_LOADED,L,8XD,THAT BALL JUST KEEPS CARRYING—OVER THE WALL FOR A HOME RUN!
241,BASES_EMPTY,R,9D,{batter} GOES OPPOSITE FIELD—HIGH DRIVE TO RIGHT… GONE!
242,BASES_EMPTY,R,9D,{batter} SHOWING OFF HIS ALL-FIELD POWER—OPPO HOMER TO RIGHT!
243,BASES_EMPTY,R,9D,BACKSPIN TAKES IT OUT! {batter} GOES DEEP TO RIGHT!
244,BASES_EMPTY,R,9D,A PERFECT SWING FROM {batter}—OPPO POWER HOME RUN!
245,BASES_EMPTY,R,9D,{batter} GOES THE OTHER WAY—AND IT CARRIES OVER THE FENCE!
246,RUNNER_ON_FIRST,R,9D,{batter} GOES OPPOSITE FIELD—HIGH DRIVE TO RIGHT… GONE!
247,RUNNER_ON_FIRST,R,9D,{batter} SHOWING OFF HIS ALL-FIELD POWER—OPPO HOMER TO RIGHT!
248,RUNNER_ON_FIRST,R,9D,BACKSPIN TAKES IT OUT! {batter} GOES DEEP TO RIGHT!
249,RUNNER_ON_FIRST,R,9D,A PERFECT SWING FROM {batter}—OPPO POWER HOME RUN!
250,RUNNER_ON_FIRST,R,9D,{batter} GOES THE OTHER WAY—AND IT CARRIES OVER THE FENCE!
251,RUNNER_ON_SECOND,R,9D,{batter} GOES OPPOSITE FIELD—HIGH DRIVE TO RIGHT… GONE!
252,RUNNER_ON_SECOND,R,9D,{batter} SHOWING OFF HIS ALL-FIELD POWER—OPPO HOMER TO RIGHT!
253,RUNNER_ON_SECOND,R,9D,BACKSPIN TAKES IT OUT! {batter} GOES DEEP TO RIGHT!
254,RUNNER_ON_SECOND,R,9D,A PERFECT SWING FROM {batter}—OPPO POWER HOME RUN!
255,RUNNER_ON_SECOND,R,9D,{batter} GOES THE OTHER WAY—AND IT CARRIES OVER THE FENCE!
256,RUNNER_ON_THIRD,R,9D,{batter} GOES OPPOSITE FIELD—HIGH DRIVE TO RIGHT… GONE!
257,RUNNER_ON_THIRD,R,9D,{batter} SHOWING OFF HIS ALL-FIELD POWER—OPPO HOMER TO RIGHT!
258,RUNNER_ON_THIRD,R,9D,BACKSPIN TAKES IT OUT! {batter} GOES DEEP TO RIGHT!
259,RUNNER_ON_THIRD,R,9D,A PERFECT SWING FROM {batter}—OPPO POWER HOME RUN!
260,RUNNER_ON_THIRD,R,9D,{batter} GOES THE OTHER WAY—AND IT CARRIES OVER THE FENCE!
261,FIRST_AND_SECOND,R,9D,{batter} GOES OPPOSITE FIELD—HIGH DRIVE TO RIGHT… GONE!
262,FIRST_AND_SECOND,R,9D,{batter} SHOWING OFF HIS ALL-FIELD POWER—OPPO HOMER TO RIGHT!
263,FIRST_AND_SECOND,R,9D,BACKSPIN TAKES IT OUT! {batter} GOES DEEP TO RIGHT!
264,FIRST_AND_SECOND,R,9D,A PERFECT SWING FROM {batter}—OPPO POWER HOME RUN!
265,FIRST_AND_SECOND,R,9D,{batter} GOES THE OTHER WAY—AND IT CARRIES OVER THE FENCE!
266,FIRST_AND_THIRD,R,9D,{batter} GOES OPPOSITE FIELD—HIGH DRIVE TO RIGHT… GONE!
267,FIRST_AND_THIRD,R,9D,{batter} SHOWING OFF HIS ALL-FIELD POWER—OPPO HOMER TO RIGHT!
268,FIRST_AND_THIRD,R,9D,BACKSPIN TAKES IT OUT! {batter} GOES DEEP TO RIGHT!
269,FIRST_AND_THIRD,R,9D,A PERFECT SWING FROM {batter}—OPPO POWER HOME RUN!
270,FIRST_AND_THIRD,R,9D,{batter} GOES THE OTHER WAY—AND IT CARRIES OVER THE FENCE!
271,SECOND_AND_THIRD,R,9D,{batter} GOES OPPOSITE FIELD—HIGH DRIVE TO RIGHT… GONE!
272,SECOND_AND_THIRD,R,9D,{batter} SHOWING OFF HIS ALL-FIELD POWER—OPPO HOMER TO RIGHT!
273,SECOND_AND_THIRD,R,9D,BACKSPIN TAKES IT OUT! {batter} GOES DEEP TO RIGHT!
274,SECOND_AND_THIRD,R,9D,A PERFECT SWING FROM {batter}—OPPO POWER HOME RUN!
275,SECOND_AND_THIRD,R,9D,{batter} GOES THE OTHER WAY—AND IT CARRIES OVER THE FENCE!
276,BASES_LOADED,R,9D,{batter} GOES OPPOSITE FIELD—HIGH DRIVE TO RIGHT… GONE!
277,BASES_LOADED,R,9D,{batter} SHOWING OFF HIS ALL-FIELD POWER—OPPO HOMER TO RIGHT!
278,BASES_LOADED,R,9D,BACKSPIN TAKES IT OUT! {batter} GOES DEEP TO RIGHT!
279,BASES_LOADED,R,9D,A PERFECT SWING FROM {batter}—OPPO POWER HOME RUN!
280,BASES_LOADED,R,9D,{batter} GOES THE OTHER WAY—AND IT CARRIES OVER THE FENCE!
281,BASES_EMPTY,L,9D,{batter} PULLS IT HIGH AND DEEP TO RIGHT—ANOTHER HOMER!
282,BASES_EMPTY,L,9D,A NO-DOUBT BLAST! {batter} HAMMERS IT TO RIGHT FIELD!
283,BASES_EMPTY,L,9D,THAT BALL IS AN ABSOLUTE TANK FROM {batter}—LONG GONE TO RIGHT!
284,BASES_EMPTY,L,9D,{batter} SHOWING OFF HIS PULL POWER—THAT ONE'S OUTTA HERE!
285,BASES_EMPTY,L,9D,THERE WAS NO DOUBT ABOUT THAT ONE—{batter} GOES YARD!
286,RUNNER_ON_FIRST,L,9D,{batter} PULLS IT HIGH AND DEEP TO RIGHT—ANOTHER HOMER!
287,RUNNER_ON_FIRST,L,9D,A NO-DOUBT BLAST! {batter} HAMMERS IT TO RIGHT FIELD!
288,RUNNER_ON_FIRST,L,9D,THAT BALL IS AN ABSOLUTE TANK FROM {batter}—LONG GONE TO RIGHT!
289,RUNNER_ON_FIRST,L,9D,{batter} SHOWING OFF HIS PULL POWER—THAT ONE'S OUTTA HERE!
290,RUNNER_ON_FIRST,L,9D,THERE WAS NO DOUBT ABOUT THAT ONE—{batter} GOES YARD!
291,RUNNER_ON_SECOND,L,9D,{batter} PULLS IT HIGH AND DEEP TO RIGHT—ANOTHER HOMER!
292,RUNNER_ON_SECOND,L,9D,A NO-DOUBT BLAST! {batter} HAMMERS IT TO RIGHT FIELD!
293,RUNNER_ON_SECOND,L,9D,THAT BALL IS AN ABSOLUTE TANK FROM {batter}—LONG GONE TO RIGHT!
294,RUNNER_ON_SECOND,L,9D,{batter} SHOWING OFF HIS PULL POWER—THAT ONE'S OUTTA HERE!
295,RUNNER_ON_SECOND,L,9D,THERE WAS NO DOUBT ABOUT THAT ONE—{batter} GOES YARD!
296,RUNNER_ON_THIRD,L,9D,{batter} PULLS IT HIGH AND DEEP TO RIGHT—ANOTHER HOMER!
297,RUNNER_ON_THIRD,L,9D,A NO-DOUBT BLAST! {batter} HAMMERS IT TO RIGHT FIELD!
298,RUNNER_ON_THIRD,L,9D,THAT BALL IS AN ABSOLUTE TANK FROM {batter}—LONG GONE TO RIGHT!
299,RUNNER_ON_THIRD,L,9D,{batter} SHOWING OFF HIS PULL POWER—THAT ONE'S OUTTA HERE!
300,RUNNER_ON_THIRD,L,9D,THERE WAS NO DOUBT ABOUT THAT ONE—{batter} GOES YARD!
301,FIRST_AND_SECOND,L,9D,{batter} PULLS IT HIGH AND DEEP TO RIGHT—ANOTHER HOMER!
302,FIRST_AND_SECOND,L,9D,A NO-DOUBT BLAST! {batter} HAMMERS IT TO RIGHT FIELD!
303,FIRST_AND_SECOND,L,9D,THAT BALL IS AN ABSOLUTE TANK FROM {batter}—LONG GONE TO RIGHT!
304,FIRST_AND_SECOND,L,9D,{batter} SHOWING OFF HIS PULL POWER—THAT ONE'S OUTTA HERE!
305,FIRST_AND_SECOND,L,9D,THERE WAS NO DOUBT ABOUT THAT ONE—{batter} GOES YARD!
306,FIRST_AND_THIRD,L,9D,{batter} PULLS IT HIGH AND DEEP TO RIGHT—ANOTHER HOMER!
307,FIRST_AND_THIRD,L,9D,A NO-DOUBT BLAST! {batter} HAMMERS IT TO RIGHT FIELD!
308,FIRST_AND_THIRD,L,9D,THAT BALL IS AN ABSOLUTE TANK FROM {batter}—LONG GONE TO RIGHT!
309,FIRST_AND_THIRD,L,9D,{batter} SHOWING OFF HIS PULL POWER—THAT ONE'S OUTTA HERE!
310,FIRST_AND_THIRD,L,9D,THERE WAS NO DOUBT ABOUT THAT ONE—{batter} GOES YARD!
311,SECOND_AND_THIRD,L,9D,{batter} PULLS IT HIGH AND DEEP TO RIGHT—ANOTHER HOMER!
312,SECOND_AND_THIRD,L,9D,A NO-DOUBT BLAST! {batter} HAMMERS IT TO RIGHT FIELD!
313,SECOND_AND_THIRD,L,9D,THAT BALL IS AN ABSOLUTE TANK FROM {batter}—LONG GONE TO RIGHT!
314,SECOND_AND_THIRD,L,9D,{batter} SHOWING OFF HIS PULL POWER—THAT ONE'S OUTTA HERE!
315,SECOND_AND_THIRD,L,9D,THERE WAS NO DOUBT ABOUT THAT ONE—{batter} GOES YARD!
316,BASES_LOADED,L,9D,{batter} PULLS IT HIGH AND DEEP TO RIGHT—ANOTHER HOMER!
317,BASES_LOADED,L,9D,A NO-DOUBT BLAST! {batter} HAMMERS IT TO RIGHT FIELD!
318,BASES_LOADED,L,9D,THAT BALL IS AN ABSOLUTE TANK FROM {batter}—LONG GONE TO RIGHT!
319,BASES_LOADED,L,9D,{batter} SHOWING OFF HIS PULL POWER—THAT ONE'S OUTTA HERE!
320,BASES_LOADED,L,9D,THERE WAS NO DOUBT ABOUT THAT ONE—{batter} GOES YARD!
321,BASES_EMPTY,R,9LD,{batter} LAUNCHES IT—DEEP TO THE OPPOSITE FIELD LINE—AND IT'S GONE!
322,BASES_EMPTY,R,9LD,WILL IT STAY FAIR? {batter} SENDS IT OPPOSITE FIELD FOR A HOMER!
323,BASES_EMPTY,R,9LD,A ROCKET DOWN THE RIGHT FIELD LINE! {batter} GOES THE OTHER WAY!
324,BASES_EMPTY,R,9LD,{batter} HITS A LASER—AND IT SNEAKS OVER THE WALL IN RIGHT!
325,BASES_EMPTY,R,9LD,A HIGH SHOT TO RIGHT—AND IT CLEARS THE FENCE!
326,RUNNER_ON_FIRST,R,9LD,{batter} LAUNCHES IT—DEEP TO THE OPPOSITE FIELD LINE—AND IT'S GONE!
327,RUNNER_ON_FIRST,R,9LD,WILL IT STAY FAIR? {batter} SENDS IT OPPOSITE FIELD FOR A HOMER!
328,RUNNER_ON_FIRST,R,9LD,A ROCKET DOWN THE RIGHT FIELD LINE! {batter} GOES THE OTHER WAY!
329,RUNNER_ON_FIRST,R,9LD,{batter} HITS A LASER—AND IT SNEAKS OVER THE WALL IN RIGHT!
330,RUNNER_ON_FIRST,R,9LD,A HIGH SHOT TO RIGHT—AND IT CLEARS THE FENCE!
331,RUNNER_ON_SECOND,R,9LD,{batter} LAUNCHES IT—DEEP TO THE OPPOSITE FIELD LINE—AND IT'S GONE!
332,RUNNER_ON_SECOND,R,9LD,WILL IT STAY FAIR? {batter} SENDS IT OPPOSITE FIELD FOR A HOMER!
333,RUNNER_ON_SECOND,R,9LD,A ROCKET DOWN THE RIGHT FIELD LINE! {batter} GOES THE OTHER WAY!
334,RUNNER_ON_SECOND,R,9LD,{batter} HITS A LASER—AND IT SNEAKS OVER THE WALL IN RIGHT!
335,RUNNER_ON_SECOND,R,9LD,A HIGH SHOT TO RIGHT—AND IT CLEARS THE FENCE!
336,RUNNER_ON_THIRD,R,9LD,{batter} LAUNCHES IT—DEEP TO THE OPPOSITE FIELD LINE—AND IT'S GONE!
337,RUNNER_ON_THIRD,R,9LD,WILL IT STAY FAIR? {batter} SENDS IT OPPOSITE FIELD FOR A HOMER!
338,RUNNER_ON_THIRD,R,9LD,A ROCKET DOWN THE RIGHT FIELD LINE! {batter} GOES THE OTHER WAY!
339,RUNNER_ON_THIRD,R,9LD,{batter} HITS A LASER—AND IT SNEAKS OVER THE WALL IN RIGHT!
340,RUNNER_ON_THIRD,R,9LD,A HIGH SHOT TO RIGHT—AND IT CLEARS THE FENCE!
341,FIRST_AND_SECOND,R,9LD,{batter} LAUNCHES IT—DEEP TO THE OPPOSITE FIELD LINE—AND IT'S GONE!
342,FIRST_AND_SECOND,R,9LD,WILL IT STAY FAIR? {batter} SENDS IT OPPOSITE FIELD FOR A HOMER!
343,FIRST_AND_SECOND,R,9LD,A ROCKET DOWN THE RIGHT FIELD LINE! {batter} GOES THE OTHER WAY!
344,FIRST_AND_SECOND,R,9LD,{batter} HITS A LASER—AND IT SNEAKS OVER THE WALL IN RIGHT!
345,FIRST_AND_SECOND,R,9LD,A HIGH SHOT TO RIGHT—AND IT CLEARS THE FENCE!
346,FIRST_AND_THIRD,R,9LD,{batter} LAUNCHES IT—DEEP TO THE OPPOSITE FIELD LINE—AND IT'S GONE!
347,FIRST_AND_THIRD,R,9LD,WILL IT STAY FAIR? {batter} SENDS IT OPPOSITE FIELD FOR A HOMER!
348,FIRST_AND_THIRD,R,9LD,A ROCKET DOWN THE RIGHT FIELD LINE! {batter} GOES THE OTHER WAY!
349,FIRST_AND_THIRD,R,9LD,{batter} HITS A LASER—AND IT SNEAKS OVER THE WALL IN RIGHT!
350,FIRST_AND_THIRD,R,9LD,A HIGH SHOT TO RIGHT—AND IT CLEARS THE FENCE!
351,SECOND_AND_THIRD,R,9LD,{batter} LAUNCHES IT—DEEP TO THE OPPOSITE FIELD LINE—AND IT'S GONE!
352,SECOND_AND_THIRD,R,9LD,WILL IT STAY FAIR? {batter} SENDS IT OPPOSITE FIELD FOR A HOMER!
353,SECOND_AND_THIRD,R,9LD,A ROCKET DOWN THE RIGHT FIELD LINE! {batter} GOES THE OTHER WAY!
354,SECOND_AND_THIRD,R,9LD,{batter} HITS A LASER—AND IT SNEAKS OVER THE WALL IN RIGHT!
355,SECOND_AND_THIRD,R,9LD,A HIGH SHOT TO RIGHT—AND IT CLEARS THE FENCE!
356,BASES_LOADED,R,9LD,{batter} LAUNCHES IT—DEEP TO THE OPPOSITE FIELD LINE—AND IT'S GONE!
357,BASES_LOADED,R,9LD,WILL IT STAY FAIR? {batter} SENDS IT OPPOSITE FIELD FOR A HOMER!
358,BASES_LOADED,R,9LD,A ROCKET DOWN THE RIGHT FIELD LINE! {batter} GOES THE OTHER WAY!
359,BASES_LOADED,R,9LD,{batter} HITS A LASER—AND IT SNEAKS OVER THE WALL IN RIGHT!
360,BASES_LOADED,R,9LD,A HIGH SHOT TO RIGHT—AND IT CLEARS THE FENCE!
361,BASES_EMPTY,L,9LD,{batter} PULLS IT—HIGH DRIVE TO THE RIGHT FIELD LINE… GONE!
362,BASES_EMPTY,L,9LD,DOWN THE LINE—AND {batter} KEEPS IT FAIR FOR A HOME RUN!
363,BASES_EMPTY,L,9LD,HAMMERED TO RIGHT—THAT BALL HOOKS INSIDE THE FOUL POLE!
364,BASES_EMPTY,L,9LD,NO CHANCE FOR THE RIGHT FIELDER! {batter} SMASHES IT DOWN THE LINE!
365,BASES_EMPTY,L,9LD,TOWERING DRIVE FROM {batter}—SEE YA LATER!
366,RUNNER_ON_FIRST,L,9LD,{batter} PULLS IT—HIGH DRIVE TO THE RIGHT FIELD LINE… GONE!
367,RUNNER_ON_FIRST,L,9LD,DOWN THE LINE—AND {batter} KEEPS IT FAIR FOR A HOME RUN!
368,RUNNER_ON_FIRST,L,9LD,HAMMERED TO RIGHT—THAT BALL HOOKS INSIDE THE FOUL POLE!
369,RUNNER_ON_FIRST,L,9LD,NO CHANCE FOR THE RIGHT FIELDER! {batter} SMASHES IT DOWN THE LINE!
370,RUNNER_ON_FIRST,L,9LD,TOWERING DRIVE FROM {batter}—SEE YA LATER!
371,RUNNER_ON_SECOND,L,9LD,{batter} PULLS IT—HIGH DRIVE TO THE RIGHT FIELD LINE… GONE!
372,RUNNER_ON_SECOND,L,9LD,DOWN THE LINE—AND {batter} KEEPS IT FAIR FOR A HOME RUN!
373,RUNNER_ON_SECOND,L,9LD,HAMMERED TO RIGHT—THAT BALL HOOKS INSIDE THE FOUL POLE!
374,RUNNER_ON_SECOND,L,9LD,NO CHANCE FOR THE RIGHT FIELDER! {batter} SMASHES IT DOWN THE LINE!
375,RUNNER_ON_SECOND,L,9LD,TOWERING DRIVE FROM {batter}—SEE YA LATER!
376,RUNNER_ON_THIRD,L,9LD,{batter} PULLS IT—HIGH DRIVE TO THE RIGHT FIELD LINE… GONE!
377,RUNNER_ON_THIRD,L,9LD,DOWN THE LINE—AND {batter} KEEPS IT FAIR FOR A HOME RUN!
378,RUNNER_ON_THIRD,L,9LD,HAMMERED TO RIGHT—THAT BALL HOOKS INSIDE THE FOUL POLE!
379,RUNNER_ON_THIRD,L,9LD,NO CHANCE FOR THE RIGHT FIELDER! {batter} SMASHES IT DOWN THE LINE!
380,RUNNER_ON_THIRD,L,9LD,TOWERING DRIVE FROM {batter}—SEE YA LATER!
381,FIRST_AND_SECOND,L,9LD,{batter} PULLS IT—HIGH DRIVE TO THE RIGHT FIELD LINE… GONE!
382,FIRST_AND_SECOND,L,9LD,DOWN THE LINE—AND {batter} KEEPS IT FAIR FOR A HOME RUN!
383,FIRST_AND_SECOND,L,9LD,HAMMERED TO RIGHT—THAT BALL HOOKS INSIDE THE FOUL POLE!
384,FIRST_AND_SECOND,L,9LD,NO CHANCE FOR THE RIGHT FIELDER! {batter} SMASHES IT DOWN THE LINE!
385,FIRST_AND_SECOND,L,9LD,TOWERING DRIVE FROM {batter}—SEE YA LATER!
386,FIRST_AND_THIRD,L,9LD,{batter} PULLS IT—HIGH DRIVE TO THE RIGHT FIELD LINE… GONE!
387,FIRST_AND_THIRD,L,9LD,DOWN THE LINE—AND {batter} KEEPS IT FAIR FOR A HOME RUN!
388,FIRST_AND_THIRD,L,9LD,HAMMERED TO RIGHT—THAT BALL HOOKS INSIDE THE FOUL POLE!
389,FIRST_AND_THIRD,L,9LD,NO CHANCE FOR THE RIGHT FIELDER! {batter} SMASHES IT DOWN THE LINE!
390,FIRST_AND_THIRD,L,9LD,TOWERING DRIVE FROM {batter}—SEE YA LATER!
391,SECOND_AND_THIRD,L,9LD,{batter} PULLS IT—HIGH DRIVE TO THE RIGHT FIELD LINE… GONE!
392,SECOND_AND_THIRD,L,9LD,DOWN THE LINE—AND {batter} KEEPS IT FAIR FOR A HOME RUN!
393,SECOND_AND_THIRD,L,9LD,HAMMERED TO RIGHT—THAT BALL HOOKS INSIDE THE FOUL POLE!
394,SECOND_AND_THIRD,L,9LD,NO CHANCE FOR THE RIGHT FIELDER! {batter} SMASHES IT DOWN THE LINE!
395,SECOND_AND_THIRD,L,9LD,TOWERING DRIVE FROM {batter}—SEE YA LATER!
396,BASES_LOADED,L,9LD,{batter} PULLS IT—HIGH DRIVE TO THE RIGHT FIELD LINE… GONE!
397,BASES_LOADED,L,9LD,DOWN THE LINE—AND {batter} KEEPS IT FAIR FOR A HOME RUN!
398,BASES_LOADED,L,9LD,HAMMERED TO RIGHT—THAT BALL HOOKS INSIDE THE FOUL POLE!
399,BASES_LOADED,L,9LD,NO CHANCE FOR THE RIGHT FIELDER! {batter} SMASHES IT DOWN THE LINE!
400,BASES_LOADED,L,9LD,TOWERING DRIVE FROM {batter}—SEE YA LATER!
401,BASES_EMPTY,R,78XD,{batter} DRILLS ONE TO LEFT-CENTER! BACK AT THE TRACK…GONE!
402,BASES_EMPTY,R,78XD,A DEEP DRIVE TO LEFT-CENTER! {batter} GOT ALL OF THAT ONE!
403,BASES_EMPTY,R,78XD,{batter} SENDS IT HIGH AND FAR…DEEP LEFT-CENTER AND OUTTA HERE!
404,BASES_EMPTY,R,78XD,A CRUSHED BALL TO THE POWER ALLEY! {batter} TURNS ON IT AND SENDS IT OUT!
405,BASES_EMPTY,R,78XD,LEFT-CENTER FIELD—THE OUTFIELDERS LOOK UP…NO CHANCE!
406,BASES_EMPTY,R,78XD,BIG FLY TO LEFT-CENTER! {batter} ROUNDS THE BASES AS IT DISAPPEARS!
407,BASES_EMPTY,R,78XD,{batter} UNLOADS! A LONG SHOT INTO LEFT-CENTER—SEE YA!
408,BASES_EMPTY,R,78XD,A MOONSHOT TO LEFT-CENTER! {batter} GOT EVERY BIT OF THAT!
409,BASES_EMPTY,R,78XD,NO DOUBTER! {batter} LAUNCHES IT INTO THE LEFT-CENTER SEATS!
410,BASES_EMPTY,R,78XD,ANOTHER HOMER FOR {batter}! THIS ONE FIRES INTO THE LEFT-CENTER BLEACHERS!
411,RUNNER_ON_FIRST,R,78XD,{batter} DRILLS ONE TO LEFT-CENTER! BACK AT THE TRACK…GONE!
412,RUNNER_ON_FIRST,R,78XD,A DEEP DRIVE TO LEFT-CENTER! {batter} GOT ALL OF THAT ONE!
413,RUNNER_ON_FIRST,R,78XD,{batter} SENDS IT HIGH AND FAR…DEEP LEFT-CENTER AND OUTTA HERE!
414,RUNNER_ON_FIRST,R,78XD,A CRUSHED BALL TO THE POWER ALLEY! {batter} TURNS ON IT AND SENDS IT OUT!
415,RUNNER_ON_FIRST,R,78XD,LEFT-CENTER FIELD—THE OUTFIELDERS LOOK UP…NO CHANCE!
416,RUNNER_ON_FIRST,R,78XD,BIG FLY TO LEFT-CENTER! {batter} ROUNDS THE BASES AS IT DISAPPEARS!
417,RUNNER_ON_FIRST,R,78XD,{batter} UNLOADS! A LONG SHOT INTO LEFT-CENTER—SEE YA!
418,RUNNER_ON_FIRST,R,78XD,A MOONSHOT TO LEFT-CENTER! {batter} GOT EVERY BIT OF THAT!
419,RUNNER_ON_FIRST,R,78XD,NO DOUBTER! {batter} LAUNCHES IT INTO THE LEFT-CENTER SEATS!
420,RUNNER_ON_FIRST,R,78XD,ANOTHER HOMER FOR {batter}! THIS ONE FIRES INTO THE LEFT-CENTER BLEACHERS!
421,RUNNER_ON_SECOND,R,78XD,{batter} DRILLS ONE TO LEFT-CENTER! BACK AT THE TRACK…GONE!
422,RUNNER_ON_SECOND,R,78XD,A DEEP DRIVE TO LEFT-CENTER! {batter} GOT ALL OF THAT ONE!
423,RUNNER_ON_SECOND,R,78XD,{batter} SENDS IT HIGH AND FAR…DEEP LEFT-CENTER AND OUTTA HERE!
424,RUNNER_ON_SECOND,R,78XD,A CRUSHED BALL TO THE POWER ALLEY! {batter} TURNS ON IT AND SENDS IT OUT!
425,RUNNER_ON_SECOND,R,78XD,LEFT-CENTER FIELD—THE OUTFIELDERS LOOK UP…NO CHANCE!
426,RUNNER_ON_SECOND,R,78XD,BIG FLY TO LEFT-CENTER! {batter} ROUNDS THE BASES AS IT DISAPPEARS!
427,RUNNER_ON_SECOND,R,78XD,{batter} UNLOADS! A LONG SHOT INTO LEFT-CENTER—SEE YA!
428,RUNNER_ON_SECOND,R,78XD,A MOONSHOT TO LEFT-CENTER! {batter} GOT EVERY BIT OF THAT!
429,RUNNER_ON_SECOND,R,78XD,NO DOUBTER! {batter} LAUNCHES IT INTO THE LEFT-CENTER SEATS!
430,RUNNER_ON_SECOND,R,78XD,ANOTHER HOMER FOR {batter}! THIS ONE FIRES INTO THE LEFT-CENTER BLEACHERS!
431,RUNNER_ON_THIRD,R,78XD,{batter} DRILLS ONE TO LEFT-CENTER! BACK AT THE TRACK…GONE!
432,RUNNER_ON_THIRD,R,78XD,A DEEP DRIVE TO LEFT-CENTER! {batter} GOT ALL OF THAT ONE!
433,RUNNER_ON_THIRD,R,78XD,{batter} SENDS IT HIGH AND FAR…DEEP LEFT-CENTER AND OUTTA HERE!
434,RUNNER_ON_THIRD,R,78XD,A CRUSHED BALL TO THE POWER ALLEY! {batter} TURNS ON IT AND SENDS IT OUT!
435,RUNNER_ON_THIRD,R,78XD,LEFT-CENTER FIELD—THE OUTFIELDERS LOOK UP…NO CHANCE!
436,RUNNER_ON_THIRD,R,78XD,BIG FLY TO LEFT-CENTER! {batter} ROUNDS THE BASES AS IT DISAPPEARS!
437,RUNNER_ON_THIRD,R,78XD,{batter} UNLOADS! A LONG SHOT INTO LEFT-CENTER—SEE YA!
438,RUNNER_ON_THIRD,R,78XD,A MOONSHOT TO LEFT-CENTER! {batter} GOT EVERY BIT OF THAT!
439,RUNNER_ON_THIRD,R,78XD,NO DOUBTER! {batter} LAUNCHES IT INTO THE LEFT-CENTER SEATS!
440,RUNNER_ON_THIRD,R,78XD,ANOTHER HOMER FOR {batter}! THIS ONE FIRES INTO THE LEFT-CENTER BLEACHERS!
441,FIRST_AND_SECOND,R,78XD,{batter} DRILLS ONE TO LEFT-CENTER! BACK AT THE TRACK…GONE!
442,FIRST_AND_SECOND,R,78XD,A DEEP DRIVE TO LEFT-CENTER! {batter} GOT ALL OF THAT ONE!
443,FIRST_AND_SECOND,R,78XD,{batter} SENDS IT HIGH AND FAR…DEEP LEFT-CENTER AND OUTTA HERE!
444,FIRST_AND_SECOND,R,78XD,A CRUSHED BALL TO THE POWER ALLEY! {batter} TURNS ON IT AND SENDS IT OUT!
445,FIRST_AND_SECOND,R,78XD,LEFT-CENTER FIELD—THE OUTFIELDERS LOOK UP…NO CHANCE!
446,FIRST_AND_SECOND,R,78XD,BIG FLY TO LEFT-CENTER! {batter} ROUNDS THE BASES AS IT DISAPPEARS!
447,FIRST_AND_SECOND,R,78XD,{batter} UNLOADS! A LONG SHOT INTO LEFT-CENTER—SEE YA!
448,FIRST_AND_SECOND,R,78XD,A MOONSHOT TO LEFT-CENTER! {batter} GOT EVERY BIT OF THAT!
449,FIRST_AND_SECOND,R,78XD,NO DOUBTER! {batter} LAUNCHES IT INTO THE LEFT-CENTER SEATS!
450,FIRST_AND_SECOND,R,78XD,ANOTHER HOMER FOR {batter}! THIS ONE FIRES INTO THE LEFT-CENTER BLEACHERS!
451,FIRST_AND_THIRD,R,78XD,{batter} DRILLS ONE TO LEFT-CENTER! BACK AT THE TRACK…GONE!
452,FIRST_AND_THIRD,R,78XD,A DEEP DRIVE TO LEFT-CENTER! {batter} GOT ALL OF THAT ONE!
453,FIRST_AND_THIRD,R,78XD,{batter} SENDS IT HIGH AND FAR…DEEP LEFT-CENTER AND OUTTA HERE!
454,FIRST_AND_THIRD,R,78XD,A CRUSHED BALL TO THE POWER ALLEY! {batter} TURNS ON IT AND SENDS IT OUT!
455,FIRST_AND_THIRD,R,78XD,LEFT-CENTER FIELD—THE OUTFIELDERS LOOK UP…NO CHANCE!
456,FIRST_AND_THIRD,R,78XD,BIG FLY TO LEFT-CENTER! {batter} ROUNDS THE BASES AS IT DISAPPEARS!
457,FIRST_AND_THIRD,R,78XD,{batter} UNLOADS! A LONG SHOT INTO LEFT-CENTER—SEE YA!
458,FIRST_AND_THIRD,R,78XD,A MOONSHOT TO LEFT-CENTER! {batter} GOT EVERY BIT OF THAT!
459,FIRST_AND_THIRD,R,78XD,NO DOUBTER! {batter} LAUNCHES IT INTO THE LEFT-CENTER SEATS!
460,FIRST_AND_THIRD,R,78XD,ANOTHER HOMER FOR {batter}! THIS ONE FIRES INTO THE LEFT-CENTER BLEACHERS!
461,SECOND_AND_THIRD,R,78XD,{batter} DRILLS ONE TO LEFT-CENTER! BACK AT THE TRACK…GONE!
462,SECOND_AND_THIRD,R,78XD,A DEEP DRIVE TO LEFT-CENTER! {batter} GOT ALL OF THAT ONE!
463,SECOND_AND_THIRD,R,78XD,{batter} SENDS IT HIGH AND FAR…DEEP LEFT-CENTER AND OUTTA HERE!
464,SECOND_AND_THIRD,R,78XD,A CRUSHED BALL TO THE POWER ALLEY! {batter} TURNS ON IT AND SENDS IT OUT!
465,SECOND_AND_THIRD,R,78XD,LEFT-CENTER FIELD—THE OUTFIELDERS LOOK UP…NO CHANCE!
466,SECOND_AND_THIRD,R,78XD,BIG FLY TO LEFT-CENTER! {batter} ROUNDS THE BASES AS IT DISAPPEARS!
467,SECOND_AND_THIRD,R,78XD,{batter} UNLOADS! A LONG SHOT INTO LEFT-CENTER—SEE YA!
468,SECOND_AND_THIRD,R,78XD,A MOONSHOT TO LEFT-CENTER! {batter} GOT EVERY BIT OF THAT!
469,SECOND_AND_THIRD,R,78XD,NO DOUBTER! {batter} LAUNCHES IT INTO THE LEFT-CENTER SEATS!
470,SECOND_AND_THIRD,R,78XD,ANOTHER HOMER FOR {batter}! THIS ONE FIRES INTO THE LEFT-CENTER BLEACHERS!
471,BASES_LOADED,R,78XD,{batter} DRILLS ONE TO LEFT-CENTER! BACK AT THE TRACK…GONE!
472,BASES_LOADED,R,78XD,A DEEP DRIVE TO LEFT-CENTER! {batter} GOT ALL OF THAT ONE!
473,BASES_LOADED,R,78XD,{batter} SENDS IT HIGH AND FAR…DEEP LEFT-CENTER AND OUTTA HERE!
474,BASES_LOADED,R,78XD,A CRUSHED BALL TO THE POWER ALLEY! {batter} TURNS ON IT AND SENDS IT OUT!
475,BASES_LOADED,R,78XD,LEFT-CENTER FIELD—THE OUTFIELDERS LOOK UP…NO CHANCE!
476,BASES_LOADED,R,78XD,BIG FLY TO LEFT-CENTER! {batter} ROUNDS THE BASES AS IT DISAPPEARS!
477,BASES_LOADED,R,78XD,{batter} UNLOADS! A LONG SHOT INTO LEFT-CENTER—SEE YA!
478,BASES_LOADED,R,78XD,A MOONSHOT TO LEFT-CENTER! {batter} GOT EVERY BIT OF THAT!
479,BASES_LOADED,R,78XD,NO DOUBTER! {batter} LAUNCHES IT INTO THE LEFT-CENTER SEATS!
480,BASES_LOADED,R,78XD,ANOTHER HOMER FOR {batter}! THIS ONE FIRES INTO THE LEFT-CENTER BLEACHERS!
481,BASES_EMPTY,L,78XD,"{batter} GOES THE OTHER WAY—LEFT-CENTER, DEEP DRIVE…GONE!"
482,BASES_EMPTY,L,78XD,"AN OPPO POWER SHOT FROM {batter}—LEFT-CENTER FIELD, TOUCH 'EM ALL!"
483,BASES_EMPTY,L,78XD,{batter} SHOWING HIS OPPOSITE FIELD STRENGTH—A NO-DOUBTER TO LEFT-CENTER!
484,BASES_EMPTY,L,78XD,LEFT-HANDED POWER! {batter} LIFTS IT TO LEFT-CENTER AND GONE!
485,BASES_EMPTY,L,78XD,{batter} STAYS BACK AND CRUSHES IT TO LEFT-CENTER—WHAT A SHOT!
486,BASES_EMPTY,L,78XD,OPPOSITE FIELD HOMER! {batter} HAMMERS ONE INTO THE LEFT-CENTER STANDS!
487,BASES_EMPTY,L,78XD,{batter} DRIVES ONE HIGH AND DEEP TO LEFT-CENTER—AND IT'S GONE!
488,BASES_EMPTY,L,78XD,LEFT-CENTER FIELD! {batter} PUTS ANOTHER ONE INTO THE SEATS!
489,BASES_EMPTY,L,78XD,"ANOTHER LONG SHOT FROM {batter}! LEFT-CENTER, BIG TIME POWER!"
490,BASES_EMPTY,L,78XD,OPPO BLAST TO LEFT-CENTER! {batter} KNEW IT OFF THE BAT!
491,RUNNER_ON_FIRST,L,78XD,"{batter} GOES THE OTHER WAY—LEFT-CENTER, DEEP DRIVE…GONE!"
492,RUNNER_ON_FIRST,L,78XD,"AN OPPO POWER SHOT FROM {batter}—LEFT-CENTER FIELD, TOUCH 'EM ALL!"
493,RUNNER_ON_FIRST,L,78XD,{batter} SHOWING HIS OPPOSITE FIELD STRENGTH—A NO-DOUBTER TO LEFT-CENTER!
494,RUNNER_ON_FIRST,L,78XD,LEFT-HANDED POWER! {batter} LIFTS IT TO LEFT-CENTER AND GONE!
495,RUNNER_ON_FIRST,L,78XD,{batter} STAYS BACK AND CRUSHES IT TO LEFT-CENTER—WHAT A SHOT!
496,RUNNER_ON_FIRST,L,78XD,OPPOSITE FIELD HOMER! {batter} HAMMERS ONE INTO THE LEFT-CENTER STANDS!
497,RUNNER_ON_FIRST,L,78XD,{batter} DRIVES ONE HIGH AND DEEP TO LEFT-CENTER—AND IT'S GONE!
498,RUNNER_ON_FIRST,L,78XD,LEFT-CENTER FIELD! {batter} PUTS ANOTHER ONE INTO THE SEATS!
499,RUNNER_ON_FIRST,L,78XD,"ANOTHER LONG SHOT FROM {batter}! LEFT-CENTER, BIG TIME POWER!"
500,RUNNER_ON_FIRST,L,78XD,OPPO BLAST TO LEFT-CENTER! {batter} KNEW IT OFF THE BAT!
501,RUNNER_ON_SECOND,L,78XD,"{batter} GOES THE OTHER WAY—LEFT-CENTER, DEEP DRIVE…GONE!"
502,RUNNER_ON_SECOND,L,78XD,"AN OPPO POWER SHOT FROM {batter}—LEFT-CENTER FIELD, TOUCH 'EM ALL!"
503,RUNNER_ON_SECOND,L,78XD,{batter} SHOWING HIS OPPOSITE FIELD STRENGTH—A NO-DOUBTER TO LEFT-CENTER!
504,RUNNER_ON_SECOND,L,78XD,LEFT-HANDED POWER! {batter} LIFTS IT TO LEFT-CENTER AND GONE!
505,RUNNER_ON_SECOND,L,78XD,{batter} STAYS BACK AND CRUSHES IT TO LEFT-CENTER—WHAT A SHOT!
506,RUNNER_ON_SECOND,L,78XD,OPPOSITE FIELD HOMER! {batter} HAMMERS ONE INTO THE LEFT-CENTER STANDS!
507,RUNNER_ON_SECOND,L,78XD,{batter} DRIVES ONE HIGH AND DEEP TO LEFT-CENTER—AND IT'S GONE!
508,RUNNER_ON_SECOND,L,78XD,LEFT-CENTER FIELD! {batter} PUTS ANOTHER ONE INTO THE SEATS!
509,RUNNER_ON_SECOND,L,78XD,"ANOTHER LONG SHOT FROM {batter}! LEFT-CENTER, BIG TIME POWER!"
510,RUNNER_ON_SECOND,L,78XD,OPPO BLAST TO LEFT-CENTER! {batter} KNEW IT OFF THE BAT!
511,RUNNER_ON_THIRD,L,78XD,"{batter} GOES THE OTHER WAY—LEFT-CENTER, DEEP DRIVE…GONE!"
512,RUNNER_ON_THIRD,L,78XD,"AN OPPO POWER SHOT FROM {batter}—LEFT-CENTER FIELD, TOUCH 'EM ALL!"
513,RUNNER_ON_THIRD,L,78XD,{batter} SHOWING HIS OPPOSITE FIELD STRENGTH—A NO-DOUBTER TO LEFT-CENTER!
514,RUNNER_ON_THIRD,L,78XD,LEFT-HANDED POWER! {batter} LIFTS IT TO LEFT-CENTER AND GONE!
515,RUNNER_ON_THIRD,L,78XD,{batter} STAYS BACK AND CRUSHES IT TO LEFT-CENTER—WHAT A SHOT!
516,RUNNER_ON_THIRD,L,78XD,OPPOSITE FIELD HOMER! {batter} HAMMERS ONE INTO THE LEFT-CENTER STANDS!
517,RUNNER_ON_THIRD,L,78XD,{batter} DRIVES ONE HIGH AND DEEP TO LEFT-CENTER—AND IT'S GONE!
518,RUNNER_ON_THIRD,L,78XD,LEFT-CENTER FIELD! {batter} PUTS ANOTHER ONE INTO THE SEATS!
519,RUNNER_ON_THIRD,L,78XD,"ANOTHER LONG SHOT FROM {batter}! LEFT-CENTER, BIG TIME POWER!"
520,RUNNER_ON_THIRD,L,78XD,OPPO BLAST TO LEFT-CENTER! {batter} KNEW IT OFF THE BAT!
521,FIRST_AND_SECOND,L,78XD,"{batter} GOES THE OTHER WAY—LEFT-CENTER, DEEP DRIVE…GONE!"
522,FIRST_AND_SECOND,L,78XD,"AN OPPO POWER SHOT FROM {batter}—LEFT-CENTER FIELD, TOUCH 'EM ALL!"
523,FIRST_AND_SECOND,L,78XD,{batter} SHOWING HIS OPPOSITE FIELD STRENGTH—A NO-DOUBTER TO LEFT-CENTER!
524,FIRST_AND_SECOND,L,78XD,LEFT-HANDED POWER! {batter} LIFTS IT TO LEFT-CENTER AND GONE!
525,FIRST_AND_SECOND,L,78XD,{batter} STAYS BACK AND CRUSHES IT TO LEFT-CENTER—WHAT A SHOT!
526,FIRST_AND_SECOND,L,78XD,OPPOSITE FIELD HOMER! {batter} HAMMERS ONE INTO THE LEFT-CENTER STANDS!
527,FIRST_AND_SECOND,L,78XD,{batter} DRIVES ONE HIGH AND DEEP TO LEFT-CENTER—AND IT'S GONE!
528,FIRST_AND_SECOND,L,78XD,LEFT-CENTER FIELD! {batter} PUTS ANOTHER ONE INTO THE SEATS!
529,FIRST_AND_SECOND,L,78XD,"ANOTHER LONG SHOT FROM {batter}! LEFT-CENTER, BIG TIME POWER!"
530,FIRST_AND_SECOND,L,78XD,OPPO BLAST TO LEFT-CENTER! {batter} KNEW IT OFF THE BAT!
531,FIRST_AND_THIRD,L,78XD,"{batter} GOES THE OTHER WAY—LEFT-CENTER, DEEP DRIVE…GONE!"
532,FIRST_AND_THIRD,L,78XD,"AN OPPO POWER SHOT FROM {batter}—LEFT-CENTER FIELD, TOUCH 'EM ALL!"
533,FIRST_AND_THIRD,L,78XD,{batter} SHOWING HIS OPPOSITE FIELD STRENGTH—A NO-DOUBTER TO LEFT-CENTER!
534,FIRST_AND_THIRD,L,78XD,LEFT-HANDED POWER! {batter} LIFTS IT TO LEFT-CENTER AND GONE!
535,FIRST_AND_THIRD,L,78XD,{batter} STAYS BACK AND CRUSHES IT TO LEFT-CENTER—WHAT A SHOT!
536,FIRST_AND_THIRD,L,78XD,OPPOSITE FIELD HOMER! {batter} HAMMERS ONE INTO THE LEFT-CENTER STANDS!
537,FIRST_AND_THIRD,L,78XD,{batter} DRIVES ONE HIGH AND DEEP TO LEFT-CENTER—AND IT'S GONE!
538,FIRST_AND_THIRD,L,78XD,LEFT-CENTER FIELD! {batter} PUTS ANOTHER ONE INTO THE SEATS!
539,FIRST_AND_THIRD,L,78XD,"ANOTHER LONG SHOT FROM {batter}! LEFT-CENTER, BIG TIME POWER!"
540,FIRST_AND_THIRD,L,78XD,OPPO BLAST TO LEFT-CENTER! {batter} KNEW IT OFF THE BAT!
541,SECOND_AND_THIRD,L,78XD,"{batter} GOES THE OTHER WAY—LEFT-CENTER, DEEP DRIVE…GONE!"
542,SECOND_AND_THIRD,L,78XD,"AN OPPO POWER SHOT FROM {batter}—LEFT-CENTER FIELD, TOUCH 'EM ALL!"
543,SECOND_AND_THIRD,L,78XD,{batter} SHOWING HIS OPPOSITE FIELD STRENGTH—A NO-DOUBTER TO LEFT-CENTER!
544,SECOND_AND_THIRD,L,78XD,LEFT-HANDED POWER! {batter} LIFTS IT TO LEFT-CENTER AND GONE!
545,SECOND_AND_THIRD,L,78XD,{batter} STAYS BACK AND CRUSHES IT TO LEFT-CENTER—WHAT A SHOT!
546,SECOND_AND_THIRD,L,78XD,OPPOSITE FIELD HOMER! {batter} HAMMERS ONE INTO THE LEFT-CENTER STANDS!
547,SECOND_AND_THIRD,L,78XD,{batter} DRIVES ONE HIGH AND DEEP TO LEFT-CENTER—AND IT'S GONE!
548,SECOND_AND_THIRD,L,78XD,LEFT-CENTER FIELD! {batter} PUTS ANOTHER ONE INTO THE SEATS!
549,SECOND_AND_THIRD,L,78XD,"ANOTHER LONG SHOT FROM {batter}! LEFT-CENTER, BIG TIME POWER!"
550,SECOND_AND_THIRD,L,78XD,OPPO BLAST TO LEFT-CENTER! {batter} KNEW IT OFF THE BAT!
551,BASES_LOADED,L,78XD,"{batter} GOES THE OTHER WAY—LEFT-CENTER, DEEP DRIVE…GONE!"
552,BASES_LOADED,L,78XD,"AN OPPO POWER SHOT FROM {batter}—LEFT-CENTER FIELD, TOUCH 'EM ALL!"
553,BASES_LOADED,L,78XD,{batter} SHOWING HIS OPPOSITE FIELD STRENGTH—A NO-DOUBTER TO LEFT-CENTER!
554,BASES_LOADED,L,78XD,LEFT-HANDED POWER! {batter} LIFTS IT TO LEFT-CENTER AND GONE!
555,BASES_LOADED,L,78XD,{batter} STAYS BACK AND CRUSHES IT TO LEFT-CENTER—WHAT A SHOT!
556,BASES_LOADED,L,78XD,OPPOSITE FIELD HOMER! {batter} HAMMERS ONE INTO THE LEFT-CENTER STANDS!
557,BASES_LOADED,L,78XD,{batter} DRIVES ONE HIGH AND DEEP TO LEFT-CENTER—AND IT'S GONE!
558,BASES_LOADED,L,78XD,LEFT-CENTER FIELD! {batter} PUTS ANOTHER ONE INTO THE SEATS!
559,BASES_LOADED,L,78XD,"ANOTHER LONG SHOT FROM {batter}! LEFT-CENTER, BIG TIME POWER!"
560,BASES_LOADED,L,78XD,OPPO BLAST TO LEFT-CENTER! {batter} KNEW IT OFF THE BAT!
561,BASES_EMPTY,R,89XD,{batter} GOES OPPOSITE FIELD—A DEEP BLAST TO RIGHT-CENTER!
562,BASES_EMPTY,R,89XD,BIG DRIVE TO RIGHT-CENTER! {batter} JUST SENT THAT ONE A LONG WAY!
563,BASES_EMPTY,R,89XD,{batter} CRUSHES IT TO RIGHT-CENTER! THAT BALL IS LONG GONE!
564,BASES_EMPTY,R,89XD,A MASSIVE OPPO TANK FROM {batter}! RIGHT-CENTER POWER!
565,BASES_EMPTY,R,89XD,"BACK, BACK, BACK—RIGHT-CENTER AND IT’S OUTTA HERE!"
566,BASES_EMPTY,R,89XD,"{batter} HAMMERS ONE THE OTHER WAY! RIGHT-CENTER, SEE YA!"
567,BASES_EMPTY,R,89XD,A SHOT TO RIGHT-CENTER! {batter} SHOWS OFF HIS ALL-FIELD POWER!
568,BASES_EMPTY,R,89XD,A LOFTED FLY BALL TO RIGHT-CENTER—CARRYING…AND GONE!
569,BASES_EMPTY,R,89XD,{batter} TAKES IT TO RIGHT-CENTER—HOME RUN!
570,BASES_EMPTY,R,89XD,ANOTHER BIG BLAST! {batter} GOES THE OTHER WAY FOR A HOMER!
571,RUNNER_ON_FIRST,R,89XD,{batter} GOES OPPOSITE FIELD—A DEEP BLAST TO RIGHT-CENTER!
572,RUNNER_ON_FIRST,R,89XD,BIG DRIVE TO RIGHT-CENTER! {batter} JUST SENT THAT ONE A LONG WAY!
573,RUNNER_ON_FIRST,R,89XD,{batter} CRUSHES IT TO RIGHT-CENTER! THAT BALL IS LONG GONE!
574,RUNNER_ON_FIRST,R,89XD,A MASSIVE OPPO TANK FROM {batter}! RIGHT-CENTER POWER!
575,RUNNER_ON_FIRST,R,89XD,"BACK, BACK, BACK—RIGHT-CENTER AND IT’S OUTTA HERE!"
576,RUNNER_ON_FIRST,R,89XD,"{batter} HAMMERS ONE THE OTHER WAY! RIGHT-CENTER, SEE YA!"
577,RUNNER_ON_FIRST,R,89XD,A SHOT TO RIGHT-CENTER! {batter} SHOWS OFF HIS ALL-FIELD POWER!
578,RUNNER_ON_FIRST,R,89XD,A LOFTED FLY BALL TO RIGHT-CENTER—CARRYING…AND GONE!
579,RUNNER_ON_FIRST,R,89XD,{batter} TAKES IT TO RIGHT-CENTER—HOME RUN!
580,RUNNER_ON_FIRST,R,89XD,ANOTHER BIG BLAST! {batter} GOES THE OTHER WAY FOR A HOMER!
581,RUNNER_ON_SECOND,R,89XD,{batter} GOES OPPOSITE FIELD—A DEEP BLAST TO RIGHT-CENTER!
582,RUNNER_ON_SECOND,R,89XD,BIG DRIVE TO RIGHT-CENTER! {batter} JUST SENT THAT ONE A LONG WAY!
583,RUNNER_ON_SECOND,R,89XD,{batter} CRUSHES IT TO RIGHT-CENTER! THAT BALL IS LONG GONE!
584,RUNNER_ON_SECOND,R,89XD,A MASSIVE OPPO TANK FROM {batter}! RIGHT-CENTER POWER!
585,RUNNER_ON_SECOND,R,89XD,"BACK, BACK, BACK—RIGHT-CENTER AND IT’S OUTTA HERE!"
586,RUNNER_ON_SECOND,R,89XD,"{batter} HAMMERS ONE THE OTHER WAY! RIGHT-CENTER, SEE YA!"
587,RUNNER_ON_SECOND,R,89XD,A SHOT TO RIGHT-CENTER! {batter} SHOWS OFF HIS ALL-FIELD POWER!
588,RUNNER_ON_SECOND,R,89XD,A LOFTED FLY BALL TO RIGHT-CENTER—CARRYING…AND GONE!
589,RUNNER_ON_SECOND,R,89XD,{batter} TAKES IT TO RIGHT-CENTER—HOME RUN!
590,RUNNER_ON_SECOND,R,89XD,ANOTHER BIG BLAST! {batter} GOES THE OTHER WAY FOR A HOMER!
591,RUNNER_ON_THIRD,R,89XD,{batter} GOES OPPOSITE FIELD—A DEEP BLAST TO RIGHT-CENTER!
592,RUNNER_ON_THIRD,R,89XD,BIG DRIVE TO RIGHT-CENTER! {batter} JUST SENT THAT ONE A LONG WAY!
593,RUNNER_ON_THIRD,R,89XD,{batter} CRUSHES IT TO RIGHT-CENTER! THAT BALL IS LONG GONE!
594,RUNNER_ON_THIRD,R,89XD,A MASSIVE OPPO TANK FROM {batter}! RIGHT-CENTER POWER!
595,RUNNER_ON_THIRD,R,89XD,"BACK, BACK, BACK—RIGHT-CENTER AND IT’S OUTTA HERE!"
596,RUNNER_ON_THIRD,R,89XD,"{batter} HAMMERS ONE THE OTHER WAY! RIGHT-CENTER, SEE YA!"
597,RUNNER_ON_THIRD,R,89XD,A SHOT TO RIGHT-CENTER! {batter} SHOWS OFF HIS ALL-FIELD POWER!
598,RUNNER_ON_THIRD,R,89XD,A LOFTED FLY BALL TO RIGHT-CENTER—CARRYING…AND GONE!
599,RUNNER_ON_THIRD,R,89XD,{batter} TAKES IT TO RIGHT-CENTER—HOME RUN!
600,RUNNER_ON_THIRD,R,89XD,ANOTHER BIG BLAST! {batter} GOES THE OTHER WAY FOR A HOMER!
601,FIRST_AND_SECOND,R,89XD,{batter} GOES OPPOSITE FIELD—A DEEP BLAST TO RIGHT-CENTER!
602,FIRST_AND_SECOND,R,89XD,BIG DRIVE TO RIGHT-CENTER! {batter} JUST SENT THAT ONE A LONG WAY!
603,FIRST_AND_SECOND,R,89XD,{batter} CRUSHES IT TO RIGHT-CENTER! THAT BALL IS LONG GONE!
604,FIRST_AND_SECOND,R,89XD,A MASSIVE OPPO TANK FROM {batter}! RIGHT-CENTER POWER!
605,FIRST_AND_SECOND,R,89XD,"BACK, BACK, BACK—RIGHT-CENTER AND IT’S OUTTA HERE!"
606,FIRST_AND_SECOND,R,89XD,"{batter} HAMMERS ONE THE OTHER WAY! RIGHT-CENTER, SEE YA!"
607,FIRST_AND_SECOND,R,89XD,A SHOT TO RIGHT-CENTER! {batter} SHOWS OFF HIS ALL-FIELD POWER!
608,FIRST_AND_SECOND,R,89XD,A LOFTED FLY BALL TO RIGHT-CENTER—CARRYING…AND GONE!
609,FIRST_AND_SECOND,R,89XD,{batter} TAKES IT TO RIGHT-CENTER—HOME RUN!
610,FIRST_AND_SECOND,R,89XD,ANOTHER BIG BLAST! {batter} GOES THE OTHER WAY FOR A HOMER!
611,FIRST_AND_THIRD,R,89XD,{batter} GOES OPPOSITE FIELD—A DEEP BLAST TO RIGHT-CENTER!
612,FIRST_AND_THIRD,R,89XD,BIG DRIVE TO RIGHT-CENTER! {batter} JUST SENT THAT ONE A LONG WAY!
613,FIRST_AND_THIRD,R,89XD,{batter} CRUSHES IT TO RIGHT-CENTER! THAT BALL IS LONG GONE!
614,FIRST_AND_THIRD,R,89XD,A MASSIVE OPPO TANK FROM {batter}! RIGHT-CENTER POWER!
615,FIRST_AND_THIRD,R,89XD,"BACK, BACK, BACK—RIGHT-CENTER AND IT’S OUTTA HERE!"
616,FIRST_AND_THIRD,R,89XD,"{batter} HAMMERS ONE THE OTHER WAY! RIGHT-CENTER, SEE YA!"
617,FIRST_AND_THIRD,R,89XD,A SHOT TO RIGHT-CENTER! {batter} SHOWS OFF HIS ALL-FIELD POWER!
618,FIRST_AND_THIRD,R,89XD,A LOFTED FLY BALL TO RIGHT-CENTER—CARRYING…AND GONE!
619,FIRST_AND_THIRD,R,89XD,{batter} TAKES IT TO RIGHT-CENTER—HOME RUN!
620,FIRST_AND_THIRD,R,89XD,ANOTHER BIG BLAST! {batter} GOES THE OTHER WAY FOR A HOMER!
621,SECOND_AND_THIRD,R,89XD,{batter} GOES OPPOSITE FIELD—A DEEP BLAST TO RIGHT-CENTER!
622,SECOND_AND_THIRD,R,89XD,BIG DRIVE TO RIGHT-CENTER! {batter} JUST SENT THAT ONE A LONG WAY!
623,SECOND_AND_THIRD,R,89XD,{batter} CRUSHES IT TO RIGHT-CENTER! THAT BALL IS LONG GONE!
624,SECOND_AND_THIRD,R,89XD,A MASSIVE OPPO TANK FROM {batter}! RIGHT-CENTER POWER!
625,SECOND_AND_THIRD,R,89XD,"BACK, BACK, BACK—RIGHT-CENTER AND IT’S OUTTA HERE!"
626,SECOND_AND_THIRD,R,89XD,"{batter} HAMMERS ONE THE OTHER WAY! RIGHT-CENTER, SEE YA!"
627,SECOND_AND_THIRD,R,89XD,A SHOT TO RIGHT-CENTER! {batter} SHOWS OFF HIS ALL-FIELD POWER!
628,SECOND_AND_THIRD,R,89XD,A LOFTED FLY BALL TO RIGHT-CENTER—CARRYING…AND GONE!
629,SECOND_AND_THIRD,R,89XD,{batter} TAKES IT TO RIGHT-CENTER—HOME RUN!
630,SECOND_AND_THIRD,R,89XD,ANOTHER BIG BLAST! {batter} GOES THE OTHER WAY FOR A HOMER!
631,BASES_LOADED,R,89XD,{batter} GOES OPPOSITE FIELD—A DEEP BLAST TO RIGHT-CENTER!
632,BASES_LOADED,R,89XD,BIG DRIVE TO RIGHT-CENTER! {batter} JUST SENT THAT ONE A LONG WAY!
633,BASES_LOADED,R,89XD,{batter} CRUSHES IT TO RIGHT-CENTER! THAT BALL IS LONG GONE!
634,BASES_LOADED,R,89XD,A MASSIVE OPPO TANK FROM {batter}! RIGHT-CENTER POWER!
635,BASES_LOADED,R,89XD,"BACK, BACK, BACK—RIGHT-CENTER AND IT’S OUTTA HERE!"
636,BASES_LOADED,R,89XD,"{batter} HAMMERS ONE THE OTHER WAY! RIGHT-CENTER, SEE YA!"
637,BASES_LOADED,R,89XD,A SHOT TO RIGHT-CENTER! {batter} SHOWS OFF HIS ALL-FIELD POWER!
638,BASES_LOADED,R,89XD,A LOFTED FLY BALL TO RIGHT-CENTER—CARRYING…AND GONE!
639,BASES_LOADED,R,89XD,{batter} TAKES IT TO RIGHT-CENTER—HOME RUN!
640,BASES_LOADED,R,89XD,ANOTHER BIG BLAST! {batter} GOES THE OTHER WAY FOR A HOMER!
641,BASES_EMPTY,L,89XD,{batter} ABSOLUTELY SMOKES ONE TO RIGHT-CENTER! NO DOUBT ABOUT THAT ONE!
642,BASES_EMPTY,L,89XD,HIGH DRIVE TO RIGHT-CENTER! {batter} DESTROYS THAT PITCH!
643,BASES_EMPTY,L,89XD,"RIGHT-CENTER FIELD—{batter} LAUNCHES IT DEEP, AND IT'S GONE!"
644,BASES_EMPTY,L,89XD,{batter} PUTS A CHARGE INTO THAT ONE! RIGHT-CENTER FIELD—HOMER!
645,BASES_EMPTY,L,89XD,A MONSTER SHOT TO RIGHT-CENTER! {batter} JUST DEMOLISHED THAT BALL!
646,BASES_EMPTY,L,89XD,ANOTHER BOMB! {batter} LIFTS IT TO RIGHT-CENTER AND OUT!
647,BASES_EMPTY,L,89XD,{batter} GOES YARD! A NO-DOUBTER INTO THE RIGHT-CENTER BLEACHERS!
648,BASES_EMPTY,L,89XD,HANGING BREAKING BALL—AND {batter} SENDS IT OUT TO RIGHT-CENTER!
649,BASES_EMPTY,L,89XD,OPPOSITE FIELD NO-DOUBTER! {batter} SHOWS OFF HIS POWER!
650,BASES_EMPTY,L,89XD,"THE BALL JUST KEEPS GOING—RIGHT-CENTER, TOUCH 'EM ALL!"
651,RUNNER_ON_FIRST,L,89XD,{batter} ABSOLUTELY SMOKES ONE TO RIGHT-CENTER! NO DOUBT ABOUT THAT ONE!
652,RUNNER_ON_FIRST,L,89XD,HIGH DRIVE TO RIGHT-CENTER! {batter} DESTROYS THAT PITCH!
653,RUNNER_ON_FIRST,L,89XD,"RIGHT-CENTER FIELD—{batter} LAUNCHES IT DEEP, AND IT'S GONE!"
654,RUNNER_ON_FIRST,L,89XD,{batter} PUTS A CHARGE INTO THAT ONE! RIGHT-CENTER FIELD—HOMER!
655,RUNNER_ON_FIRST,L,89XD,A MONSTER SHOT TO RIGHT-CENTER! {batter} JUST DEMOLISHED THAT BALL!
656,RUNNER_ON_FIRST,L,89XD,ANOTHER BOMB! {batter} LIFTS IT TO RIGHT-CENTER AND OUT!
657,RUNNER_ON_FIRST,L,89XD,{batter} GOES YARD! A NO-DOUBTER INTO THE RIGHT-CENTER BLEACHERS!
658,RUNNER_ON_FIRST,L,89XD,HANGING BREAKING BALL—AND {batter} SENDS IT OUT TO RIGHT-CENTER!
659,RUNNER_ON_FIRST,L,89XD,OPPOSITE FIELD NO-DOUBTER! {batter} SHOWS OFF HIS POWER!
660,RUNNER_ON_FIRST,L,89XD,"THE BALL JUST KEEPS GOING—RIGHT-CENTER, TOUCH 'EM ALL!"
661,RUNNER_ON_SECOND,L,89XD,{batter} ABSOLUTELY SMOKES ONE TO RIGHT-CENTER! NO DOUBT ABOUT THAT ONE!
662,RUNNER_ON_SECOND,L,89XD,HIGH DRIVE TO RIGHT-CENTER! {batter} DESTROYS THAT PITCH!
663,RUNNER_ON_SECOND,L,89XD,"RIGHT-CENTER FIELD—{batter} LAUNCHES IT DEEP, AND IT'S GONE!"
664,RUNNER_ON_SECOND,L,89XD,{batter} PUTS A CHARGE INTO THAT ONE! RIGHT-CENTER FIELD—HOMER!
665,RUNNER_ON_SECOND,L,89XD,A MONSTER SHOT TO RIGHT-CENTER! {batter} JUST DEMOLISHED THAT BALL!
666,RUNNER_ON_SECOND,L,89XD,ANOTHER BOMB! {batter} LIFTS IT TO RIGHT-CENTER AND OUT!
667,RUNNER_ON_SECOND,L,89XD,{batter} GOES YARD! A NO-DOUBTER INTO THE RIGHT-CENTER BLEACHERS!
668,RUNNER_ON_SECOND,L,89XD,HANGING BREAKING BALL—AND {batter} SENDS IT OUT TO RIGHT-CENTER!
669,RUNNER_ON_SECOND,L,89XD,OPPOSITE FIELD NO-DOUBTER! {batter} SHOWS OFF HIS POWER!
670,RUNNER_ON_SECOND,L,89XD,"THE BALL JUST KEEPS GOING—RIGHT-CENTER, TOUCH 'EM ALL!"
671,RUNNER_ON_THIRD,L,89XD,{batter} ABSOLUTELY SMOKES ONE TO RIGHT-CENTER! NO DOUBT ABOUT THAT ONE!
672,RUNNER_ON_THIRD,L,89XD,HIGH DRIVE TO RIGHT-CENTER! {batter} DESTROYS THAT PITCH!
673,RUNNER_ON_THIRD,L,89XD,"RIGHT-CENTER FIELD—{batter} LAUNCHES IT DEEP, AND IT'S GONE!"
674,RUNNER_ON_THIRD,L,89XD,{batter} PUTS A CHARGE INTO THAT ONE! RIGHT-CENTER FIELD—HOMER!
675,RUNNER_ON_THIRD,L,89XD,A MONSTER SHOT TO RIGHT-CENTER! {batter} JUST DEMOLISHED THAT BALL!
676,RUNNER_ON_THIRD,L,89XD,ANOTHER BOMB! {batter} LIFTS IT TO RIGHT-CENTER AND OUT!
677,RUNNER_ON_THIRD,L,89XD,{batter} GOES YARD! A NO-DOUBTER INTO THE RIGHT-CENTER BLEACHERS!
678,RUNNER_ON_THIRD,L,89XD,HANGING BREAKING BALL—AND {batter} SENDS IT OUT TO RIGHT-CENTER!
679,RUNNER_ON_THIRD,L,89XD,OPPOSITE FIELD NO-DOUBTER! {batter} SHOWS OFF HIS POWER!
680,RUNNER_ON_THIRD,L,89XD,"THE BALL JUST KEEPS GOING—RIGHT-CENTER, TOUCH 'EM ALL!"
681,FIRST_AND_SECOND,L,89XD,{batter} ABSOLUTELY SMOKES ONE TO RIGHT-CENTER! NO DOUBT ABOUT THAT ONE!
682,FIRST_AND_SECOND,L,89XD,HIGH DRIVE TO RIGHT-CENTER! {batter} DESTROYS THAT PITCH!
683,FIRST_AND_SECOND,L,89XD,"RIGHT-CENTER FIELD—{batter} LAUNCHES IT DEEP, AND IT'S GONE!"
684,FIRST_AND_SECOND,L,89XD,{batter} PUTS A CHARGE INTO THAT ONE! RIGHT-CENTER FIELD—HOMER!
685,FIRST_AND_SECOND,L,89XD,A MONSTER SHOT TO RIGHT-CENTER! {batter} JUST DEMOLISHED THAT BALL!
686,FIRST_AND_SECOND,L,89XD,ANOTHER BOMB! {batter} LIFTS IT TO RIGHT-CENTER AND OUT!
687,FIRST_AND_SECOND,L,89XD,{batter} GOES YARD! A NO-DOUBTER INTO THE RIGHT-CENTER BLEACHERS!
688,FIRST_AND_SECOND,L,89XD,HANGING BREAKING BALL—AND {batter} SENDS IT OUT TO RIGHT-CENTER!
689,FIRST_AND_SECOND,L,89XD,OPPOSITE FIELD NO-DOUBTER! {batter} SHOWS OFF HIS POWER!
690,FIRST_AND_SECOND,L,89XD,"THE BALL JUST KEEPS GOING—RIGHT-CENTER, TOUCH 'EM ALL!"
691,FIRST_AND_THIRD,L,89XD,{batter} ABSOLUTELY SMOKES ONE TO RIGHT-CENTER! NO DOUBT ABOUT THAT ONE!
692,FIRST_AND_THIRD,L,89XD,HIGH DRIVE TO RIGHT-CENTER! {batter} DESTROYS THAT PITCH!
693,FIRST_AND_THIRD,L,89XD,"RIGHT-CENTER FIELD—{batter} LAUNCHES IT DEEP, AND IT'S GONE!"
694,FIRST_AND_THIRD,L,89XD,{batter} PUTS A CHARGE INTO THAT ONE! RIGHT-CENTER FIELD—HOMER!
695,FIRST_AND_THIRD,L,89XD,A MONSTER SHOT TO RIGHT-CENTER! {batter} JUST DEMOLISHED THAT BALL!
696,FIRST_AND_THIRD,L,89XD,ANOTHER BOMB! {batter} LIFTS IT TO RIGHT-CENTER AND OUT!
697,FIRST_AND_THIRD,L,89XD,{batter} GOES YARD! A NO-DOUBTER INTO THE RIGHT-CENTER BLEACHERS!
698,FIRST_AND_THIRD,L,89XD,HANGING BREAKING BALL—AND {batter} SENDS IT OUT TO RIGHT-CENTER!
699,FIRST_AND_THIRD,L,89XD,OPPOSITE FIELD NO-DOUBTER! {batter} SHOWS OFF HIS POWER!
700,FIRST_AND_THIRD,L,89XD,"THE BALL JUST KEEPS GOING—RIGHT-CENTER, TOUCH 'EM ALL!"
701,SECOND_AND_THIRD,L,89XD,{batter} ABSOLUTELY SMOKES ONE TO RIGHT-CENTER! NO DOUBT ABOUT THAT ONE!
702,SECOND_AND_THIRD,L,89XD,HIGH DRIVE TO RIGHT-CENTER! {batter} DESTROYS THAT PITCH!
703,SECOND_AND_THIRD,L,89XD,"RIGHT-CENTER FIELD—{batter} LAUNCHES IT DEEP, AND IT'S GONE!"
704,SECOND_AND_THIRD,L,89XD,{batter} PUTS A CHARGE INTO THAT ONE! RIGHT-CENTER FIELD—HOMER!
705,SECOND_AND_THIRD,L,89XD,A MONSTER SHOT TO RIGHT-CENTER! {batter} JUST DEMOLISHED THAT BALL!
706,SECOND_AND_THIRD,L,89XD,ANOTHER BOMB! {batter} LIFTS IT TO RIGHT-CENTER AND OUT!
707,SECOND_AND_THIRD,L,89XD,{batter} GOES YARD! A NO-DOUBTER INTO THE RIGHT-CENTER BLEACHERS!
708,SECOND_AND_THIRD,L,89XD,HANGING BREAKING BALL—AND {batter} SENDS IT OUT TO RIGHT-CENTER!
709,SECOND_AND_THIRD,L,89XD,OPPOSITE FIELD NO-DOUBTER! {batter} SHOWS OFF HIS POWER!
710,SECOND_AND_THIRD,L,89XD,"THE BALL JUST KEEPS GOING—RIGHT-CENTER, TOUCH 'EM ALL!"
711,BASES_LOADED,L,89XD,{batter} ABSOLUTELY SMOKES ONE TO RIGHT-CENTER! NO DOUBT ABOUT THAT ONE!
712,BASES_LOADED,L,89XD,HIGH DRIVE TO RIGHT-CENTER! {batter} DESTROYS THAT PITCH!
713,BASES_LOADED,L,89XD,"RIGHT-CENTER FIELD—{batter} LAUNCHES IT DEEP, AND IT'S GONE!"
714,BASES_LOADED,L,89XD,{batter} PUTS A CHARGE INTO THAT ONE! RIGHT-CENTER FIELD—HOMER!
715,BASES_LOADED,L,89XD,A MONSTER SHOT TO RIGHT-CENTER! {batter} JUST DEMOLISHED THAT BALL!
716,BASES_LOADED,L,89XD,ANOTHER BOMB! {batter} LIFTS IT TO RIGHT-CENTER AND OUT!
717,BASES_LOADED,L,89XD,{batter} GOES YARD! A NO-DOUBTER INTO THE RIGHT-CENTER BLEACHERS!
718,BASES_LOADED,L,89XD,HANGING BREAKING BALL—AND {batter} SENDS IT OUT TO RIGHT-CENTER!
719,BASES_LOADED,L,89XD,OPPOSITE FIELD NO-DOUBTER! {batter} SHOWS OFF HIS POWER!
720,BASES_LOADED,L,89XD,"THE BALL JUST KEEPS GOING—RIGHT-CENTER, TOUCH 'EM ALL!"
