id,length,starting_pitch,sequence
1,1,X,X
2,2,B,"B, X"
3,2,S,"S, X"
4,2,C,"C, X"
5,2,F,"F, X"
6,3,B,"B, B, X"
7,3,B,"B, S, X"
8,3,B,"B, C, X"
9,3,B,"B, F, X"
10,3,S,"S, B, X"
11,3,S,"S, F, X"
12,3,C,"C, B, X"
13,3,C,"C, F, X"
14,3,F,"F, B, X"
15,3,F,"F, F, X"
16,4,B,"B, B, B, X"
17,4,B,"B, B, S, X"
18,4,B,"B, B, C, X"
19,4,B,"B, B, F, X"
20,4,B,"B, S, B, X"
21,4,B,"B, S, F, X"
22,4,B,"B, C, B, X"
23,4,B,"B, C, F, X"
24,4,B,"B, F, B, X"
25,4,B,"B, F, F, X"
26,4,S,"S, B, B, X"
27,4,S,"S, B, F, X"
28,4,S,"S, F, B, X"
29,4,S,"S, F, F, X"
30,4,C,"C, B, B, X"
31,4,C,"C, B, F, X"
32,4,C,"C, F, B, X"
33,4,C,"C, F, F, X"
34,4,F,"F, B, B, X"
35,4,F,"F, B, F, X"
36,4,F,"F, F, B, X"
37,4,F,"F, F, F, X"
38,5,B,"B, B, B, S, X"
39,5,B,"B, B, B, C, X"
40,5,B,"B, B, B, F, X"
41,5,B,"B, B, S, B, X"
42,5,B,"B, B, S, F, X"
43,5,B,"B, B, C, B, X"
44,5,B,"B, B, C, F, X"
45,5,B,"B, B, F, B, X"
46,5,B,"B, B, F, F, X"
47,5,B,"B, S, B, B, X"
48,5,B,"B, S, B, F, X"
49,5,B,"B, S, F, B, X"
50,5,B,"B, S, F, F, X"
51,5,B,"B, C, B, B, X"
52,5,B,"B, C, B, F, X"
53,5,B,"B, C, F, B, X"
54,5,B,"B, C, F, F, X"
55,5,B,"B, F, B, B, X"
56,5,B,"B, F, B, F, X"
57,5,B,"B, F, F, B, X"
58,5,B,"B, F, F, F, X"
59,5,S,"S, B, B, B, X"
60,5,S,"S, B, B, F, X"
61,5,S,"S, B, F, B, X"
62,5,S,"S, B, F, F, X"
63,5,S,"S, F, B, B, X"
64,5,S,"S, F, B, F, X"
65,5,S,"S, F, F, B, X"
66,5,S,"S, F, F, F, X"
67,5,C,"C, B, B, B, X"
68,5,C,"C, B, B, F, X"
69,5,C,"C, B, F, B, X"
70,5,C,"C, B, F, F, X"
71,5,C,"C, F, B, B, X"
72,5,C,"C, F, B, F, X"
73,5,C,"C, F, F, B, X"
74,5,C,"C, F, F, F, X"
75,5,F,"F, B, B, B, X"
76,5,F,"F, B, B, F, X"
77,5,F,"F, B, F, B, X"
78,5,F,"F, B, F, F, X"
79,5,F,"F, F, B, B, X"
80,5,F,"F, F, B, F, X"
81,5,F,"F, F, F, B, X"
82,5,F,"F, F, F, F, X"
83,6,B,"B, B, B, S, F, X"
84,6,B,"B, B, B, C, F, X"
85,6,B,"B, B, B, F, F, X"
86,6,B,"B, B, S, B, F, X"
87,6,B,"B, B, S, F, B, X"
88,6,B,"B, B, S, F, F, X"
89,6,B,"B, B, C, B, F, X"
90,6,B,"B, B, C, F, B, X"
91,6,B,"B, B, C, F, F, X"
92,6,B,"B, B, F, B, F, X"
93,6,B,"B, B, F, F, B, X"
94,6,B,"B, B, F, F, F, X"
95,6,B,"B, S, B, B, F, X"
96,6,B,"B, S, B, F, B, X"
97,6,B,"B, S, B, F, F, X"
98,6,B,"B, S, F, B, B, X"
99,6,B,"B, S, F, B, F, X"
100,6,B,"B, S, F, F, B, X"
101,6,B,"B, S, F, F, F, X"
102,6,B,"B, C, B, B, F, X"
103,6,B,"B, C, B, F, B, X"
104,6,B,"B, C, B, F, F, X"
105,6,B,"B, C, F, B, B, X"
106,6,B,"B, C, F, B, F, X"
107,6,B,"B, C, F, F, B, X"
108,6,B,"B, C, F, F, F, X"
109,6,B,"B, F, B, B, F, X"
110,6,B,"B, F, B, F, B, X"
111,6,B,"B, F, B, F, F, X"
112,6,B,"B, F, F, B, B, X"
113,6,B,"B, F, F, B, F, X"
114,6,B,"B, F, F, F, B, X"
115,6,B,"B, F, F, F, F, X"
116,6,S,"S, B, B, B, F, X"
117,6,S,"S, B, B, F, B, X"
118,6,S,"S, B, B, F, F, X"
119,6,S,"S, B, F, B, B, X"
120,6,S,"S, B, F, B, F, X"
121,6,S,"S, B, F, F, B, X"
122,6,S,"S, B, F, F, F, X"
123,6,S,"S, F, B, B, B, X"
124,6,S,"S, F, B, B, F, X"
125,6,S,"S, F, B, F, B, X"
126,6,S,"S, F, B, F, F, X"
127,6,S,"S, F, F, B, B, X"
128,6,S,"S, F, F, B, F, X"
129,6,S,"S, F, F, F, B, X"
130,6,S,"S, F, F, F, F, X"
131,6,C,"C, B, B, B, F, X"
132,6,C,"C, B, B, F, B, X"
133,6,C,"C, B, B, F, F, X"
134,6,C,"C, B, F, B, B, X"
135,6,C,"C, B, F, B, F, X"
136,6,C,"C, B, F, F, B, X"
137,6,C,"C, B, F, F, F, X"
138,6,C,"C, F, B, B, B, X"
139,6,C,"C, F, B, B, F, X"
140,6,C,"C, F, B, F, B, X"
141,6,C,"C, F, B, F, F, X"
142,6,C,"C, F, F, B, B, X"
143,6,C,"C, F, F, B, F, X"
144,6,C,"C, F, F, F, B, X"
145,6,C,"C, F, F, F, F, X"
146,6,F,"F, B, B, B, F, X"
147,6,F,"F, B, B, F, B, X"
148,6,F,"F, B, B, F, F, X"
149,6,F,"F, B, F, B, B, X"
150,6,F,"F, B, F, B, F, X"
151,6,F,"F, B, F, F, B, X"
152,6,F,"F, B, F, F, F, X"
153,6,F,"F, F, B, B, B, X"
154,6,F,"F, F, B, B, F, X"
155,6,F,"F, F, B, F, B, X"
156,6,F,"F, F, B, F, F, X"
157,6,F,"F, F, F, B, B, X"
158,6,F,"F, F, F, B, F, X"
159,6,F,"F, F, F, F, B, X"
160,6,F,"F, F, F, F, F, X"
161,7,B,"B, B, B, S, F, F, X"
162,7,B,"B, B, B, C, F, F, X"
163,7,B,"B, B, B, F, F, F, X"
164,7,B,"B, B, S, B, F, F, X"
165,7,B,"B, B, S, F, B, F, X"
166,7,B,"B, B, S, F, F, B, X"
167,7,B,"B, B, S, F, F, F, X"
168,7,B,"B, B, C, B, F, F, X"
169,7,B,"B, B, C, F, B, F, X"
170,7,B,"B, B, C, F, F, B, X"
171,7,B,"B, B, C, F, F, F, X"
172,7,B,"B, B, F, B, F, F, X"
173,7,B,"B, B, F, F, B, F, X"
174,7,B,"B, B, F, F, F, B, X"
175,7,B,"B, B, F, F, F, F, X"
176,7,B,"B, S, B, B, F, F, X"
177,7,B,"B, S, B, F, B, F, X"
178,7,B,"B, S, B, F, F, B, X"
179,7,B,"B, S, B, F, F, F, X"
180,7,B,"B, S, F, B, B, F, X"
181,7,B,"B, S, F, B, F, B, X"
182,7,B,"B, S, F, B, F, F, X"
183,7,B,"B, S, F, F, B, B, X"
184,7,B,"B, S, F, F, B, F, X"
185,7,B,"B, S, F, F, F, B, X"
186,7,B,"B, S, F, F, F, F, X"
187,7,B,"B, C, B, B, F, F, X"
188,7,B,"B, C, B, F, B, F, X"
189,7,B,"B, C, B, F, F, B, X"
190,7,B,"B, C, B, F, F, F, X"
191,7,B,"B, C, F, B, B, F, X"
192,7,B,"B, C, F, B, F, B, X"
193,7,B,"B, C, F, B, F, F, X"
194,7,B,"B, C, F, F, B, B, X"
195,7,B,"B, C, F, F, B, F, X"
196,7,B,"B, C, F, F, F, B, X"
197,7,B,"B, C, F, F, F, F, X"
198,7,B,"B, F, B, B, F, F, X"
199,7,B,"B, F, B, F, B, F, X"
200,7,B,"B, F, B, F, F, B, X"
201,7,B,"B, F, B, F, F, F, X"
202,7,B,"B, F, F, B, B, F, X"
203,7,B,"B, F, F, B, F, B, X"
204,7,B,"B, F, F, B, F, F, X"
205,7,B,"B, F, F, F, B, B, X"
206,7,B,"B, F, F, F, B, F, X"
207,7,B,"B, F, F, F, F, B, X"
208,7,B,"B, F, F, F, F, F, X"
209,7,S,"S, B, B, B, F, F, X"
210,7,S,"S, B, B, F, B, F, X"
211,7,S,"S, B, B, F, F, B, X"
212,7,S,"S, B, B, F, F, F, X"
213,7,S,"S, B, F, B, B, F, X"
214,7,S,"S, B, F, B, F, B, X"
215,7,S,"S, B, F, B, F, F, X"
216,7,S,"S, B, F, F, B, B, X"
217,7,S,"S, B, F, F, B, F, X"
218,7,S,"S, B, F, F, F, B, X"
219,7,S,"S, B, F, F, F, F, X"
220,7,S,"S, F, B, B, B, F, X"
221,7,S,"S, F, B, B, F, B, X"
222,7,S,"S, F, B, B, F, F, X"
223,7,S,"S, F, B, F, B, B, X"
224,7,S,"S, F, B, F, B, F, X"
225,7,S,"S, F, B, F, F, B, X"
226,7,S,"S, F, B, F, F, F, X"
227,7,S,"S, F, F, B, B, B, X"
228,7,S,"S, F, F, B, B, F, X"
229,7,S,"S, F, F, B, F, B, X"
230,7,S,"S, F, F, B, F, F, X"
231,7,S,"S, F, F, F, B, B, X"
232,7,S,"S, F, F, F, B, F, X"
233,7,S,"S, F, F, F, F, B, X"
234,7,S,"S, F, F, F, F, F, X"
235,7,C,"C, B, B, B, F, F, X"
236,7,C,"C, B, B, F, B, F, X"
237,7,C,"C, B, B, F, F, B, X"
238,7,C,"C, B, B, F, F, F, X"
239,7,C,"C, B, F, B, B, F, X"
240,7,C,"C, B, F, B, F, B, X"
241,7,C,"C, B, F, B, F, F, X"
242,7,C,"C, B, F, F, B, B, X"
243,7,C,"C, B, F, F, B, F, X"
244,7,C,"C, B, F, F, F, B, X"
245,7,C,"C, B, F, F, F, F, X"
246,7,C,"C, F, B, B, B, F, X"
247,7,C,"C, F, B, B, F, B, X"
248,7,C,"C, F, B, B, F, F, X"
249,7,C,"C, F, B, F, B, B, X"
250,7,C,"C, F, B, F, B, F, X"
251,7,C,"C, F, B, F, F, B, X"
252,7,C,"C, F, B, F, F, F, X"
253,7,C,"C, F, F, B, B, B, X"
254,7,C,"C, F, F, B, B, F, X"
255,7,C,"C, F, F, B, F, B, X"
256,7,C,"C, F, F, B, F, F, X"
257,7,C,"C, F, F, F, B, B, X"
258,7,C,"C, F, F, F, B, F, X"
259,7,C,"C, F, F, F, F, B, X"
260,7,C,"C, F, F, F, F, F, X"
261,7,F,"F, B, B, B, F, F, X"
262,7,F,"F, B, B, F, B, F, X"
263,7,F,"F, B, B, F, F, B, X"
264,7,F,"F, B, B, F, F, F, X"
265,7,F,"F, B, F, B, B, F, X"
266,7,F,"F, B, F, B, F, B, X"
267,7,F,"F, B, F, B, F, F, X"
268,7,F,"F, B, F, F, B, B, X"
269,7,F,"F, B, F, F, B, F, X"
270,7,F,"F, B, F, F, F, B, X"
271,7,F,"F, B, F, F, F, F, X"
272,7,F,"F, F, B, B, B, F, X"
273,7,F,"F, F, B, B, F, B, X"
274,7,F,"F, F, B, B, F, F, X"
275,7,F,"F, F, B, F, B, B, X"
276,7,F,"F, F, B, F, B, F, X"
277,7,F,"F, F, B, F, F, B, X"
278,7,F,"F, F, B, F, F, F, X"
279,7,F,"F, F, F, B, B, B, X"
280,7,F,"F, F, F, B, B, F, X"
281,7,F,"F, F, F, B, F, B, X"
282,7,F,"F, F, F, B, F, F, X"
283,7,F,"F, F, F, F, B, B, X"
284,7,F,"F, F, F, F, B, F, X"
285,7,F,"F, F, F, F, F, B, X"
286,7,F,"F, F, F, F, F, F, X"
287,8,B,"B, B, B, S, F, F, F, X"
288,8,B,"B, B, B, C, F, F, F, X"
289,8,B,"B, B, B, F, F, F, F, X"
290,8,B,"B, B, S, B, F, F, F, X"
291,8,B,"B, B, S, F, B, F, F, X"
292,8,B,"B, B, S, F, F, B, F, X"
293,8,B,"B, B, S, F, F, F, B, X"
294,8,B,"B, B, S, F, F, F, F, X"
295,8,B,"B, B, C, B, F, F, F, X"
296,8,B,"B, B, C, F, B, F, F, X"
297,8,B,"B, B, C, F, F, B, F, X"
298,8,B,"B, B, C, F, F, F, B, X"
299,8,B,"B, B, C, F, F, F, F, X"
300,8,B,"B, B, F, B, F, F, F, X"
301,8,B,"B, B, F, F, B, F, F, X"
302,8,B,"B, B, F, F, F, B, F, X"
303,8,B,"B, B, F, F, F, F, B, X"
304,8,B,"B, B, F, F, F, F, F, X"
305,8,B,"B, S, B, B, F, F, F, X"
306,8,B,"B, S, B, F, B, F, F, X"
307,8,B,"B, S, B, F, F, B, F, X"
308,8,B,"B, S, B, F, F, F, B, X"
309,8,B,"B, S, B, F, F, F, F, X"
310,8,B,"B, S, F, B, B, F, F, X"
311,8,B,"B, S, F, B, F, B, F, X"
312,8,B,"B, S, F, B, F, F, B, X"
313,8,B,"B, S, F, B, F, F, F, X"
314,8,B,"B, S, F, F, B, B, F, X"
315,8,B,"B, S, F, F, B, F, B, X"
316,8,B,"B, S, F, F, B, F, F, X"
317,8,B,"B, S, F, F, F, B, B, X"
318,8,B,"B, S, F, F, F, B, F, X"
319,8,B,"B, S, F, F, F, F, B, X"
320,8,B,"B, S, F, F, F, F, F, X"
321,8,B,"B, C, B, B, F, F, F, X"
322,8,B,"B, C, B, F, B, F, F, X"
323,8,B,"B, C, B, F, F, B, F, X"
324,8,B,"B, C, B, F, F, F, B, X"
325,8,B,"B, C, B, F, F, F, F, X"
326,8,B,"B, C, F, B, B, F, F, X"
327,8,B,"B, C, F, B, F, B, F, X"
328,8,B,"B, C, F, B, F, F, B, X"
329,8,B,"B, C, F, B, F, F, F, X"
330,8,B,"B, C, F, F, B, B, F, X"
331,8,B,"B, C, F, F, B, F, B, X"
332,8,B,"B, C, F, F, B, F, F, X"
333,8,B,"B, C, F, F, F, B, B, X"
334,8,B,"B, C, F, F, F, B, F, X"
335,8,B,"B, C, F, F, F, F, B, X"
336,8,B,"B, C, F, F, F, F, F, X"
337,8,B,"B, F, B, B, F, F, F, X"
338,8,B,"B, F, B, F, B, F, F, X"
339,8,B,"B, F, B, F, F, B, F, X"
340,8,B,"B, F, B, F, F, F, B, X"
341,8,B,"B, F, B, F, F, F, F, X"
342,8,B,"B, F, F, B, B, F, F, X"
343,8,B,"B, F, F, B, F, B, F, X"
344,8,B,"B, F, F, B, F, F, B, X"
345,8,B,"B, F, F, B, F, F, F, X"
346,8,B,"B, F, F, F, B, B, F, X"
347,8,B,"B, F, F, F, B, F, B, X"
348,8,B,"B, F, F, F, B, F, F, X"
349,8,B,"B, F, F, F, F, B, B, X"
350,8,B,"B, F, F, F, F, B, F, X"
351,8,B,"B, F, F, F, F, F, B, X"
352,8,B,"B, F, F, F, F, F, F, X"
353,8,S,"S, B, B, B, F, F, F, X"
354,8,S,"S, B, B, F, B, F, F, X"
355,8,S,"S, B, B, F, F, B, F, X"
356,8,S,"S, B, B, F, F, F, B, X"
357,8,S,"S, B, B, F, F, F, F, X"
358,8,S,"S, B, F, B, B, F, F, X"
359,8,S,"S, B, F, B, F, B, F, X"
360,8,S,"S, B, F, B, F, F, B, X"
361,8,S,"S, B, F, B, F, F, F, X"
362,8,S,"S, B, F, F, B, B, F, X"
363,8,S,"S, B, F, F, B, F, B, X"
364,8,S,"S, B, F, F, B, F, F, X"
365,8,S,"S, B, F, F, F, B, B, X"
366,8,S,"S, B, F, F, F, B, F, X"
367,8,S,"S, B, F, F, F, F, B, X"
368,8,S,"S, B, F, F, F, F, F, X"
369,8,S,"S, F, B, B, B, F, F, X"
370,8,S,"S, F, B, B, F, B, F, X"
371,8,S,"S, F, B, B, F, F, B, X"
372,8,S,"S, F, B, B, F, F, F, X"
373,8,S,"S, F, B, F, B, B, F, X"
374,8,S,"S, F, B, F, B, F, B, X"
375,8,S,"S, F, B, F, B, F, F, X"
376,8,S,"S, F, B, F, F, B, B, X"
377,8,S,"S, F, B, F, F, B, F, X"
378,8,S,"S, F, B, F, F, F, B, X"
379,8,S,"S, F, B, F, F, F, F, X"
380,8,S,"S, F, F, B, B, B, F, X"
381,8,S,"S, F, F, B, B, F, B, X"
382,8,S,"S, F, F, B, B, F, F, X"
383,8,S,"S, F, F, B, F, B, B, X"
384,8,S,"S, F, F, B, F, B, F, X"
385,8,S,"S, F, F, B, F, F, B, X"
386,8,S,"S, F, F, B, F, F, F, X"
387,8,S,"S, F, F, F, B, B, B, X"
388,8,S,"S, F, F, F, B, B, F, X"
389,8,S,"S, F, F, F, B, F, B, X"
390,8,S,"S, F, F, F, B, F, F, X"
391,8,S,"S, F, F, F, F, B, B, X"
392,8,S,"S, F, F, F, F, B, F, X"
393,8,S,"S, F, F, F, F, F, B, X"
394,8,S,"S, F, F, F, F, F, F, X"
395,8,C,"C, B, B, B, F, F, F, X"
396,8,C,"C, B, B, F, B, F, F, X"
397,8,C,"C, B, B, F, F, B, F, X"
398,8,C,"C, B, B, F, F, F, B, X"
399,8,C,"C, B, B, F, F, F, F, X"
400,8,C,"C, B, F, B, B, F, F, X"
401,8,C,"C, B, F, B, F, B, F, X"
402,8,C,"C, B, F, B, F, F, B, X"
403,8,C,"C, B, F, B, F, F, F, X"
404,8,C,"C, B, F, F, B, B, F, X"
405,8,C,"C, B, F, F, B, F, B, X"
406,8,C,"C, B, F, F, B, F, F, X"
407,8,C,"C, B, F, F, F, B, B, X"
408,8,C,"C, B, F, F, F, B, F, X"
409,8,C,"C, B, F, F, F, F, B, X"
410,8,C,"C, B, F, F, F, F, F, X"
411,8,C,"C, F, B, B, B, F, F, X"
412,8,C,"C, F, B, B, F, B, F, X"
413,8,C,"C, F, B, B, F, F, B, X"
414,8,C,"C, F, B, B, F, F, F, X"
415,8,C,"C, F, B, F, B, B, F, X"
416,8,C,"C, F, B, F, B, F, B, X"
417,8,C,"C, F, B, F, B, F, F, X"
418,8,C,"C, F, B, F, F, B, B, X"
419,8,C,"C, F, B, F, F, B, F, X"
420,8,C,"C, F, B, F, F, F, B, X"
421,8,C,"C, F, B, F, F, F, F, X"
422,8,C,"C, F, F, B, B, B, F, X"
423,8,C,"C, F, F, B, B, F, B, X"
424,8,C,"C, F, F, B, B, F, F, X"
425,8,C,"C, F, F, B, F, B, B, X"
426,8,C,"C, F, F, B, F, B, F, X"
427,8,C,"C, F, F, B, F, F, B, X"
428,8,C,"C, F, F, B, F, F, F, X"
429,8,C,"C, F, F, F, B, B, B, X"
430,8,C,"C, F, F, F, B, B, F, X"
431,8,C,"C, F, F, F, B, F, B, X"
432,8,C,"C, F, F, F, B, F, F, X"
433,8,C,"C, F, F, F, F, B, B, X"
434,8,C,"C, F, F, F, F, B, F, X"
435,8,C,"C, F, F, F, F, F, B, X"
436,8,C,"C, F, F, F, F, F, F, X"
437,8,F,"F, B, B, B, F, F, F, X"
438,8,F,"F, B, B, F, B, F, F, X"
439,8,F,"F, B, B, F, F, B, F, X"
440,8,F,"F, B, B, F, F, F, B, X"
441,8,F,"F, B, B, F, F, F, F, X"
442,8,F,"F, B, F, B, B, F, F, X"
443,8,F,"F, B, F, B, F, B, F, X"
444,8,F,"F, B, F, B, F, F, B, X"
445,8,F,"F, B, F, B, F, F, F, X"
446,8,F,"F, B, F, F, B, B, F, X"
447,8,F,"F, B, F, F, B, F, B, X"
448,8,F,"F, B, F, F, B, F, F, X"
449,8,F,"F, B, F, F, F, B, B, X"
450,8,F,"F, B, F, F, F, B, F, X"
451,8,F,"F, B, F, F, F, F, B, X"
452,8,F,"F, B, F, F, F, F, F, X"
453,8,F,"F, F, B, B, B, F, F, X"
454,8,F,"F, F, B, B, F, B, F, X"
455,8,F,"F, F, B, B, F, F, B, X"
456,8,F,"F, F, B, B, F, F, F, X"
457,8,F,"F, F, B, F, B, B, F, X"
458,8,F,"F, F, B, F, B, F, B, X"
459,8,F,"F, F, B, F, B, F, F, X"
460,8,F,"F, F, B, F, F, B, B, X"
461,8,F,"F, F, B, F, F, B, F, X"
462,8,F,"F, F, B, F, F, F, B, X"
463,8,F,"F, F, B, F, F, F, F, X"
464,8,F,"F, F, F, B, B, B, F, X"
465,8,F,"F, F, F, B, B, F, B, X"
466,8,F,"F, F, F, B, B, F, F, X"
467,8,F,"F, F, F, B, F, B, B, X"
468,8,F,"F, F, F, B, F, B, F, X"
469,8,F,"F, F, F, B, F, F, B, X"
470,8,F,"F, F, F, B, F, F, F, X"
471,8,F,"F, F, F, F, B, B, B, X"
472,8,F,"F, F, F, F, B, B, F, X"
473,8,F,"F, F, F, F, B, F, B, X"
474,8,F,"F, F, F, F, B, F, F, X"
475,8,F,"F, F, F, F, F, B, B, X"
476,8,F,"F, F, F, F, F, B, F, X"
477,8,F,"F, F, F, F, F, F, B, X"
478,8,F,"F, F, F, F, F, F, F, X"
479,9,B,"B, B, B, S, F, F, F, F, X"
480,9,B,"B, B, B, C, F, F, F, F, X"
481,9,B,"B, B, B, F, F, F, F, F, X"
482,9,B,"B, B, S, B, F, F, F, F, X"
483,9,B,"B, B, S, F, B, F, F, F, X"
484,9,B,"B, B, S, F, F, B, F, F, X"
485,9,B,"B, B, S, F, F, F, B, F, X"
486,9,B,"B, B, S, F, F, F, F, B, X"
487,9,B,"B, B, S, F, F, F, F, F, X"
488,9,B,"B, B, C, B, F, F, F, F, X"
489,9,B,"B, B, C, F, B, F, F, F, X"
490,9,B,"B, B, C, F, F, B, F, F, X"
491,9,B,"B, B, C, F, F, F, B, F, X"
492,9,B,"B, B, C, F, F, F, F, B, X"
493,9,B,"B, B, C, F, F, F, F, F, X"
494,9,B,"B, B, F, B, F, F, F, F, X"
495,9,B,"B, B, F, F, B, F, F, F, X"
496,9,B,"B, B, F, F, F, B, F, F, X"
497,9,B,"B, B, F, F, F, F, B, F, X"
498,9,B,"B, B, F, F, F, F, F, B, X"
499,9,B,"B, B, F, F, F, F, F, F, X"
500,9,B,"B, S, B, B, F, F, F, F, X"
501,9,B,"B, S, B, F, B, F, F, F, X"
502,9,B,"B, S, B, F, F, B, F, F, X"
503,9,B,"B, S, B, F, F, F, B, F, X"
504,9,B,"B, S, B, F, F, F, F, B, X"
505,9,B,"B, S, B, F, F, F, F, F, X"
506,9,B,"B, S, F, B, B, F, F, F, X"
507,9,B,"B, S, F, B, F, B, F, F, X"
508,9,B,"B, S, F, B, F, F, B, F, X"
509,9,B,"B, S, F, B, F, F, F, B, X"
510,9,B,"B, S, F, B, F, F, F, F, X"
511,9,B,"B, S, F, F, B, B, F, F, X"
512,9,B,"B, S, F, F, B, F, B, F, X"
513,9,B,"B, S, F, F, B, F, F, B, X"
514,9,B,"B, S, F, F, B, F, F, F, X"
515,9,B,"B, S, F, F, F, B, B, F, X"
516,9,B,"B, S, F, F, F, B, F, B, X"
517,9,B,"B, S, F, F, F, B, F, F, X"
518,9,B,"B, S, F, F, F, F, B, B, X"
519,9,B,"B, S, F, F, F, F, B, F, X"
520,9,B,"B, S, F, F, F, F, F, B, X"
521,9,B,"B, S, F, F, F, F, F, F, X"
522,9,B,"B, C, B, B, F, F, F, F, X"
523,9,B,"B, C, B, F, B, F, F, F, X"
524,9,B,"B, C, B, F, F, B, F, F, X"
525,9,B,"B, C, B, F, F, F, B, F, X"
526,9,B,"B, C, B, F, F, F, F, B, X"
527,9,B,"B, C, B, F, F, F, F, F, X"
528,9,B,"B, C, F, B, B, F, F, F, X"
529,9,B,"B, C, F, B, F, B, F, F, X"
530,9,B,"B, C, F, B, F, F, B, F, X"
531,9,B,"B, C, F, B, F, F, F, B, X"
532,9,B,"B, C, F, B, F, F, F, F, X"
533,9,B,"B, C, F, F, B, B, F, F, X"
534,9,B,"B, C, F, F, B, F, B, F, X"
535,9,B,"B, C, F, F, B, F, F, B, X"
536,9,B,"B, C, F, F, B, F, F, F, X"
537,9,B,"B, C, F, F, F, B, B, F, X"
538,9,B,"B, C, F, F, F, B, F, B, X"
539,9,B,"B, C, F, F, F, B, F, F, X"
540,9,B,"B, C, F, F, F, F, B, B, X"
541,9,B,"B, C, F, F, F, F, B, F, X"
542,9,B,"B, C, F, F, F, F, F, B, X"
543,9,B,"B, C, F, F, F, F, F, F, X"
544,9,B,"B, F, B, B, F, F, F, F, X"
545,9,B,"B, F, B, F, B, F, F, F, X"
546,9,B,"B, F, B, F, F, B, F, F, X"
547,9,B,"B, F, B, F, F, F, B, F, X"
548,9,B,"B, F, B, F, F, F, F, B, X"
549,9,B,"B, F, B, F, F, F, F, F, X"
550,9,B,"B, F, F, B, B, F, F, F, X"
551,9,B,"B, F, F, B, F, B, F, F, X"
552,9,B,"B, F, F, B, F, F, B, F, X"
553,9,B,"B, F, F, B, F, F, F, B, X"
554,9,B,"B, F, F, B, F, F, F, F, X"
555,9,B,"B, F, F, F, B, B, F, F, X"
556,9,B,"B, F, F, F, B, F, B, F, X"
557,9,B,"B, F, F, F, B, F, F, B, X"
558,9,B,"B, F, F, F, B, F, F, F, X"
559,9,B,"B, F, F, F, F, B, B, F, X"
560,9,B,"B, F, F, F, F, B, F, B, X"
561,9,B,"B, F, F, F, F, B, F, F, X"
562,9,B,"B, F, F, F, F, F, B, B, X"
563,9,B,"B, F, F, F, F, F, B, F, X"
564,9,B,"B, F, F, F, F, F, F, B, X"
565,9,B,"B, F, F, F, F, F, F, F, X"
566,9,S,"S, B, B, B, F, F, F, F, X"
567,9,S,"S, B, B, F, B, F, F, F, X"
568,9,S,"S, B, B, F, F, B, F, F, X"
569,9,S,"S, B, B, F, F, F, B, F, X"
570,9,S,"S, B, B, F, F, F, F, B, X"
571,9,S,"S, B, B, F, F, F, F, F, X"
572,9,S,"S, B, F, B, B, F, F, F, X"
573,9,S,"S, B, F, B, F, B, F, F, X"
574,9,S,"S, B, F, B, F, F, B, F, X"
575,9,S,"S, B, F, B, F, F, F, B, X"
576,9,S,"S, B, F, B, F, F, F, F, X"
577,9,S,"S, B, F, F, B, B, F, F, X"
578,9,S,"S, B, F, F, B, F, B, F, X"
579,9,S,"S, B, F, F, B, F, F, B, X"
580,9,S,"S, B, F, F, B, F, F, F, X"
581,9,S,"S, B, F, F, F, B, B, F, X"
582,9,S,"S, B, F, F, F, B, F, B, X"
583,9,S,"S, B, F, F, F, B, F, F, X"
584,9,S,"S, B, F, F, F, F, B, B, X"
585,9,S,"S, B, F, F, F, F, B, F, X"
586,9,S,"S, B, F, F, F, F, F, B, X"
587,9,S,"S, B, F, F, F, F, F, F, X"
588,9,S,"S, F, B, B, B, F, F, F, X"
589,9,S,"S, F, B, B, F, B, F, F, X"
590,9,S,"S, F, B, B, F, F, B, F, X"
591,9,S,"S, F, B, B, F, F, F, B, X"
592,9,S,"S, F, B, B, F, F, F, F, X"
593,9,S,"S, F, B, F, B, B, F, F, X"
594,9,S,"S, F, B, F, B, F, B, F, X"
595,9,S,"S, F, B, F, B, F, F, B, X"
596,9,S,"S, F, B, F, B, F, F, F, X"
597,9,S,"S, F, B, F, F, B, B, F, X"
598,9,S,"S, F, B, F, F, B, F, B, X"
599,9,S,"S, F, B, F, F, B, F, F, X"
600,9,S,"S, F, B, F, F, F, B, B, X"
601,9,S,"S, F, B, F, F, F, B, F, X"
602,9,S,"S, F, B, F, F, F, F, B, X"
603,9,S,"S, F, B, F, F, F, F, F, X"
604,9,S,"S, F, F, B, B, B, F, F, X"
605,9,S,"S, F, F, B, B, F, B, F, X"
606,9,S,"S, F, F, B, B, F, F, B, X"
607,9,S,"S, F, F, B, B, F, F, F, X"
608,9,S,"S, F, F, B, F, B, B, F, X"
609,9,S,"S, F, F, B, F, B, F, B, X"
610,9,S,"S, F, F, B, F, B, F, F, X"
611,9,S,"S, F, F, B, F, F, B, B, X"
612,9,S,"S, F, F, B, F, F, B, F, X"
613,9,S,"S, F, F, B, F, F, F, B, X"
614,9,S,"S, F, F, B, F, F, F, F, X"
615,9,S,"S, F, F, F, B, B, B, F, X"
616,9,S,"S, F, F, F, B, B, F, B, X"
617,9,S,"S, F, F, F, B, B, F, F, X"
618,9,S,"S, F, F, F, B, F, B, B, X"
619,9,S,"S, F, F, F, B, F, B, F, X"
620,9,S,"S, F, F, F, B, F, F, B, X"
621,9,S,"S, F, F, F, B, F, F, F, X"
622,9,S,"S, F, F, F, F, B, B, B, X"
623,9,S,"S, F, F, F, F, B, B, F, X"
624,9,S,"S, F, F, F, F, B, F, B, X"
625,9,S,"S, F, F, F, F, B, F, F, X"
626,9,S,"S, F, F, F, F, F, B, B, X"
627,9,S,"S, F, F, F, F, F, B, F, X"
628,9,S,"S, F, F, F, F, F, F, B, X"
629,9,S,"S, F, F, F, F, F, F, F, X"
630,9,C,"C, B, B, B, F, F, F, F, X"
631,9,C,"C, B, B, F, B, F, F, F, X"
632,9,C,"C, B, B, F, F, B, F, F, X"
633,9,C,"C, B, B, F, F, F, B, F, X"
634,9,C,"C, B, B, F, F, F, F, B, X"
635,9,C,"C, B, B, F, F, F, F, F, X"
636,9,C,"C, B, F, B, B, F, F, F, X"
637,9,C,"C, B, F, B, F, B, F, F, X"
638,9,C,"C, B, F, B, F, F, B, F, X"
639,9,C,"C, B, F, B, F, F, F, B, X"
640,9,C,"C, B, F, B, F, F, F, F, X"
641,9,C,"C, B, F, F, B, B, F, F, X"
642,9,C,"C, B, F, F, B, F, B, F, X"
643,9,C,"C, B, F, F, B, F, F, B, X"
644,9,C,"C, B, F, F, B, F, F, F, X"
645,9,C,"C, B, F, F, F, B, B, F, X"
646,9,C,"C, B, F, F, F, B, F, B, X"
647,9,C,"C, B, F, F, F, B, F, F, X"
648,9,C,"C, B, F, F, F, F, B, B, X"
649,9,C,"C, B, F, F, F, F, B, F, X"
650,9,C,"C, B, F, F, F, F, F, B, X"
651,9,C,"C, B, F, F, F, F, F, F, X"
652,9,C,"C, F, B, B, B, F, F, F, X"
653,9,C,"C, F, B, B, F, B, F, F, X"
654,9,C,"C, F, B, B, F, F, B, F, X"
655,9,C,"C, F, B, B, F, F, F, B, X"
656,9,C,"C, F, B, B, F, F, F, F, X"
657,9,C,"C, F, B, F, B, B, F, F, X"
658,9,C,"C, F, B, F, B, F, B, F, X"
659,9,C,"C, F, B, F, B, F, F, B, X"
660,9,C,"C, F, B, F, B, F, F, F, X"
661,9,C,"C, F, B, F, F, B, B, F, X"
662,9,C,"C, F, B, F, F, B, F, B, X"
663,9,C,"C, F, B, F, F, B, F, F, X"
664,9,C,"C, F, B, F, F, F, B, B, X"
665,9,C,"C, F, B, F, F, F, B, F, X"
666,9,C,"C, F, B, F, F, F, F, B, X"
667,9,C,"C, F, B, F, F, F, F, F, X"
668,9,C,"C, F, F, B, B, B, F, F, X"
669,9,C,"C, F, F, B, B, F, B, F, X"
670,9,C,"C, F, F, B, B, F, F, B, X"
671,9,C,"C, F, F, B, B, F, F, F, X"
672,9,C,"C, F, F, B, F, B, B, F, X"
673,9,C,"C, F, F, B, F, B, F, B, X"
674,9,C,"C, F, F, B, F, B, F, F, X"
675,9,C,"C, F, F, B, F, F, B, B, X"
676,9,C,"C, F, F, B, F, F, B, F, X"
677,9,C,"C, F, F, B, F, F, F, B, X"
678,9,C,"C, F, F, B, F, F, F, F, X"
679,9,C,"C, F, F, F, B, B, B, F, X"
680,9,C,"C, F, F, F, B, B, F, B, X"
681,9,C,"C, F, F, F, B, B, F, F, X"
682,9,C,"C, F, F, F, B, F, B, B, X"
683,9,C,"C, F, F, F, B, F, B, F, X"
684,9,C,"C, F, F, F, B, F, F, B, X"
685,9,C,"C, F, F, F, B, F, F, F, X"
686,9,C,"C, F, F, F, F, B, B, B, X"
687,9,C,"C, F, F, F, F, B, B, F, X"
688,9,C,"C, F, F, F, F, B, F, B, X"
689,9,C,"C, F, F, F, F, B, F, F, X"
690,9,C,"C, F, F, F, F, F, B, B, X"
691,9,C,"C, F, F, F, F, F, B, F, X"
692,9,C,"C, F, F, F, F, F, F, B, X"
693,9,C,"C, F, F, F, F, F, F, F, X"
694,9,F,"F, B, B, B, F, F, F, F, X"
695,9,F,"F, B, B, F, B, F, F, F, X"
696,9,F,"F, B, B, F, F, B, F, F, X"
697,9,F,"F, B, B, F, F, F, B, F, X"
698,9,F,"F, B, B, F, F, F, F, B, X"
699,9,F,"F, B, B, F, F, F, F, F, X"
700,9,F,"F, B, F, B, B, F, F, F, X"
701,9,F,"F, B, F, B, F, B, F, F, X"
702,9,F,"F, B, F, B, F, F, B, F, X"
703,9,F,"F, B, F, B, F, F, F, B, X"
704,9,F,"F, B, F, B, F, F, F, F, X"
705,9,F,"F, B, F, F, B, B, F, F, X"
706,9,F,"F, B, F, F, B, F, B, F, X"
707,9,F,"F, B, F, F, B, F, F, B, X"
708,9,F,"F, B, F, F, B, F, F, F, X"
709,9,F,"F, B, F, F, F, B, B, F, X"
710,9,F,"F, B, F, F, F, B, F, B, X"
711,9,F,"F, B, F, F, F, B, F, F, X"
712,9,F,"F, B, F, F, F, F, B, B, X"
713,9,F,"F, B, F, F, F, F, B, F, X"
714,9,F,"F, B, F, F, F, F, F, B, X"
715,9,F,"F, B, F, F, F, F, F, F, X"
716,9,F,"F, F, B, B, B, F, F, F, X"
717,9,F,"F, F, B, B, F, B, F, F, X"
718,9,F,"F, F, B, B, F, F, B, F, X"
719,9,F,"F, F, B, B, F, F, F, B, X"
720,9,F,"F, F, B, B, F, F, F, F, X"
721,9,F,"F, F, B, F, B, B, F, F, X"
722,9,F,"F, F, B, F, B, F, B, F, X"
723,9,F,"F, F, B, F, B, F, F, B, X"
724,9,F,"F, F, B, F, B, F, F, F, X"
725,9,F,"F, F, B, F, F, B, B, F, X"
726,9,F,"F, F, B, F, F, B, F, B, X"
727,9,F,"F, F, B, F, F, B, F, F, X"
728,9,F,"F, F, B, F, F, F, B, B, X"
729,9,F,"F, F, B, F, F, F, B, F, X"
730,9,F,"F, F, B, F, F, F, F, B, X"
731,9,F,"F, F, B, F, F, F, F, F, X"
732,9,F,"F, F, F, B, B, B, F, F, X"
733,9,F,"F, F, F, B, B, F, B, F, X"
734,9,F,"F, F, F, B, B, F, F, B, X"
735,9,F,"F, F, F, B, B, F, F, F, X"
736,9,F,"F, F, F, B, F, B, B, F, X"
737,9,F,"F, F, F, B, F, B, F, B, X"
738,9,F,"F, F, F, B, F, B, F, F, X"
739,9,F,"F, F, F, B, F, F, B, B, X"
740,9,F,"F, F, F, B, F, F, B, F, X"
741,9,F,"F, F, F, B, F, F, F, B, X"
742,9,F,"F, F, F, B, F, F, F, F, X"
743,9,F,"F, F, F, F, B, B, B, F, X"
744,9,F,"F, F, F, F, B, B, F, B, X"
745,9,F,"F, F, F, F, B, B, F, F, X"
746,9,F,"F, F, F, F, B, F, B, B, X"
747,9,F,"F, F, F, F, B, F, B, F, X"
748,9,F,"F, F, F, F, B, F, F, B, X"
749,9,F,"F, F, F, F, B, F, F, F, X"
750,9,F,"F, F, F, F, F, B, B, B, X"
751,9,F,"F, F, F, F, F, B, B, F, X"
752,9,F,"F, F, F, F, F, B, F, B, X"
753,9,F,"F, F, F, F, F, B, F, F, X"
754,9,F,"F, F, F, F, F, F, B, B, X"
755,9,F,"F, F, F, F, F, F, B, F, X"
756,9,F,"F, F, F, F, F, F, F, B, X"
757,10,B,"B, B, B, S, F, F, F, F, F, X"
758,10,B,"B, B, B, C, F, F, F, F, F, X"
759,10,B,"B, B, B, F, F, F, F, F, F, X"
760,10,B,"B, B, S, B, F, F, F, F, F, X"
761,10,B,"B, B, S, F, B, F, F, F, F, X"
762,10,B,"B, B, S, F, F, B, F, F, F, X"
763,10,B,"B, B, S, F, F, F, B, F, F, X"
764,10,B,"B, B, S, F, F, F, F, B, F, X"
765,10,B,"B, B, S, F, F, F, F, F, B, X"
766,10,B,"B, B, S, F, F, F, F, F, F, X"
767,10,B,"B, B, C, B, F, F, F, F, F, X"
768,10,B,"B, B, C, F, B, F, F, F, F, X"
769,10,B,"B, B, C, F, F, B, F, F, F, X"
770,10,B,"B, B, C, F, F, F, B, F, F, X"
771,10,B,"B, B, C, F, F, F, F, B, F, X"
772,10,B,"B, B, C, F, F, F, F, F, B, X"
773,10,B,"B, B, C, F, F, F, F, F, F, X"
774,10,B,"B, B, F, B, F, F, F, F, F, X"
775,10,B,"B, B, F, F, B, F, F, F, F, X"
776,10,B,"B, B, F, F, F, B, F, F, F, X"
777,10,B,"B, B, F, F, F, F, B, F, F, X"
778,10,B,"B, B, F, F, F, F, F, B, F, X"
779,10,B,"B, B, F, F, F, F, F, F, B, X"
780,10,B,"B, B, F, F, F, F, F, F, F, X"
781,10,B,"B, S, B, B, F, F, F, F, F, X"
782,10,B,"B, S, B, F, B, F, F, F, F, X"
783,10,B,"B, S, B, F, F, B, F, F, F, X"
784,10,B,"B, S, B, F, F, F, B, F, F, X"
785,10,B,"B, S, B, F, F, F, F, B, F, X"
786,10,B,"B, S, B, F, F, F, F, F, B, X"
787,10,B,"B, S, B, F, F, F, F, F, F, X"
788,10,B,"B, S, F, B, B, F, F, F, F, X"
789,10,B,"B, S, F, B, F, B, F, F, F, X"
790,10,B,"B, S, F, B, F, F, B, F, F, X"
791,10,B,"B, S, F, B, F, F, F, B, F, X"
792,10,B,"B, S, F, B, F, F, F, F, B, X"
793,10,B,"B, S, F, B, F, F, F, F, F, X"
794,10,B,"B, S, F, F, B, B, F, F, F, X"
795,10,B,"B, S, F, F, B, F, B, F, F, X"
796,10,B,"B, S, F, F, B, F, F, B, F, X"
797,10,B,"B, S, F, F, B, F, F, F, B, X"
798,10,B,"B, S, F, F, B, F, F, F, F, X"
799,10,B,"B, S, F, F, F, B, B, F, F, X"
800,10,B,"B, S, F, F, F, B, F, B, F, X"
801,10,B,"B, S, F, F, F, B, F, F, B, X"
802,10,B,"B, S, F, F, F, B, F, F, F, X"
803,10,B,"B, S, F, F, F, F, B, B, F, X"
804,10,B,"B, S, F, F, F, F, B, F, B, X"
805,10,B,"B, S, F, F, F, F, B, F, F, X"
806,10,B,"B, S, F, F, F, F, F, B, B, X"
807,10,B,"B, S, F, F, F, F, F, B, F, X"
808,10,B,"B, S, F, F, F, F, F, F, B, X"
809,10,B,"B, S, F, F, F, F, F, F, F, X"
810,10,B,"B, C, B, B, F, F, F, F, F, X"
811,10,B,"B, C, B, F, B, F, F, F, F, X"
812,10,B,"B, C, B, F, F, B, F, F, F, X"
813,10,B,"B, C, B, F, F, F, B, F, F, X"
814,10,B,"B, C, B, F, F, F, F, B, F, X"
815,10,B,"B, C, B, F, F, F, F, F, B, X"
816,10,B,"B, C, B, F, F, F, F, F, F, X"
817,10,B,"B, C, F, B, B, F, F, F, F, X"
818,10,B,"B, C, F, B, F, B, F, F, F, X"
819,10,B,"B, C, F, B, F, F, B, F, F, X"
820,10,B,"B, C, F, B, F, F, F, B, F, X"
821,10,B,"B, C, F, B, F, F, F, F, B, X"
822,10,B,"B, C, F, B, F, F, F, F, F, X"
823,10,B,"B, C, F, F, B, B, F, F, F, X"
824,10,B,"B, C, F, F, B, F, B, F, F, X"
825,10,B,"B, C, F, F, B, F, F, B, F, X"
826,10,B,"B, C, F, F, B, F, F, F, B, X"
827,10,B,"B, C, F, F, B, F, F, F, F, X"
828,10,B,"B, C, F, F, F, B, B, F, F, X"
829,10,B,"B, C, F, F, F, B, F, B, F, X"
830,10,B,"B, C, F, F, F, B, F, F, B, X"
831,10,B,"B, C, F, F, F, B, F, F, F, X"
832,10,B,"B, C, F, F, F, F, B, B, F, X"
833,10,B,"B, C, F, F, F, F, B, F, B, X"
834,10,B,"B, C, F, F, F, F, B, F, F, X"
835,10,B,"B, C, F, F, F, F, F, B, B, X"
836,10,B,"B, C, F, F, F, F, F, B, F, X"
837,10,B,"B, C, F, F, F, F, F, F, B, X"
838,10,B,"B, C, F, F, F, F, F, F, F, X"
839,10,B,"B, F, B, B, F, F, F, F, F, X"
840,10,B,"B, F, B, F, B, F, F, F, F, X"
841,10,B,"B, F, B, F, F, B, F, F, F, X"
842,10,B,"B, F, B, F, F, F, B, F, F, X"
843,10,B,"B, F, B, F, F, F, F, B, F, X"
844,10,B,"B, F, B, F, F, F, F, F, B, X"
845,10,B,"B, F, B, F, F, F, F, F, F, X"
846,10,B,"B, F, F, B, B, F, F, F, F, X"
847,10,B,"B, F, F, B, F, B, F, F, F, X"
848,10,B,"B, F, F, B, F, F, B, F, F, X"
849,10,B,"B, F, F, B, F, F, F, B, F, X"
850,10,B,"B, F, F, B, F, F, F, F, B, X"
851,10,B,"B, F, F, B, F, F, F, F, F, X"
852,10,B,"B, F, F, F, B, B, F, F, F, X"
853,10,B,"B, F, F, F, B, F, B, F, F, X"
854,10,B,"B, F, F, F, B, F, F, B, F, X"
855,10,B,"B, F, F, F, B, F, F, F, B, X"
856,10,B,"B, F, F, F, B, F, F, F, F, X"
857,10,B,"B, F, F, F, F, B, B, F, F, X"
858,10,B,"B, F, F, F, F, B, F, B, F, X"
859,10,B,"B, F, F, F, F, B, F, F, B, X"
860,10,B,"B, F, F, F, F, B, F, F, F, X"
861,10,B,"B, F, F, F, F, F, B, B, F, X"
862,10,B,"B, F, F, F, F, F, B, F, B, X"
863,10,B,"B, F, F, F, F, F, B, F, F, X"
864,10,B,"B, F, F, F, F, F, F, B, B, X"
865,10,B,"B, F, F, F, F, F, F, B, F, X"
866,10,B,"B, F, F, F, F, F, F, F, B, X"
867,10,S,"S, B, B, B, F, F, F, F, F, X"
868,10,S,"S, B, B, F, B, F, F, F, F, X"
869,10,S,"S, B, B, F, F, B, F, F, F, X"
870,10,S,"S, B, B, F, F, F, B, F, F, X"
871,10,S,"S, B, B, F, F, F, F, B, F, X"
872,10,S,"S, B, B, F, F, F, F, F, B, X"
873,10,S,"S, B, B, F, F, F, F, F, F, X"
874,10,S,"S, B, F, B, B, F, F, F, F, X"
875,10,S,"S, B, F, B, F, B, F, F, F, X"
876,10,S,"S, B, F, B, F, F, B, F, F, X"
877,10,S,"S, B, F, B, F, F, F, B, F, X"
878,10,S,"S, B, F, B, F, F, F, F, B, X"
879,10,S,"S, B, F, B, F, F, F, F, F, X"
880,10,S,"S, B, F, F, B, B, F, F, F, X"
881,10,S,"S, B, F, F, B, F, B, F, F, X"
882,10,S,"S, B, F, F, B, F, F, B, F, X"
883,10,S,"S, B, F, F, B, F, F, F, B, X"
884,10,S,"S, B, F, F, B, F, F, F, F, X"
885,10,S,"S, B, F, F, F, B, B, F, F, X"
886,10,S,"S, B, F, F, F, B, F, B, F, X"
887,10,S,"S, B, F, F, F, B, F, F, B, X"
888,10,S,"S, B, F, F, F, B, F, F, F, X"
889,10,S,"S, B, F, F, F, F, B, B, F, X"
890,10,S,"S, B, F, F, F, F, B, F, B, X"
891,10,S,"S, B, F, F, F, F, B, F, F, X"
892,10,S,"S, B, F, F, F, F, F, B, B, X"
893,10,S,"S, B, F, F, F, F, F, B, F, X"
894,10,S,"S, B, F, F, F, F, F, F, B, X"
895,10,S,"S, B, F, F, F, F, F, F, F, X"
896,10,S,"S, F, B, B, B, F, F, F, F, X"
897,10,S,"S, F, B, B, F, B, F, F, F, X"
898,10,S,"S, F, B, B, F, F, B, F, F, X"
899,10,S,"S, F, B, B, F, F, F, B, F, X"
900,10,S,"S, F, B, B, F, F, F, F, B, X"
901,10,S,"S, F, B, B, F, F, F, F, F, X"
902,10,S,"S, F, B, F, B, B, F, F, F, X"
903,10,S,"S, F, B, F, B, F, B, F, F, X"
904,10,S,"S, F, B, F, B, F, F, B, F, X"
905,10,S,"S, F, B, F, B, F, F, F, B, X"
906,10,S,"S, F, B, F, B, F, F, F, F, X"
907,10,S,"S, F, B, F, F, B, B, F, F, X"
908,10,S,"S, F, B, F, F, B, F, B, F, X"
909,10,S,"S, F, B, F, F, B, F, F, B, X"
910,10,S,"S, F, B, F, F, B, F, F, F, X"
911,10,S,"S, F, B, F, F, F, B, B, F, X"
912,10,S,"S, F, B, F, F, F, B, F, B, X"
913,10,S,"S, F, B, F, F, F, B, F, F, X"
914,10,S,"S, F, B, F, F, F, F, B, B, X"
915,10,S,"S, F, B, F, F, F, F, B, F, X"
916,10,S,"S, F, B, F, F, F, F, F, B, X"
917,10,S,"S, F, B, F, F, F, F, F, F, X"
918,10,S,"S, F, F, B, B, B, F, F, F, X"
919,10,S,"S, F, F, B, B, F, B, F, F, X"
920,10,S,"S, F, F, B, B, F, F, B, F, X"
921,10,S,"S, F, F, B, B, F, F, F, B, X"
922,10,S,"S, F, F, B, B, F, F, F, F, X"
923,10,S,"S, F, F, B, F, B, B, F, F, X"
924,10,S,"S, F, F, B, F, B, F, B, F, X"
925,10,S,"S, F, F, B, F, B, F, F, B, X"
926,10,S,"S, F, F, B, F, B, F, F, F, X"
927,10,S,"S, F, F, B, F, F, B, B, F, X"
928,10,S,"S, F, F, B, F, F, B, F, B, X"
929,10,S,"S, F, F, B, F, F, B, F, F, X"
930,10,S,"S, F, F, B, F, F, F, B, B, X"
931,10,S,"S, F, F, B, F, F, F, B, F, X"
932,10,S,"S, F, F, B, F, F, F, F, B, X"
933,10,S,"S, F, F, B, F, F, F, F, F, X"
934,10,S,"S, F, F, F, B, B, B, F, F, X"
935,10,S,"S, F, F, F, B, B, F, B, F, X"
936,10,S,"S, F, F, F, B, B, F, F, B, X"
937,10,S,"S, F, F, F, B, B, F, F, F, X"
938,10,S,"S, F, F, F, B, F, B, B, F, X"
939,10,S,"S, F, F, F, B, F, B, F, B, X"
940,10,S,"S, F, F, F, B, F, B, F, F, X"
941,10,S,"S, F, F, F, B, F, F, B, B, X"
942,10,S,"S, F, F, F, B, F, F, B, F, X"
943,10,S,"S, F, F, F, B, F, F, F, B, X"
944,10,S,"S, F, F, F, B, F, F, F, F, X"
945,10,S,"S, F, F, F, F, B, B, B, F, X"
946,10,S,"S, F, F, F, F, B, B, F, B, X"
947,10,S,"S, F, F, F, F, B, B, F, F, X"
948,10,S,"S, F, F, F, F, B, F, B, B, X"
949,10,S,"S, F, F, F, F, B, F, B, F, X"
950,10,S,"S, F, F, F, F, B, F, F, B, X"
951,10,S,"S, F, F, F, F, B, F, F, F, X"
952,10,S,"S, F, F, F, F, F, B, B, B, X"
953,10,S,"S, F, F, F, F, F, B, B, F, X"
954,10,S,"S, F, F, F, F, F, B, F, B, X"
955,10,S,"S, F, F, F, F, F, B, F, F, X"
956,10,S,"S, F, F, F, F, F, F, B, B, X"
957,10,S,"S, F, F, F, F, F, F, B, F, X"
958,10,S,"S, F, F, F, F, F, F, F, B, X"
959,10,C,"C, B, B, B, F, F, F, F, F, X"
960,10,C,"C, B, B, F, B, F, F, F, F, X"
961,10,C,"C, B, B, F, F, B, F, F, F, X"
962,10,C,"C, B, B, F, F, F, B, F, F, X"
963,10,C,"C, B, B, F, F, F, F, B, F, X"
964,10,C,"C, B, B, F, F, F, F, F, B, X"
965,10,C,"C, B, B, F, F, F, F, F, F, X"
966,10,C,"C, B, F, B, B, F, F, F, F, X"
967,10,C,"C, B, F, B, F, B, F, F, F, X"
968,10,C,"C, B, F, B, F, F, B, F, F, X"
969,10,C,"C, B, F, B, F, F, F, B, F, X"
970,10,C,"C, B, F, B, F, F, F, F, B, X"
971,10,C,"C, B, F, B, F, F, F, F, F, X"
972,10,C,"C, B, F, F, B, B, F, F, F, X"
973,10,C,"C, B, F, F, B, F, B, F, F, X"
974,10,C,"C, B, F, F, B, F, F, B, F, X"
975,10,C,"C, B, F, F, B, F, F, F, B, X"
976,10,C,"C, B, F, F, B, F, F, F, F, X"
977,10,C,"C, B, F, F, F, B, B, F, F, X"
978,10,C,"C, B, F, F, F, B, F, B, F, X"
979,10,C,"C, B, F, F, F, B, F, F, B, X"
980,10,C,"C, B, F, F, F, B, F, F, F, X"
981,10,C,"C, B, F, F, F, F, B, B, F, X"
982,10,C,"C, B, F, F, F, F, B, F, B, X"
983,10,C,"C, B, F, F, F, F, B, F, F, X"
984,10,C,"C, B, F, F, F, F, F, B, B, X"
985,10,C,"C, B, F, F, F, F, F, B, F, X"
986,10,C,"C, B, F, F, F, F, F, F, B, X"
987,10,C,"C, B, F, F, F, F, F, F, F, X"
988,10,C,"C, F, B, B, B, F, F, F, F, X"
989,10,C,"C, F, B, B, F, B, F, F, F, X"
990,10,C,"C, F, B, B, F, F, B, F, F, X"
991,10,C,"C, F, B, B, F, F, F, B, F, X"
992,10,C,"C, F, B, B, F, F, F, F, B, X"
993,10,C,"C, F, B, B, F, F, F, F, F, X"
994,10,C,"C, F, B, F, B, B, F, F, F, X"
995,10,C,"C, F, B, F, B, F, B, F, F, X"
996,10,C,"C, F, B, F, B, F, F, B, F, X"
997,10,C,"C, F, B, F, B, F, F, F, B, X"
998,10,C,"C, F, B, F, B, F, F, F, F, X"
999,10,C,"C, F, B, F, F, B, B, F, F, X"
1000,10,C,"C, F, B, F, F, B, F, B, F, X"
1001,10,C,"C, F, B, F, F, B, F, F, B, X"
1002,10,C,"C, F, B, F, F, B, F, F, F, X"
1003,10,C,"C, F, B, F, F, F, B, B, F, X"
1004,10,C,"C, F, B, F, F, F, B, F, B, X"
1005,10,C,"C, F, B, F, F, F, B, F, F, X"
1006,10,C,"C, F, B, F, F, F, F, B, B, X"
1007,10,C,"C, F, B, F, F, F, F, B, F, X"
1008,10,C,"C, F, B, F, F, F, F, F, B, X"
1009,10,C,"C, F, B, F, F, F, F, F, F, X"
1010,10,C,"C, F, F, B, B, B, F, F, F, X"
1011,10,C,"C, F, F, B, B, F, B, F, F, X"
1012,10,C,"C, F, F, B, B, F, F, B, F, X"
1013,10,C,"C, F, F, B, B, F, F, F, B, X"
1014,10,C,"C, F, F, B, B, F, F, F, F, X"
1015,10,C,"C, F, F, B, F, B, B, F, F, X"
1016,10,C,"C, F, F, B, F, B, F, B, F, X"
1017,10,C,"C, F, F, B, F, B, F, F, B, X"
1018,10,C,"C, F, F, B, F, B, F, F, F, X"
1019,10,C,"C, F, F, B, F, F, B, B, F, X"
1020,10,C,"C, F, F, B, F, F, B, F, B, X"
1021,10,C,"C, F, F, B, F, F, B, F, F, X"
1022,10,C,"C, F, F, B, F, F, F, B, B, X"
1023,10,C,"C, F, F, B, F, F, F, B, F, X"
1024,10,C,"C, F, F, B, F, F, F, F, B, X"
1025,10,C,"C, F, F, B, F, F, F, F, F, X"
1026,10,C,"C, F, F, F, B, B, B, F, F, X"
1027,10,C,"C, F, F, F, B, B, F, B, F, X"
1028,10,C,"C, F, F, F, B, B, F, F, B, X"
1029,10,C,"C, F, F, F, B, B, F, F, F, X"
1030,10,C,"C, F, F, F, B, F, B, B, F, X"
1031,10,C,"C, F, F, F, B, F, B, F, B, X"
1032,10,C,"C, F, F, F, B, F, B, F, F, X"
1033,10,C,"C, F, F, F, B, F, F, B, B, X"
1034,10,C,"C, F, F, F, B, F, F, B, F, X"
1035,10,C,"C, F, F, F, B, F, F, F, B, X"
1036,10,C,"C, F, F, F, B, F, F, F, F, X"
1037,10,C,"C, F, F, F, F, B, B, B, F, X"
1038,10,C,"C, F, F, F, F, B, B, F, B, X"
1039,10,C,"C, F, F, F, F, B, B, F, F, X"
1040,10,C,"C, F, F, F, F, B, F, B, B, X"
1041,10,C,"C, F, F, F, F, B, F, B, F, X"
1042,10,C,"C, F, F, F, F, B, F, F, B, X"
1043,10,C,"C, F, F, F, F, B, F, F, F, X"
1044,10,C,"C, F, F, F, F, F, B, B, B, X"
1045,10,C,"C, F, F, F, F, F, B, B, F, X"
1046,10,C,"C, F, F, F, F, F, B, F, B, X"
1047,10,C,"C, F, F, F, F, F, B, F, F, X"
1048,10,C,"C, F, F, F, F, F, F, B, B, X"
1049,10,C,"C, F, F, F, F, F, F, B, F, X"
1050,10,C,"C, F, F, F, F, F, F, F, B, X"
1051,10,F,"F, B, B, B, F, F, F, F, F, X"
1052,10,F,"F, B, B, F, B, F, F, F, F, X"
1053,10,F,"F, B, B, F, F, B, F, F, F, X"
1054,10,F,"F, B, B, F, F, F, B, F, F, X"
1055,10,F,"F, B, B, F, F, F, F, B, F, X"
1056,10,F,"F, B, B, F, F, F, F, F, B, X"
1057,10,F,"F, B, B, F, F, F, F, F, F, X"
1058,10,F,"F, B, F, B, B, F, F, F, F, X"
1059,10,F,"F, B, F, B, F, B, F, F, F, X"
1060,10,F,"F, B, F, B, F, F, B, F, F, X"
1061,10,F,"F, B, F, B, F, F, F, B, F, X"
1062,10,F,"F, B, F, B, F, F, F, F, B, X"
1063,10,F,"F, B, F, B, F, F, F, F, F, X"
1064,10,F,"F, B, F, F, B, B, F, F, F, X"
1065,10,F,"F, B, F, F, B, F, B, F, F, X"
1066,10,F,"F, B, F, F, B, F, F, B, F, X"
1067,10,F,"F, B, F, F, B, F, F, F, B, X"
1068,10,F,"F, B, F, F, B, F, F, F, F, X"
1069,10,F,"F, B, F, F, F, B, B, F, F, X"
1070,10,F,"F, B, F, F, F, B, F, B, F, X"
1071,10,F,"F, B, F, F, F, B, F, F, B, X"
1072,10,F,"F, B, F, F, F, B, F, F, F, X"
1073,10,F,"F, B, F, F, F, F, B, B, F, X"
1074,10,F,"F, B, F, F, F, F, B, F, B, X"
1075,10,F,"F, B, F, F, F, F, B, F, F, X"
1076,10,F,"F, B, F, F, F, F, F, B, B, X"
1077,10,F,"F, B, F, F, F, F, F, B, F, X"
1078,10,F,"F, B, F, F, F, F, F, F, B, X"
1079,10,F,"F, B, F, F, F, F, F, F, F, X"
1080,10,F,"F, F, B, B, B, F, F, F, F, X"
1081,10,F,"F, F, B, B, F, B, F, F, F, X"
1082,10,F,"F, F, B, B, F, F, B, F, F, X"
1083,10,F,"F, F, B, B, F, F, F, B, F, X"
1084,10,F,"F, F, B, B, F, F, F, F, B, X"
1085,10,F,"F, F, B, B, F, F, F, F, F, X"
1086,10,F,"F, F, B, F, B, B, F, F, F, X"
1087,10,F,"F, F, B, F, B, F, B, F, F, X"
1088,10,F,"F, F, B, F, B, F, F, B, F, X"
1089,10,F,"F, F, B, F, B, F, F, F, B, X"
1090,10,F,"F, F, B, F, B, F, F, F, F, X"
1091,10,F,"F, F, B, F, F, B, B, F, F, X"
1092,10,F,"F, F, B, F, F, B, F, B, F, X"
1093,10,F,"F, F, B, F, F, B, F, F, B, X"
1094,10,F,"F, F, B, F, F, B, F, F, F, X"
1095,10,F,"F, F, B, F, F, F, B, B, F, X"
1096,10,F,"F, F, B, F, F, F, B, F, B, X"
1097,10,F,"F, F, B, F, F, F, B, F, F, X"
1098,10,F,"F, F, B, F, F, F, F, B, B, X"
1099,10,F,"F, F, B, F, F, F, F, B, F, X"
1100,10,F,"F, F, B, F, F, F, F, F, B, X"
1101,10,F,"F, F, B, F, F, F, F, F, F, X"
1102,10,F,"F, F, F, B, B, B, F, F, F, X"
1103,10,F,"F, F, F, B, B, F, B, F, F, X"
1104,10,F,"F, F, F, B, B, F, F, B, F, X"
1105,10,F,"F, F, F, B, B, F, F, F, B, X"
1106,10,F,"F, F, F, B, B, F, F, F, F, X"
1107,10,F,"F, F, F, B, F, B, B, F, F, X"
1108,10,F,"F, F, F, B, F, B, F, B, F, X"
1109,10,F,"F, F, F, B, F, B, F, F, B, X"
1110,10,F,"F, F, F, B, F, B, F, F, F, X"
1111,10,F,"F, F, F, B, F, F, B, B, F, X"
1112,10,F,"F, F, F, B, F, F, B, F, B, X"
1113,10,F,"F, F, F, B, F, F, B, F, F, X"
1114,10,F,"F, F, F, B, F, F, F, B, B, X"
1115,10,F,"F, F, F, B, F, F, F, B, F, X"
1116,10,F,"F, F, F, B, F, F, F, F, B, X"
1117,10,F,"F, F, F, B, F, F, F, F, F, X"
1118,10,F,"F, F, F, F, B, B, B, F, F, X"
1119,10,F,"F, F, F, F, B, B, F, B, F, X"
1120,10,F,"F, F, F, F, B, B, F, F, B, X"
1121,10,F,"F, F, F, F, B, B, F, F, F, X"
1122,10,F,"F, F, F, F, B, F, B, B, F, X"
1123,10,F,"F, F, F, F, B, F, B, F, B, X"
1124,10,F,"F, F, F, F, B, F, B, F, F, X"
1125,10,F,"F, F, F, F, B, F, F, B, B, X"
1126,10,F,"F, F, F, F, B, F, F, B, F, X"
1127,10,F,"F, F, F, F, B, F, F, F, B, X"
1128,10,F,"F, F, F, F, B, F, F, F, F, X"
1129,10,F,"F, F, F, F, F, B, B, B, F, X"
1130,10,F,"F, F, F, F, F, B, B, F, B, X"
1131,10,F,"F, F, F, F, F, B, B, F, F, X"
1132,10,F,"F, F, F, F, F, B, F, B, B, X"
1133,10,F,"F, F, F, F, F, B, F, B, F, X"
1134,10,F,"F, F, F, F, F, B, F, F, B, X"
1135,10,F,"F, F, F, F, F, B, F, F, F, X"
1136,10,F,"F, F, F, F, F, F, B, B, B, X"
1137,10,F,"F, F, F, F, F, F, B, B, F, X"
1138,10,F,"F, F, F, F, F, F, B, F, B, X"
1139,10,F,"F, F, F, F, F, F, B, F, F, X"
1140,10,F,"F, F, F, F, F, F, F, B, B, X"
1141,10,F,"F, F, F, F, F, F, F, B, F, X"
1142,11,B,"B, B, B, S, F, F, F, F, F, F, X"
1143,11,B,"B, B, B, C, F, F, F, F, F, F, X"
1144,11,B,"B, B, B, F, F, F, F, F, F, F, X"
1145,11,B,"B, B, S, B, F, F, F, F, F, F, X"
1146,11,B,"B, B, S, F, B, F, F, F, F, F, X"
1147,11,B,"B, B, S, F, F, B, F, F, F, F, X"
1148,11,B,"B, B, S, F, F, F, B, F, F, F, X"
1149,11,B,"B, B, S, F, F, F, F, B, F, F, X"
1150,11,B,"B, B, S, F, F, F, F, F, B, F, X"
1151,11,B,"B, B, S, F, F, F, F, F, F, B, X"
1152,11,B,"B, B, S, F, F, F, F, F, F, F, X"
1153,11,B,"B, B, C, B, F, F, F, F, F, F, X"
1154,11,B,"B, B, C, F, B, F, F, F, F, F, X"
1155,11,B,"B, B, C, F, F, B, F, F, F, F, X"
1156,11,B,"B, B, C, F, F, F, B, F, F, F, X"
1157,11,B,"B, B, C, F, F, F, F, B, F, F, X"
1158,11,B,"B, B, C, F, F, F, F, F, B, F, X"
1159,11,B,"B, B, C, F, F, F, F, F, F, B, X"
1160,11,B,"B, B, C, F, F, F, F, F, F, F, X"
1161,11,B,"B, B, F, B, F, F, F, F, F, F, X"
1162,11,B,"B, B, F, F, B, F, F, F, F, F, X"
1163,11,B,"B, B, F, F, F, B, F, F, F, F, X"
1164,11,B,"B, B, F, F, F, F, B, F, F, F, X"
1165,11,B,"B, B, F, F, F, F, F, B, F, F, X"
1166,11,B,"B, B, F, F, F, F, F, F, B, F, X"
1167,11,B,"B, B, F, F, F, F, F, F, F, B, X"
1168,11,B,"B, S, B, B, F, F, F, F, F, F, X"
1169,11,B,"B, S, B, F, B, F, F, F, F, F, X"
1170,11,B,"B, S, B, F, F, B, F, F, F, F, X"
1171,11,B,"B, S, B, F, F, F, B, F, F, F, X"
1172,11,B,"B, S, B, F, F, F, F, B, F, F, X"
1173,11,B,"B, S, B, F, F, F, F, F, B, F, X"
1174,11,B,"B, S, B, F, F, F, F, F, F, B, X"
1175,11,B,"B, S, B, F, F, F, F, F, F, F, X"
1176,11,B,"B, S, F, B, B, F, F, F, F, F, X"
1177,11,B,"B, S, F, B, F, B, F, F, F, F, X"
1178,11,B,"B, S, F, B, F, F, B, F, F, F, X"
1179,11,B,"B, S, F, B, F, F, F, B, F, F, X"
1180,11,B,"B, S, F, B, F, F, F, F, B, F, X"
1181,11,B,"B, S, F, B, F, F, F, F, F, B, X"
1182,11,B,"B, S, F, B, F, F, F, F, F, F, X"
1183,11,B,"B, S, F, F, B, B, F, F, F, F, X"
1184,11,B,"B, S, F, F, B, F, B, F, F, F, X"
1185,11,B,"B, S, F, F, B, F, F, B, F, F, X"
1186,11,B,"B, S, F, F, B, F, F, F, B, F, X"
1187,11,B,"B, S, F, F, B, F, F, F, F, B, X"
1188,11,B,"B, S, F, F, B, F, F, F, F, F, X"
1189,11,B,"B, S, F, F, F, B, B, F, F, F, X"
1190,11,B,"B, S, F, F, F, B, F, B, F, F, X"
1191,11,B,"B, S, F, F, F, B, F, F, B, F, X"
1192,11,B,"B, S, F, F, F, B, F, F, F, B, X"
1193,11,B,"B, S, F, F, F, B, F, F, F, F, X"
1194,11,B,"B, S, F, F, F, F, B, B, F, F, X"
1195,11,B,"B, S, F, F, F, F, B, F, B, F, X"
1196,11,B,"B, S, F, F, F, F, B, F, F, B, X"
1197,11,B,"B, S, F, F, F, F, B, F, F, F, X"
1198,11,B,"B, S, F, F, F, F, F, B, B, F, X"
1199,11,B,"B, S, F, F, F, F, F, B, F, B, X"
1200,11,B,"B, S, F, F, F, F, F, B, F, F, X"
1201,11,B,"B, S, F, F, F, F, F, F, B, B, X"
1202,11,B,"B, S, F, F, F, F, F, F, B, F, X"
1203,11,B,"B, S, F, F, F, F, F, F, F, B, X"
1204,11,B,"B, C, B, B, F, F, F, F, F, F, X"
1205,11,B,"B, C, B, F, B, F, F, F, F, F, X"
1206,11,B,"B, C, B, F, F, B, F, F, F, F, X"
1207,11,B,"B, C, B, F, F, F, B, F, F, F, X"
1208,11,B,"B, C, B, F, F, F, F, B, F, F, X"
1209,11,B,"B, C, B, F, F, F, F, F, B, F, X"
1210,11,B,"B, C, B, F, F, F, F, F, F, B, X"
1211,11,B,"B, C, B, F, F, F, F, F, F, F, X"
1212,11,B,"B, C, F, B, B, F, F, F, F, F, X"
1213,11,B,"B, C, F, B, F, B, F, F, F, F, X"
1214,11,B,"B, C, F, B, F, F, B, F, F, F, X"
1215,11,B,"B, C, F, B, F, F, F, B, F, F, X"
1216,11,B,"B, C, F, B, F, F, F, F, B, F, X"
1217,11,B,"B, C, F, B, F, F, F, F, F, B, X"
1218,11,B,"B, C, F, B, F, F, F, F, F, F, X"
1219,11,B,"B, C, F, F, B, B, F, F, F, F, X"
1220,11,B,"B, C, F, F, B, F, B, F, F, F, X"
1221,11,B,"B, C, F, F, B, F, F, B, F, F, X"
1222,11,B,"B, C, F, F, B, F, F, F, B, F, X"
1223,11,B,"B, C, F, F, B, F, F, F, F, B, X"
1224,11,B,"B, C, F, F, B, F, F, F, F, F, X"
1225,11,B,"B, C, F, F, F, B, B, F, F, F, X"
1226,11,B,"B, C, F, F, F, B, F, B, F, F, X"
1227,11,B,"B, C, F, F, F, B, F, F, B, F, X"
1228,11,B,"B, C, F, F, F, B, F, F, F, B, X"
1229,11,B,"B, C, F, F, F, B, F, F, F, F, X"
1230,11,B,"B, C, F, F, F, F, B, B, F, F, X"
1231,11,B,"B, C, F, F, F, F, B, F, B, F, X"
1232,11,B,"B, C, F, F, F, F, B, F, F, B, X"
1233,11,B,"B, C, F, F, F, F, B, F, F, F, X"
1234,11,B,"B, C, F, F, F, F, F, B, B, F, X"
1235,11,B,"B, C, F, F, F, F, F, B, F, B, X"
1236,11,B,"B, C, F, F, F, F, F, B, F, F, X"
1237,11,B,"B, C, F, F, F, F, F, F, B, B, X"
1238,11,B,"B, C, F, F, F, F, F, F, B, F, X"
1239,11,B,"B, C, F, F, F, F, F, F, F, B, X"
1240,11,B,"B, F, B, B, F, F, F, F, F, F, X"
1241,11,B,"B, F, B, F, B, F, F, F, F, F, X"
1242,11,B,"B, F, B, F, F, B, F, F, F, F, X"
1243,11,B,"B, F, B, F, F, F, B, F, F, F, X"
1244,11,B,"B, F, B, F, F, F, F, B, F, F, X"
1245,11,B,"B, F, B, F, F, F, F, F, B, F, X"
1246,11,B,"B, F, B, F, F, F, F, F, F, B, X"
1247,11,B,"B, F, B, F, F, F, F, F, F, F, X"
1248,11,B,"B, F, F, B, B, F, F, F, F, F, X"
1249,11,B,"B, F, F, B, F, B, F, F, F, F, X"
1250,11,B,"B, F, F, B, F, F, B, F, F, F, X"
1251,11,B,"B, F, F, B, F, F, F, B, F, F, X"
1252,11,B,"B, F, F, B, F, F, F, F, B, F, X"
1253,11,B,"B, F, F, B, F, F, F, F, F, B, X"
1254,11,B,"B, F, F, B, F, F, F, F, F, F, X"
1255,11,B,"B, F, F, F, B, B, F, F, F, F, X"
1256,11,B,"B, F, F, F, B, F, B, F, F, F, X"
1257,11,B,"B, F, F, F, B, F, F, B, F, F, X"
1258,11,B,"B, F, F, F, B, F, F, F, B, F, X"
1259,11,B,"B, F, F, F, B, F, F, F, F, B, X"
1260,11,B,"B, F, F, F, B, F, F, F, F, F, X"
1261,11,B,"B, F, F, F, F, B, B, F, F, F, X"
1262,11,B,"B, F, F, F, F, B, F, B, F, F, X"
1263,11,B,"B, F, F, F, F, B, F, F, B, F, X"
1264,11,B,"B, F, F, F, F, B, F, F, F, B, X"
1265,11,B,"B, F, F, F, F, B, F, F, F, F, X"
1266,11,B,"B, F, F, F, F, F, B, B, F, F, X"
1267,11,B,"B, F, F, F, F, F, B, F, B, F, X"
1268,11,B,"B, F, F, F, F, F, B, F, F, B, X"
1269,11,B,"B, F, F, F, F, F, B, F, F, F, X"
1270,11,B,"B, F, F, F, F, F, F, B, B, F, X"
1271,11,B,"B, F, F, F, F, F, F, B, F, B, X"
1272,11,B,"B, F, F, F, F, F, F, B, F, F, X"
1273,11,B,"B, F, F, F, F, F, F, F, B, B, X"
1274,11,B,"B, F, F, F, F, F, F, F, B, F, X"
1275,11,S,"S, B, B, B, F, F, F, F, F, F, X"
1276,11,S,"S, B, B, F, B, F, F, F, F, F, X"
1277,11,S,"S, B, B, F, F, B, F, F, F, F, X"
1278,11,S,"S, B, B, F, F, F, B, F, F, F, X"
1279,11,S,"S, B, B, F, F, F, F, B, F, F, X"
1280,11,S,"S, B, B, F, F, F, F, F, B, F, X"
1281,11,S,"S, B, B, F, F, F, F, F, F, B, X"
1282,11,S,"S, B, B, F, F, F, F, F, F, F, X"
1283,11,S,"S, B, F, B, B, F, F, F, F, F, X"
1284,11,S,"S, B, F, B, F, B, F, F, F, F, X"
1285,11,S,"S, B, F, B, F, F, B, F, F, F, X"
1286,11,S,"S, B, F, B, F, F, F, B, F, F, X"
1287,11,S,"S, B, F, B, F, F, F, F, B, F, X"
1288,11,S,"S, B, F, B, F, F, F, F, F, B, X"
1289,11,S,"S, B, F, B, F, F, F, F, F, F, X"
1290,11,S,"S, B, F, F, B, B, F, F, F, F, X"
1291,11,S,"S, B, F, F, B, F, B, F, F, F, X"
1292,11,S,"S, B, F, F, B, F, F, B, F, F, X"
1293,11,S,"S, B, F, F, B, F, F, F, B, F, X"
1294,11,S,"S, B, F, F, B, F, F, F, F, B, X"
1295,11,S,"S, B, F, F, B, F, F, F, F, F, X"
1296,11,S,"S, B, F, F, F, B, B, F, F, F, X"
1297,11,S,"S, B, F, F, F, B, F, B, F, F, X"
1298,11,S,"S, B, F, F, F, B, F, F, B, F, X"
1299,11,S,"S, B, F, F, F, B, F, F, F, B, X"
1300,11,S,"S, B, F, F, F, B, F, F, F, F, X"
1301,11,S,"S, B, F, F, F, F, B, B, F, F, X"
1302,11,S,"S, B, F, F, F, F, B, F, B, F, X"
1303,11,S,"S, B, F, F, F, F, B, F, F, B, X"
1304,11,S,"S, B, F, F, F, F, B, F, F, F, X"
1305,11,S,"S, B, F, F, F, F, F, B, B, F, X"
1306,11,S,"S, B, F, F, F, F, F, B, F, B, X"
1307,11,S,"S, B, F, F, F, F, F, B, F, F, X"
1308,11,S,"S, B, F, F, F, F, F, F, B, B, X"
1309,11,S,"S, B, F, F, F, F, F, F, B, F, X"
1310,11,S,"S, B, F, F, F, F, F, F, F, B, X"
1311,11,S,"S, F, B, B, B, F, F, F, F, F, X"
1312,11,S,"S, F, B, B, F, B, F, F, F, F, X"
1313,11,S,"S, F, B, B, F, F, B, F, F, F, X"
1314,11,S,"S, F, B, B, F, F, F, B, F, F, X"
1315,11,S,"S, F, B, B, F, F, F, F, B, F, X"
1316,11,S,"S, F, B, B, F, F, F, F, F, B, X"
1317,11,S,"S, F, B, B, F, F, F, F, F, F, X"
1318,11,S,"S, F, B, F, B, B, F, F, F, F, X"
1319,11,S,"S, F, B, F, B, F, B, F, F, F, X"
1320,11,S,"S, F, B, F, B, F, F, B, F, F, X"
1321,11,S,"S, F, B, F, B, F, F, F, B, F, X"
1322,11,S,"S, F, B, F, B, F, F, F, F, B, X"
1323,11,S,"S, F, B, F, B, F, F, F, F, F, X"
1324,11,S,"S, F, B, F, F, B, B, F, F, F, X"
1325,11,S,"S, F, B, F, F, B, F, B, F, F, X"
1326,11,S,"S, F, B, F, F, B, F, F, B, F, X"
1327,11,S,"S, F, B, F, F, B, F, F, F, B, X"
1328,11,S,"S, F, B, F, F, B, F, F, F, F, X"
1329,11,S,"S, F, B, F, F, F, B, B, F, F, X"
1330,11,S,"S, F, B, F, F, F, B, F, B, F, X"
1331,11,S,"S, F, B, F, F, F, B, F, F, B, X"
1332,11,S,"S, F, B, F, F, F, B, F, F, F, X"
1333,11,S,"S, F, B, F, F, F, F, B, B, F, X"
1334,11,S,"S, F, B, F, F, F, F, B, F, B, X"
1335,11,S,"S, F, B, F, F, F, F, B, F, F, X"
1336,11,S,"S, F, B, F, F, F, F, F, B, B, X"
1337,11,S,"S, F, B, F, F, F, F, F, B, F, X"
1338,11,S,"S, F, B, F, F, F, F, F, F, B, X"
1339,11,S,"S, F, B, F, F, F, F, F, F, F, X"
1340,11,S,"S, F, F, B, B, B, F, F, F, F, X"
1341,11,S,"S, F, F, B, B, F, B, F, F, F, X"
1342,11,S,"S, F, F, B, B, F, F, B, F, F, X"
1343,11,S,"S, F, F, B, B, F, F, F, B, F, X"
1344,11,S,"S, F, F, B, B, F, F, F, F, B, X"
1345,11,S,"S, F, F, B, B, F, F, F, F, F, X"
1346,11,S,"S, F, F, B, F, B, B, F, F, F, X"
1347,11,S,"S, F, F, B, F, B, F, B, F, F, X"
1348,11,S,"S, F, F, B, F, B, F, F, B, F, X"
1349,11,S,"S, F, F, B, F, B, F, F, F, B, X"
1350,11,S,"S, F, F, B, F, B, F, F, F, F, X"
1351,11,S,"S, F, F, B, F, F, B, B, F, F, X"
1352,11,S,"S, F, F, B, F, F, B, F, B, F, X"
1353,11,S,"S, F, F, B, F, F, B, F, F, B, X"
1354,11,S,"S, F, F, B, F, F, B, F, F, F, X"
1355,11,S,"S, F, F, B, F, F, F, B, B, F, X"
1356,11,S,"S, F, F, B, F, F, F, B, F, B, X"
1357,11,S,"S, F, F, B, F, F, F, B, F, F, X"
1358,11,S,"S, F, F, B, F, F, F, F, B, B, X"
1359,11,S,"S, F, F, B, F, F, F, F, B, F, X"
1360,11,S,"S, F, F, B, F, F, F, F, F, B, X"
1361,11,S,"S, F, F, B, F, F, F, F, F, F, X"
1362,11,S,"S, F, F, F, B, B, B, F, F, F, X"
1363,11,S,"S, F, F, F, B, B, F, B, F, F, X"
1364,11,S,"S, F, F, F, B, B, F, F, B, F, X"
1365,11,S,"S, F, F, F, B, B, F, F, F, B, X"
1366,11,S,"S, F, F, F, B, B, F, F, F, F, X"
1367,11,S,"S, F, F, F, B, F, B, B, F, F, X"
1368,11,S,"S, F, F, F, B, F, B, F, B, F, X"
1369,11,S,"S, F, F, F, B, F, B, F, F, B, X"
1370,11,S,"S, F, F, F, B, F, B, F, F, F, X"
1371,11,S,"S, F, F, F, B, F, F, B, B, F, X"
1372,11,S,"S, F, F, F, B, F, F, B, F, B, X"
1373,11,S,"S, F, F, F, B, F, F, B, F, F, X"
1374,11,S,"S, F, F, F, B, F, F, F, B, B, X"
1375,11,S,"S, F, F, F, B, F, F, F, B, F, X"
1376,11,S,"S, F, F, F, B, F, F, F, F, B, X"
1377,11,S,"S, F, F, F, B, F, F, F, F, F, X"
1378,11,S,"S, F, F, F, F, B, B, B, F, F, X"
1379,11,S,"S, F, F, F, F, B, B, F, B, F, X"
1380,11,S,"S, F, F, F, F, B, B, F, F, B, X"
1381,11,S,"S, F, F, F, F, B, B, F, F, F, X"
1382,11,S,"S, F, F, F, F, B, F, B, B, F, X"
1383,11,S,"S, F, F, F, F, B, F, B, F, B, X"
1384,11,S,"S, F, F, F, F, B, F, B, F, F, X"
1385,11,S,"S, F, F, F, F, B, F, F, B, B, X"
1386,11,S,"S, F, F, F, F, B, F, F, B, F, X"
1387,11,S,"S, F, F, F, F, B, F, F, F, B, X"
1388,11,S,"S, F, F, F, F, B, F, F, F, F, X"
1389,11,S,"S, F, F, F, F, F, B, B, B, F, X"
1390,11,S,"S, F, F, F, F, F, B, B, F, B, X"
1391,11,S,"S, F, F, F, F, F, B, B, F, F, X"
1392,11,S,"S, F, F, F, F, F, B, F, B, B, X"
1393,11,S,"S, F, F, F, F, F, B, F, B, F, X"
1394,11,S,"S, F, F, F, F, F, B, F, F, B, X"
1395,11,S,"S, F, F, F, F, F, B, F, F, F, X"
1396,11,S,"S, F, F, F, F, F, F, B, B, B, X"
1397,11,S,"S, F, F, F, F, F, F, B, B, F, X"
1398,11,S,"S, F, F, F, F, F, F, B, F, B, X"
1399,11,S,"S, F, F, F, F, F, F, B, F, F, X"
1400,11,S,"S, F, F, F, F, F, F, F, B, B, X"
1401,11,S,"S, F, F, F, F, F, F, F, B, F, X"
1402,11,C,"C, B, B, B, F, F, F, F, F, F, X"
1403,11,C,"C, B, B, F, B, F, F, F, F, F, X"
1404,11,C,"C, B, B, F, F, B, F, F, F, F, X"
1405,11,C,"C, B, B, F, F, F, B, F, F, F, X"
1406,11,C,"C, B, B, F, F, F, F, B, F, F, X"
1407,11,C,"C, B, B, F, F, F, F, F, B, F, X"
1408,11,C,"C, B, B, F, F, F, F, F, F, B, X"
1409,11,C,"C, B, B, F, F, F, F, F, F, F, X"
1410,11,C,"C, B, F, B, B, F, F, F, F, F, X"
1411,11,C,"C, B, F, B, F, B, F, F, F, F, X"
1412,11,C,"C, B, F, B, F, F, B, F, F, F, X"
1413,11,C,"C, B, F, B, F, F, F, B, F, F, X"
1414,11,C,"C, B, F, B, F, F, F, F, B, F, X"
1415,11,C,"C, B, F, B, F, F, F, F, F, B, X"
1416,11,C,"C, B, F, B, F, F, F, F, F, F, X"
1417,11,C,"C, B, F, F, B, B, F, F, F, F, X"
1418,11,C,"C, B, F, F, B, F, B, F, F, F, X"
1419,11,C,"C, B, F, F, B, F, F, B, F, F, X"
1420,11,C,"C, B, F, F, B, F, F, F, B, F, X"
1421,11,C,"C, B, F, F, B, F, F, F, F, B, X"
1422,11,C,"C, B, F, F, B, F, F, F, F, F, X"
1423,11,C,"C, B, F, F, F, B, B, F, F, F, X"
1424,11,C,"C, B, F, F, F, B, F, B, F, F, X"
1425,11,C,"C, B, F, F, F, B, F, F, B, F, X"
1426,11,C,"C, B, F, F, F, B, F, F, F, B, X"
1427,11,C,"C, B, F, F, F, B, F, F, F, F, X"
1428,11,C,"C, B, F, F, F, F, B, B, F, F, X"
1429,11,C,"C, B, F, F, F, F, B, F, B, F, X"
1430,11,C,"C, B, F, F, F, F, B, F, F, B, X"
1431,11,C,"C, B, F, F, F, F, B, F, F, F, X"
1432,11,C,"C, B, F, F, F, F, F, B, B, F, X"
1433,11,C,"C, B, F, F, F, F, F, B, F, B, X"
1434,11,C,"C, B, F, F, F, F, F, B, F, F, X"
1435,11,C,"C, B, F, F, F, F, F, F, B, B, X"
1436,11,C,"C, B, F, F, F, F, F, F, B, F, X"
1437,11,C,"C, B, F, F, F, F, F, F, F, B, X"
1438,11,C,"C, F, B, B, B, F, F, F, F, F, X"
1439,11,C,"C, F, B, B, F, B, F, F, F, F, X"
1440,11,C,"C, F, B, B, F, F, B, F, F, F, X"
1441,11,C,"C, F, B, B, F, F, F, B, F, F, X"
1442,11,C,"C, F, B, B, F, F, F, F, B, F, X"
1443,11,C,"C, F, B, B, F, F, F, F, F, B, X"
1444,11,C,"C, F, B, B, F, F, F, F, F, F, X"
1445,11,C,"C, F, B, F, B, B, F, F, F, F, X"
1446,11,C,"C, F, B, F, B, F, B, F, F, F, X"
1447,11,C,"C, F, B, F, B, F, F, B, F, F, X"
1448,11,C,"C, F, B, F, B, F, F, F, B, F, X"
1449,11,C,"C, F, B, F, B, F, F, F, F, B, X"
1450,11,C,"C, F, B, F, B, F, F, F, F, F, X"
1451,11,C,"C, F, B, F, F, B, B, F, F, F, X"
1452,11,C,"C, F, B, F, F, B, F, B, F, F, X"
1453,11,C,"C, F, B, F, F, B, F, F, B, F, X"
1454,11,C,"C, F, B, F, F, B, F, F, F, B, X"
1455,11,C,"C, F, B, F, F, B, F, F, F, F, X"
1456,11,C,"C, F, B, F, F, F, B, B, F, F, X"
1457,11,C,"C, F, B, F, F, F, B, F, B, F, X"
1458,11,C,"C, F, B, F, F, F, B, F, F, B, X"
1459,11,C,"C, F, B, F, F, F, B, F, F, F, X"
1460,11,C,"C, F, B, F, F, F, F, B, B, F, X"
1461,11,C,"C, F, B, F, F, F, F, B, F, B, X"
1462,11,C,"C, F, B, F, F, F, F, B, F, F, X"
1463,11,C,"C, F, B, F, F, F, F, F, B, B, X"
1464,11,C,"C, F, B, F, F, F, F, F, B, F, X"
1465,11,C,"C, F, B, F, F, F, F, F, F, B, X"
1466,11,C,"C, F, B, F, F, F, F, F, F, F, X"
1467,11,C,"C, F, F, B, B, B, F, F, F, F, X"
1468,11,C,"C, F, F, B, B, F, B, F, F, F, X"
1469,11,C,"C, F, F, B, B, F, F, B, F, F, X"
1470,11,C,"C, F, F, B, B, F, F, F, B, F, X"
1471,11,C,"C, F, F, B, B, F, F, F, F, B, X"
1472,11,C,"C, F, F, B, B, F, F, F, F, F, X"
1473,11,C,"C, F, F, B, F, B, B, F, F, F, X"
1474,11,C,"C, F, F, B, F, B, F, B, F, F, X"
1475,11,C,"C, F, F, B, F, B, F, F, B, F, X"
1476,11,C,"C, F, F, B, F, B, F, F, F, B, X"
1477,11,C,"C, F, F, B, F, B, F, F, F, F, X"
1478,11,C,"C, F, F, B, F, F, B, B, F, F, X"
1479,11,C,"C, F, F, B, F, F, B, F, B, F, X"
1480,11,C,"C, F, F, B, F, F, B, F, F, B, X"
1481,11,C,"C, F, F, B, F, F, B, F, F, F, X"
1482,11,C,"C, F, F, B, F, F, F, B, B, F, X"
1483,11,C,"C, F, F, B, F, F, F, B, F, B, X"
1484,11,C,"C, F, F, B, F, F, F, B, F, F, X"
1485,11,C,"C, F, F, B, F, F, F, F, B, B, X"
1486,11,C,"C, F, F, B, F, F, F, F, B, F, X"
1487,11,C,"C, F, F, B, F, F, F, F, F, B, X"
1488,11,C,"C, F, F, B, F, F, F, F, F, F, X"
1489,11,C,"C, F, F, F, B, B, B, F, F, F, X"
1490,11,C,"C, F, F, F, B, B, F, B, F, F, X"
1491,11,C,"C, F, F, F, B, B, F, F, B, F, X"
1492,11,C,"C, F, F, F, B, B, F, F, F, B, X"
1493,11,C,"C, F, F, F, B, B, F, F, F, F, X"
1494,11,C,"C, F, F, F, B, F, B, B, F, F, X"
1495,11,C,"C, F, F, F, B, F, B, F, B, F, X"
1496,11,C,"C, F, F, F, B, F, B, F, F, B, X"
1497,11,C,"C, F, F, F, B, F, B, F, F, F, X"
1498,11,C,"C, F, F, F, B, F, F, B, B, F, X"
1499,11,C,"C, F, F, F, B, F, F, B, F, B, X"
1500,11,C,"C, F, F, F, B, F, F, B, F, F, X"
1501,11,C,"C, F, F, F, B, F, F, F, B, B, X"
1502,11,C,"C, F, F, F, B, F, F, F, B, F, X"
1503,11,C,"C, F, F, F, B, F, F, F, F, B, X"
1504,11,C,"C, F, F, F, B, F, F, F, F, F, X"
1505,11,C,"C, F, F, F, F, B, B, B, F, F, X"
1506,11,C,"C, F, F, F, F, B, B, F, B, F, X"
1507,11,C,"C, F, F, F, F, B, B, F, F, B, X"
1508,11,C,"C, F, F, F, F, B, B, F, F, F, X"
1509,11,C,"C, F, F, F, F, B, F, B, B, F, X"
1510,11,C,"C, F, F, F, F, B, F, B, F, B, X"
1511,11,C,"C, F, F, F, F, B, F, B, F, F, X"
1512,11,C,"C, F, F, F, F, B, F, F, B, B, X"
1513,11,C,"C, F, F, F, F, B, F, F, B, F, X"
1514,11,C,"C, F, F, F, F, B, F, F, F, B, X"
1515,11,C,"C, F, F, F, F, B, F, F, F, F, X"
1516,11,C,"C, F, F, F, F, F, B, B, B, F, X"
1517,11,C,"C, F, F, F, F, F, B, B, F, B, X"
1518,11,C,"C, F, F, F, F, F, B, B, F, F, X"
1519,11,C,"C, F, F, F, F, F, B, F, B, B, X"
1520,11,C,"C, F, F, F, F, F, B, F, B, F, X"
1521,11,C,"C, F, F, F, F, F, B, F, F, B, X"
1522,11,C,"C, F, F, F, F, F, B, F, F, F, X"
1523,11,C,"C, F, F, F, F, F, F, B, B, B, X"
1524,11,C,"C, F, F, F, F, F, F, B, B, F, X"
1525,11,C,"C, F, F, F, F, F, F, B, F, B, X"
1526,11,C,"C, F, F, F, F, F, F, B, F, F, X"
1527,11,C,"C, F, F, F, F, F, F, F, B, B, X"
1528,11,C,"C, F, F, F, F, F, F, F, B, F, X"
1529,11,F,"F, B, B, B, F, F, F, F, F, F, X"
1530,11,F,"F, B, B, F, B, F, F, F, F, F, X"
1531,11,F,"F, B, B, F, F, B, F, F, F, F, X"
1532,11,F,"F, B, B, F, F, F, B, F, F, F, X"
1533,11,F,"F, B, B, F, F, F, F, B, F, F, X"
1534,11,F,"F, B, B, F, F, F, F, F, B, F, X"
1535,11,F,"F, B, B, F, F, F, F, F, F, B, X"
1536,11,F,"F, B, B, F, F, F, F, F, F, F, X"
1537,11,F,"F, B, F, B, B, F, F, F, F, F, X"
1538,11,F,"F, B, F, B, F, B, F, F, F, F, X"
1539,11,F,"F, B, F, B, F, F, B, F, F, F, X"
1540,11,F,"F, B, F, B, F, F, F, B, F, F, X"
1541,11,F,"F, B, F, B, F, F, F, F, B, F, X"
1542,11,F,"F, B, F, B, F, F, F, F, F, B, X"
1543,11,F,"F, B, F, B, F, F, F, F, F, F, X"
1544,11,F,"F, B, F, F, B, B, F, F, F, F, X"
1545,11,F,"F, B, F, F, B, F, B, F, F, F, X"
1546,11,F,"F, B, F, F, B, F, F, B, F, F, X"
1547,11,F,"F, B, F, F, B, F, F, F, B, F, X"
1548,11,F,"F, B, F, F, B, F, F, F, F, B, X"
1549,11,F,"F, B, F, F, B, F, F, F, F, F, X"
1550,11,F,"F, B, F, F, F, B, B, F, F, F, X"
1551,11,F,"F, B, F, F, F, B, F, B, F, F, X"
1552,11,F,"F, B, F, F, F, B, F, F, B, F, X"
1553,11,F,"F, B, F, F, F, B, F, F, F, B, X"
1554,11,F,"F, B, F, F, F, B, F, F, F, F, X"
1555,11,F,"F, B, F, F, F, F, B, B, F, F, X"
1556,11,F,"F, B, F, F, F, F, B, F, B, F, X"
1557,11,F,"F, B, F, F, F, F, B, F, F, B, X"
1558,11,F,"F, B, F, F, F, F, B, F, F, F, X"
1559,11,F,"F, B, F, F, F, F, F, B, B, F, X"
1560,11,F,"F, B, F, F, F, F, F, B, F, B, X"
1561,11,F,"F, B, F, F, F, F, F, B, F, F, X"
1562,11,F,"F, B, F, F, F, F, F, F, B, B, X"
1563,11,F,"F, B, F, F, F, F, F, F, B, F, X"
1564,11,F,"F, B, F, F, F, F, F, F, F, B, X"
1565,11,F,"F, F, B, B, B, F, F, F, F, F, X"
1566,11,F,"F, F, B, B, F, B, F, F, F, F, X"
1567,11,F,"F, F, B, B, F, F, B, F, F, F, X"
1568,11,F,"F, F, B, B, F, F, F, B, F, F, X"
1569,11,F,"F, F, B, B, F, F, F, F, B, F, X"
1570,11,F,"F, F, B, B, F, F, F, F, F, B, X"
1571,11,F,"F, F, B, B, F, F, F, F, F, F, X"
1572,11,F,"F, F, B, F, B, B, F, F, F, F, X"
1573,11,F,"F, F, B, F, B, F, B, F, F, F, X"
1574,11,F,"F, F, B, F, B, F, F, B, F, F, X"
1575,11,F,"F, F, B, F, B, F, F, F, B, F, X"
1576,11,F,"F, F, B, F, B, F, F, F, F, B, X"
1577,11,F,"F, F, B, F, B, F, F, F, F, F, X"
1578,11,F,"F, F, B, F, F, B, B, F, F, F, X"
1579,11,F,"F, F, B, F, F, B, F, B, F, F, X"
1580,11,F,"F, F, B, F, F, B, F, F, B, F, X"
1581,11,F,"F, F, B, F, F, B, F, F, F, B, X"
1582,11,F,"F, F, B, F, F, B, F, F, F, F, X"
1583,11,F,"F, F, B, F, F, F, B, B, F, F, X"
1584,11,F,"F, F, B, F, F, F, B, F, B, F, X"
1585,11,F,"F, F, B, F, F, F, B, F, F, B, X"
1586,11,F,"F, F, B, F, F, F, B, F, F, F, X"
1587,11,F,"F, F, B, F, F, F, F, B, B, F, X"
1588,11,F,"F, F, B, F, F, F, F, B, F, B, X"
1589,11,F,"F, F, B, F, F, F, F, B, F, F, X"
1590,11,F,"F, F, B, F, F, F, F, F, B, B, X"
1591,11,F,"F, F, B, F, F, F, F, F, B, F, X"
1592,11,F,"F, F, B, F, F, F, F, F, F, B, X"
1593,11,F,"F, F, B, F, F, F, F, F, F, F, X"
1594,11,F,"F, F, F, B, B, B, F, F, F, F, X"
1595,11,F,"F, F, F, B, B, F, B, F, F, F, X"
1596,11,F,"F, F, F, B, B, F, F, B, F, F, X"
1597,11,F,"F, F, F, B, B, F, F, F, B, F, X"
1598,11,F,"F, F, F, B, B, F, F, F, F, B, X"
1599,11,F,"F, F, F, B, B, F, F, F, F, F, X"
1600,11,F,"F, F, F, B, F, B, B, F, F, F, X"
1601,11,F,"F, F, F, B, F, B, F, B, F, F, X"
1602,11,F,"F, F, F, B, F, B, F, F, B, F, X"
1603,11,F,"F, F, F, B, F, B, F, F, F, B, X"
1604,11,F,"F, F, F, B, F, B, F, F, F, F, X"
1605,11,F,"F, F, F, B, F, F, B, B, F, F, X"
1606,11,F,"F, F, F, B, F, F, B, F, B, F, X"
1607,11,F,"F, F, F, B, F, F, B, F, F, B, X"
1608,11,F,"F, F, F, B, F, F, B, F, F, F, X"
1609,11,F,"F, F, F, B, F, F, F, B, B, F, X"
1610,11,F,"F, F, F, B, F, F, F, B, F, B, X"
1611,11,F,"F, F, F, B, F, F, F, B, F, F, X"
1612,11,F,"F, F, F, B, F, F, F, F, B, B, X"
1613,11,F,"F, F, F, B, F, F, F, F, B, F, X"
1614,11,F,"F, F, F, B, F, F, F, F, F, B, X"
1615,11,F,"F, F, F, B, F, F, F, F, F, F, X"
1616,11,F,"F, F, F, F, B, B, B, F, F, F, X"
1617,11,F,"F, F, F, F, B, B, F, B, F, F, X"
1618,11,F,"F, F, F, F, B, B, F, F, B, F, X"
1619,11,F,"F, F, F, F, B, B, F, F, F, B, X"
1620,11,F,"F, F, F, F, B, B, F, F, F, F, X"
1621,11,F,"F, F, F, F, B, F, B, B, F, F, X"
1622,11,F,"F, F, F, F, B, F, B, F, B, F, X"
1623,11,F,"F, F, F, F, B, F, B, F, F, B, X"
1624,11,F,"F, F, F, F, B, F, B, F, F, F, X"
1625,11,F,"F, F, F, F, B, F, F, B, B, F, X"
1626,11,F,"F, F, F, F, B, F, F, B, F, B, X"
1627,11,F,"F, F, F, F, B, F, F, B, F, F, X"
1628,11,F,"F, F, F, F, B, F, F, F, B, B, X"
1629,11,F,"F, F, F, F, B, F, F, F, B, F, X"
1630,11,F,"F, F, F, F, B, F, F, F, F, B, X"
1631,11,F,"F, F, F, F, B, F, F, F, F, F, X"
1632,11,F,"F, F, F, F, F, B, B, B, F, F, X"
1633,11,F,"F, F, F, F, F, B, B, F, B, F, X"
1634,11,F,"F, F, F, F, F, B, B, F, F, B, X"
1635,11,F,"F, F, F, F, F, B, B, F, F, F, X"
1636,11,F,"F, F, F, F, F, B, F, B, B, F, X"
1637,11,F,"F, F, F, F, F, B, F, B, F, B, X"
1638,11,F,"F, F, F, F, F, B, F, B, F, F, X"
1639,11,F,"F, F, F, F, F, B, F, F, B, B, X"
1640,11,F,"F, F, F, F, F, B, F, F, B, F, X"
1641,11,F,"F, F, F, F, F, B, F, F, F, B, X"
1642,11,F,"F, F, F, F, F, B, F, F, F, F, X"
1643,11,F,"F, F, F, F, F, F, B, B, B, F, X"
1644,11,F,"F, F, F, F, F, F, B, B, F, B, X"
1645,11,F,"F, F, F, F, F, F, B, B, F, F, X"
1646,11,F,"F, F, F, F, F, F, B, F, B, B, X"
1647,11,F,"F, F, F, F, F, F, B, F, B, F, X"
1648,11,F,"F, F, F, F, F, F, B, F, F, B, X"
1649,11,F,"F, F, F, F, F, F, B, F, F, F, X"
1650,11,F,"F, F, F, F, F, F, F, B, B, B, X"
1651,11,F,"F, F, F, F, F, F, F, B, B, F, X"
1652,11,F,"F, F, F, F, F, F, F, B, F, B, X"
1653,11,F,"F, F, F, F, F, F, F, B, F, F, X"
1654,12,B,"B, B, B, S, F, F, F, F, F, F, F, X"
1655,12,B,"B, B, B, C, F, F, F, F, F, F, F, X"
1656,12,B,"B, B, S, B, F, F, F, F, F, F, F, X"
1657,12,B,"B, B, S, F, B, F, F, F, F, F, F, X"
1658,12,B,"B, B, S, F, F, B, F, F, F, F, F, X"
1659,12,B,"B, B, S, F, F, F, B, F, F, F, F, X"
1660,12,B,"B, B, S, F, F, F, F, B, F, F, F, X"
1661,12,B,"B, B, S, F, F, F, F, F, B, F, F, X"
1662,12,B,"B, B, S, F, F, F, F, F, F, B, F, X"
1663,12,B,"B, B, S, F, F, F, F, F, F, F, B, X"
1664,12,B,"B, B, C, B, F, F, F, F, F, F, F, X"
1665,12,B,"B, B, C, F, B, F, F, F, F, F, F, X"
1666,12,B,"B, B, C, F, F, B, F, F, F, F, F, X"
1667,12,B,"B, B, C, F, F, F, B, F, F, F, F, X"
1668,12,B,"B, B, C, F, F, F, F, B, F, F, F, X"
1669,12,B,"B, B, C, F, F, F, F, F, B, F, F, X"
1670,12,B,"B, B, C, F, F, F, F, F, F, B, F, X"
1671,12,B,"B, B, C, F, F, F, F, F, F, F, B, X"
1672,12,B,"B, B, F, B, F, F, F, F, F, F, F, X"
1673,12,B,"B, B, F, F, B, F, F, F, F, F, F, X"
1674,12,B,"B, B, F, F, F, B, F, F, F, F, F, X"
1675,12,B,"B, B, F, F, F, F, B, F, F, F, F, X"
1676,12,B,"B, B, F, F, F, F, F, B, F, F, F, X"
1677,12,B,"B, B, F, F, F, F, F, F, B, F, F, X"
1678,12,B,"B, B, F, F, F, F, F, F, F, B, F, X"
1679,12,B,"B, S, B, B, F, F, F, F, F, F, F, X"
1680,12,B,"B, S, B, F, B, F, F, F, F, F, F, X"
1681,12,B,"B, S, B, F, F, B, F, F, F, F, F, X"
1682,12,B,"B, S, B, F, F, F, B, F, F, F, F, X"
1683,12,B,"B, S, B, F, F, F, F, B, F, F, F, X"
1684,12,B,"B, S, B, F, F, F, F, F, B, F, F, X"
1685,12,B,"B, S, B, F, F, F, F, F, F, B, F, X"
1686,12,B,"B, S, B, F, F, F, F, F, F, F, B, X"
1687,12,B,"B, S, F, B, B, F, F, F, F, F, F, X"
1688,12,B,"B, S, F, B, F, B, F, F, F, F, F, X"
1689,12,B,"B, S, F, B, F, F, B, F, F, F, F, X"
1690,12,B,"B, S, F, B, F, F, F, B, F, F, F, X"
1691,12,B,"B, S, F, B, F, F, F, F, B, F, F, X"
1692,12,B,"B, S, F, B, F, F, F, F, F, B, F, X"
1693,12,B,"B, S, F, B, F, F, F, F, F, F, B, X"
1694,12,B,"B, S, F, B, F, F, F, F, F, F, F, X"
1695,12,B,"B, S, F, F, B, B, F, F, F, F, F, X"
1696,12,B,"B, S, F, F, B, F, B, F, F, F, F, X"
1697,12,B,"B, S, F, F, B, F, F, B, F, F, F, X"
1698,12,B,"B, S, F, F, B, F, F, F, B, F, F, X"
1699,12,B,"B, S, F, F, B, F, F, F, F, B, F, X"
1700,12,B,"B, S, F, F, B, F, F, F, F, F, B, X"
1701,12,B,"B, S, F, F, B, F, F, F, F, F, F, X"
1702,12,B,"B, S, F, F, F, B, B, F, F, F, F, X"
1703,12,B,"B, S, F, F, F, B, F, B, F, F, F, X"
1704,12,B,"B, S, F, F, F, B, F, F, B, F, F, X"
1705,12,B,"B, S, F, F, F, B, F, F, F, B, F, X"
1706,12,B,"B, S, F, F, F, B, F, F, F, F, B, X"
1707,12,B,"B, S, F, F, F, B, F, F, F, F, F, X"
1708,12,B,"B, S, F, F, F, F, B, B, F, F, F, X"
1709,12,B,"B, S, F, F, F, F, B, F, B, F, F, X"
1710,12,B,"B, S, F, F, F, F, B, F, F, B, F, X"
1711,12,B,"B, S, F, F, F, F, B, F, F, F, B, X"
1712,12,B,"B, S, F, F, F, F, B, F, F, F, F, X"
1713,12,B,"B, S, F, F, F, F, F, B, B, F, F, X"
1714,12,B,"B, S, F, F, F, F, F, B, F, B, F, X"
1715,12,B,"B, S, F, F, F, F, F, B, F, F, B, X"
1716,12,B,"B, S, F, F, F, F, F, B, F, F, F, X"
1717,12,B,"B, S, F, F, F, F, F, F, B, B, F, X"
1718,12,B,"B, S, F, F, F, F, F, F, B, F, B, X"
1719,12,B,"B, S, F, F, F, F, F, F, B, F, F, X"
1720,12,B,"B, S, F, F, F, F, F, F, F, B, B, X"
1721,12,B,"B, S, F, F, F, F, F, F, F, B, F, X"
1722,12,B,"B, C, B, B, F, F, F, F, F, F, F, X"
1723,12,B,"B, C, B, F, B, F, F, F, F, F, F, X"
1724,12,B,"B, C, B, F, F, B, F, F, F, F, F, X"
1725,12,B,"B, C, B, F, F, F, B, F, F, F, F, X"
1726,12,B,"B, C, B, F, F, F, F, B, F, F, F, X"
1727,12,B,"B, C, B, F, F, F, F, F, B, F, F, X"
1728,12,B,"B, C, B, F, F, F, F, F, F, B, F, X"
1729,12,B,"B, C, B, F, F, F, F, F, F, F, B, X"
1730,12,B,"B, C, F, B, B, F, F, F, F, F, F, X"
1731,12,B,"B, C, F, B, F, B, F, F, F, F, F, X"
1732,12,B,"B, C, F, B, F, F, B, F, F, F, F, X"
1733,12,B,"B, C, F, B, F, F, F, B, F, F, F, X"
1734,12,B,"B, C, F, B, F, F, F, F, B, F, F, X"
1735,12,B,"B, C, F, B, F, F, F, F, F, B, F, X"
1736,12,B,"B, C, F, B, F, F, F, F, F, F, B, X"
1737,12,B,"B, C, F, B, F, F, F, F, F, F, F, X"
1738,12,B,"B, C, F, F, B, B, F, F, F, F, F, X"
1739,12,B,"B, C, F, F, B, F, B, F, F, F, F, X"
1740,12,B,"B, C, F, F, B, F, F, B, F, F, F, X"
1741,12,B,"B, C, F, F, B, F, F, F, B, F, F, X"
1742,12,B,"B, C, F, F, B, F, F, F, F, B, F, X"
1743,12,B,"B, C, F, F, B, F, F, F, F, F, B, X"
1744,12,B,"B, C, F, F, B, F, F, F, F, F, F, X"
1745,12,B,"B, C, F, F, F, B, B, F, F, F, F, X"
1746,12,B,"B, C, F, F, F, B, F, B, F, F, F, X"
1747,12,B,"B, C, F, F, F, B, F, F, B, F, F, X"
1748,12,B,"B, C, F, F, F, B, F, F, F, B, F, X"
1749,12,B,"B, C, F, F, F, B, F, F, F, F, B, X"
1750,12,B,"B, C, F, F, F, B, F, F, F, F, F, X"
1751,12,B,"B, C, F, F, F, F, B, B, F, F, F, X"
1752,12,B,"B, C, F, F, F, F, B, F, B, F, F, X"
1753,12,B,"B, C, F, F, F, F, B, F, F, B, F, X"
1754,12,B,"B, C, F, F, F, F, B, F, F, F, B, X"
1755,12,B,"B, C, F, F, F, F, B, F, F, F, F, X"
1756,12,B,"B, C, F, F, F, F, F, B, B, F, F, X"
1757,12,B,"B, C, F, F, F, F, F, B, F, B, F, X"
1758,12,B,"B, C, F, F, F, F, F, B, F, F, B, X"
1759,12,B,"B, C, F, F, F, F, F, B, F, F, F, X"
1760,12,B,"B, C, F, F, F, F, F, F, B, B, F, X"
1761,12,B,"B, C, F, F, F, F, F, F, B, F, B, X"
1762,12,B,"B, C, F, F, F, F, F, F, B, F, F, X"
1763,12,B,"B, C, F, F, F, F, F, F, F, B, B, X"
1764,12,B,"B, C, F, F, F, F, F, F, F, B, F, X"
1765,12,B,"B, F, B, B, F, F, F, F, F, F, F, X"
1766,12,B,"B, F, B, F, B, F, F, F, F, F, F, X"
1767,12,B,"B, F, B, F, F, B, F, F, F, F, F, X"
1768,12,B,"B, F, B, F, F, F, B, F, F, F, F, X"
1769,12,B,"B, F, B, F, F, F, F, B, F, F, F, X"
1770,12,B,"B, F, B, F, F, F, F, F, B, F, F, X"
1771,12,B,"B, F, B, F, F, F, F, F, F, B, F, X"
1772,12,B,"B, F, B, F, F, F, F, F, F, F, B, X"
1773,12,B,"B, F, F, B, B, F, F, F, F, F, F, X"
1774,12,B,"B, F, F, B, F, B, F, F, F, F, F, X"
1775,12,B,"B, F, F, B, F, F, B, F, F, F, F, X"
1776,12,B,"B, F, F, B, F, F, F, B, F, F, F, X"
1777,12,B,"B, F, F, B, F, F, F, F, B, F, F, X"
1778,12,B,"B, F, F, B, F, F, F, F, F, B, F, X"
1779,12,B,"B, F, F, B, F, F, F, F, F, F, B, X"
1780,12,B,"B, F, F, B, F, F, F, F, F, F, F, X"
1781,12,B,"B, F, F, F, B, B, F, F, F, F, F, X"
1782,12,B,"B, F, F, F, B, F, B, F, F, F, F, X"
1783,12,B,"B, F, F, F, B, F, F, B, F, F, F, X"
1784,12,B,"B, F, F, F, B, F, F, F, B, F, F, X"
1785,12,B,"B, F, F, F, B, F, F, F, F, B, F, X"
1786,12,B,"B, F, F, F, B, F, F, F, F, F, B, X"
1787,12,B,"B, F, F, F, B, F, F, F, F, F, F, X"
1788,12,B,"B, F, F, F, F, B, B, F, F, F, F, X"
1789,12,B,"B, F, F, F, F, B, F, B, F, F, F, X"
1790,12,B,"B, F, F, F, F, B, F, F, B, F, F, X"
1791,12,B,"B, F, F, F, F, B, F, F, F, B, F, X"
1792,12,B,"B, F, F, F, F, B, F, F, F, F, B, X"
1793,12,B,"B, F, F, F, F, B, F, F, F, F, F, X"
1794,12,B,"B, F, F, F, F, F, B, B, F, F, F, X"
1795,12,B,"B, F, F, F, F, F, B, F, B, F, F, X"
1796,12,B,"B, F, F, F, F, F, B, F, F, B, F, X"
1797,12,B,"B, F, F, F, F, F, B, F, F, F, B, X"
1798,12,B,"B, F, F, F, F, F, B, F, F, F, F, X"
1799,12,B,"B, F, F, F, F, F, F, B, B, F, F, X"
1800,12,B,"B, F, F, F, F, F, F, B, F, B, F, X"
1801,12,B,"B, F, F, F, F, F, F, B, F, F, B, X"
1802,12,B,"B, F, F, F, F, F, F, B, F, F, F, X"
1803,12,B,"B, F, F, F, F, F, F, F, B, B, F, X"
1804,12,B,"B, F, F, F, F, F, F, F, B, F, B, X"
1805,12,B,"B, F, F, F, F, F, F, F, B, F, F, X"
1806,12,S,"S, B, B, B, F, F, F, F, F, F, F, X"
1807,12,S,"S, B, B, F, B, F, F, F, F, F, F, X"
1808,12,S,"S, B, B, F, F, B, F, F, F, F, F, X"
1809,12,S,"S, B, B, F, F, F, B, F, F, F, F, X"
1810,12,S,"S, B, B, F, F, F, F, B, F, F, F, X"
1811,12,S,"S, B, B, F, F, F, F, F, B, F, F, X"
1812,12,S,"S, B, B, F, F, F, F, F, F, B, F, X"
1813,12,S,"S, B, B, F, F, F, F, F, F, F, B, X"
1814,12,S,"S, B, F, B, B, F, F, F, F, F, F, X"
1815,12,S,"S, B, F, B, F, B, F, F, F, F, F, X"
1816,12,S,"S, B, F, B, F, F, B, F, F, F, F, X"
1817,12,S,"S, B, F, B, F, F, F, B, F, F, F, X"
1818,12,S,"S, B, F, B, F, F, F, F, B, F, F, X"
1819,12,S,"S, B, F, B, F, F, F, F, F, B, F, X"
1820,12,S,"S, B, F, B, F, F, F, F, F, F, B, X"
1821,12,S,"S, B, F, B, F, F, F, F, F, F, F, X"
1822,12,S,"S, B, F, F, B, B, F, F, F, F, F, X"
1823,12,S,"S, B, F, F, B, F, B, F, F, F, F, X"
1824,12,S,"S, B, F, F, B, F, F, B, F, F, F, X"
1825,12,S,"S, B, F, F, B, F, F, F, B, F, F, X"
1826,12,S,"S, B, F, F, B, F, F, F, F, B, F, X"
1827,12,S,"S, B, F, F, B, F, F, F, F, F, B, X"
1828,12,S,"S, B, F, F, B, F, F, F, F, F, F, X"
1829,12,S,"S, B, F, F, F, B, B, F, F, F, F, X"
1830,12,S,"S, B, F, F, F, B, F, B, F, F, F, X"
1831,12,S,"S, B, F, F, F, B, F, F, B, F, F, X"
1832,12,S,"S, B, F, F, F, B, F, F, F, B, F, X"
1833,12,S,"S, B, F, F, F, B, F, F, F, F, B, X"
1834,12,S,"S, B, F, F, F, B, F, F, F, F, F, X"
1835,12,S,"S, B, F, F, F, F, B, B, F, F, F, X"
1836,12,S,"S, B, F, F, F, F, B, F, B, F, F, X"
1837,12,S,"S, B, F, F, F, F, B, F, F, B, F, X"
1838,12,S,"S, B, F, F, F, F, B, F, F, F, B, X"
1839,12,S,"S, B, F, F, F, F, B, F, F, F, F, X"
1840,12,S,"S, B, F, F, F, F, F, B, B, F, F, X"
1841,12,S,"S, B, F, F, F, F, F, B, F, B, F, X"
1842,12,S,"S, B, F, F, F, F, F, B, F, F, B, X"
1843,12,S,"S, B, F, F, F, F, F, B, F, F, F, X"
1844,12,S,"S, B, F, F, F, F, F, F, B, B, F, X"
1845,12,S,"S, B, F, F, F, F, F, F, B, F, B, X"
1846,12,S,"S, B, F, F, F, F, F, F, B, F, F, X"
1847,12,S,"S, B, F, F, F, F, F, F, F, B, B, X"
1848,12,S,"S, B, F, F, F, F, F, F, F, B, F, X"
1849,12,S,"S, F, B, B, B, F, F, F, F, F, F, X"
1850,12,S,"S, F, B, B, F, B, F, F, F, F, F, X"
1851,12,S,"S, F, B, B, F, F, B, F, F, F, F, X"
1852,12,S,"S, F, B, B, F, F, F, B, F, F, F, X"
1853,12,S,"S, F, B, B, F, F, F, F, B, F, F, X"
1854,12,S,"S, F, B, B, F, F, F, F, F, B, F, X"
1855,12,S,"S, F, B, B, F, F, F, F, F, F, B, X"
1856,12,S,"S, F, B, B, F, F, F, F, F, F, F, X"
1857,12,S,"S, F, B, F, B, B, F, F, F, F, F, X"
1858,12,S,"S, F, B, F, B, F, B, F, F, F, F, X"
1859,12,S,"S, F, B, F, B, F, F, B, F, F, F, X"
1860,12,S,"S, F, B, F, B, F, F, F, B, F, F, X"
1861,12,S,"S, F, B, F, B, F, F, F, F, B, F, X"
1862,12,S,"S, F, B, F, B, F, F, F, F, F, B, X"
1863,12,S,"S, F, B, F, B, F, F, F, F, F, F, X"
1864,12,S,"S, F, B, F, F, B, B, F, F, F, F, X"
1865,12,S,"S, F, B, F, F, B, F, B, F, F, F, X"
1866,12,S,"S, F, B, F, F, B, F, F, B, F, F, X"
1867,12,S,"S, F, B, F, F, B, F, F, F, B, F, X"
1868,12,S,"S, F, B, F, F, B, F, F, F, F, B, X"
1869,12,S,"S, F, B, F, F, B, F, F, F, F, F, X"
1870,12,S,"S, F, B, F, F, F, B, B, F, F, F, X"
1871,12,S,"S, F, B, F, F, F, B, F, B, F, F, X"
1872,12,S,"S, F, B, F, F, F, B, F, F, B, F, X"
1873,12,S,"S, F, B, F, F, F, B, F, F, F, B, X"
1874,12,S,"S, F, B, F, F, F, B, F, F, F, F, X"
1875,12,S,"S, F, B, F, F, F, F, B, B, F, F, X"
1876,12,S,"S, F, B, F, F, F, F, B, F, B, F, X"
1877,12,S,"S, F, B, F, F, F, F, B, F, F, B, X"
1878,12,S,"S, F, B, F, F, F, F, B, F, F, F, X"
1879,12,S,"S, F, B, F, F, F, F, F, B, B, F, X"
1880,12,S,"S, F, B, F, F, F, F, F, B, F, B, X"
1881,12,S,"S, F, B, F, F, F, F, F, B, F, F, X"
1882,12,S,"S, F, B, F, F, F, F, F, F, B, B, X"
1883,12,S,"S, F, B, F, F, F, F, F, F, B, F, X"
1884,12,S,"S, F, B, F, F, F, F, F, F, F, B, X"
1885,12,S,"S, F, F, B, B, B, F, F, F, F, F, X"
1886,12,S,"S, F, F, B, B, F, B, F, F, F, F, X"
1887,12,S,"S, F, F, B, B, F, F, B, F, F, F, X"
1888,12,S,"S, F, F, B, B, F, F, F, B, F, F, X"
1889,12,S,"S, F, F, B, B, F, F, F, F, B, F, X"
1890,12,S,"S, F, F, B, B, F, F, F, F, F, B, X"
1891,12,S,"S, F, F, B, B, F, F, F, F, F, F, X"
1892,12,S,"S, F, F, B, F, B, B, F, F, F, F, X"
1893,12,S,"S, F, F, B, F, B, F, B, F, F, F, X"
1894,12,S,"S, F, F, B, F, B, F, F, B, F, F, X"
1895,12,S,"S, F, F, B, F, B, F, F, F, B, F, X"
1896,12,S,"S, F, F, B, F, B, F, F, F, F, B, X"
1897,12,S,"S, F, F, B, F, B, F, F, F, F, F, X"
1898,12,S,"S, F, F, B, F, F, B, B, F, F, F, X"
1899,12,S,"S, F, F, B, F, F, B, F, B, F, F, X"
1900,12,S,"S, F, F, B, F, F, B, F, F, B, F, X"
1901,12,S,"S, F, F, B, F, F, B, F, F, F, B, X"
1902,12,S,"S, F, F, B, F, F, B, F, F, F, F, X"
1903,12,S,"S, F, F, B, F, F, F, B, B, F, F, X"
1904,12,S,"S, F, F, B, F, F, F, B, F, B, F, X"
1905,12,S,"S, F, F, B, F, F, F, B, F, F, B, X"
1906,12,S,"S, F, F, B, F, F, F, B, F, F, F, X"
1907,12,S,"S, F, F, B, F, F, F, F, B, B, F, X"
1908,12,S,"S, F, F, B, F, F, F, F, B, F, B, X"
1909,12,S,"S, F, F, B, F, F, F, F, B, F, F, X"
1910,12,S,"S, F, F, B, F, F, F, F, F, B, B, X"
1911,12,S,"S, F, F, B, F, F, F, F, F, B, F, X"
1912,12,S,"S, F, F, B, F, F, F, F, F, F, B, X"
1913,12,S,"S, F, F, B, F, F, F, F, F, F, F, X"
1914,12,S,"S, F, F, F, B, B, B, F, F, F, F, X"
1915,12,S,"S, F, F, F, B, B, F, B, F, F, F, X"
1916,12,S,"S, F, F, F, B, B, F, F, B, F, F, X"
1917,12,S,"S, F, F, F, B, B, F, F, F, B, F, X"
1918,12,S,"S, F, F, F, B, B, F, F, F, F, B, X"
1919,12,S,"S, F, F, F, B, B, F, F, F, F, F, X"
1920,12,S,"S, F, F, F, B, F, B, B, F, F, F, X"
1921,12,S,"S, F, F, F, B, F, B, F, B, F, F, X"
1922,12,S,"S, F, F, F, B, F, B, F, F, B, F, X"
1923,12,S,"S, F, F, F, B, F, B, F, F, F, B, X"
1924,12,S,"S, F, F, F, B, F, B, F, F, F, F, X"
1925,12,S,"S, F, F, F, B, F, F, B, B, F, F, X"
1926,12,S,"S, F, F, F, B, F, F, B, F, B, F, X"
1927,12,S,"S, F, F, F, B, F, F, B, F, F, B, X"
1928,12,S,"S, F, F, F, B, F, F, B, F, F, F, X"
1929,12,S,"S, F, F, F, B, F, F, F, B, B, F, X"
1930,12,S,"S, F, F, F, B, F, F, F, B, F, B, X"
1931,12,S,"S, F, F, F, B, F, F, F, B, F, F, X"
1932,12,S,"S, F, F, F, B, F, F, F, F, B, B, X"
1933,12,S,"S, F, F, F, B, F, F, F, F, B, F, X"
1934,12,S,"S, F, F, F, B, F, F, F, F, F, B, X"
1935,12,S,"S, F, F, F, B, F, F, F, F, F, F, X"
1936,12,S,"S, F, F, F, F, B, B, B, F, F, F, X"
1937,12,S,"S, F, F, F, F, B, B, F, B, F, F, X"
1938,12,S,"S, F, F, F, F, B, B, F, F, B, F, X"
1939,12,S,"S, F, F, F, F, B, B, F, F, F, B, X"
1940,12,S,"S, F, F, F, F, B, B, F, F, F, F, X"
1941,12,S,"S, F, F, F, F, B, F, B, B, F, F, X"
1942,12,S,"S, F, F, F, F, B, F, B, F, B, F, X"
1943,12,S,"S, F, F, F, F, B, F, B, F, F, B, X"
1944,12,S,"S, F, F, F, F, B, F, B, F, F, F, X"
1945,12,S,"S, F, F, F, F, B, F, F, B, B, F, X"
1946,12,S,"S, F, F, F, F, B, F, F, B, F, B, X"
1947,12,S,"S, F, F, F, F, B, F, F, B, F, F, X"
1948,12,S,"S, F, F, F, F, B, F, F, F, B, B, X"
1949,12,S,"S, F, F, F, F, B, F, F, F, B, F, X"
1950,12,S,"S, F, F, F, F, B, F, F, F, F, B, X"
1951,12,S,"S, F, F, F, F, B, F, F, F, F, F, X"
1952,12,S,"S, F, F, F, F, F, B, B, B, F, F, X"
1953,12,S,"S, F, F, F, F, F, B, B, F, B, F, X"
1954,12,S,"S, F, F, F, F, F, B, B, F, F, B, X"
1955,12,S,"S, F, F, F, F, F, B, B, F, F, F, X"
1956,12,S,"S, F, F, F, F, F, B, F, B, B, F, X"
1957,12,S,"S, F, F, F, F, F, B, F, B, F, B, X"
1958,12,S,"S, F, F, F, F, F, B, F, B, F, F, X"
1959,12,S,"S, F, F, F, F, F, B, F, F, B, B, X"
1960,12,S,"S, F, F, F, F, F, B, F, F, B, F, X"
1961,12,S,"S, F, F, F, F, F, B, F, F, F, B, X"
1962,12,S,"S, F, F, F, F, F, B, F, F, F, F, X"
1963,12,S,"S, F, F, F, F, F, F, B, B, B, F, X"
1964,12,S,"S, F, F, F, F, F, F, B, B, F, B, X"
1965,12,S,"S, F, F, F, F, F, F, B, B, F, F, X"
1966,12,S,"S, F, F, F, F, F, F, B, F, B, B, X"
1967,12,S,"S, F, F, F, F, F, F, B, F, B, F, X"
1968,12,S,"S, F, F, F, F, F, F, B, F, F, B, X"
1969,12,S,"S, F, F, F, F, F, F, B, F, F, F, X"
1970,12,S,"S, F, F, F, F, F, F, F, B, B, B, X"
1971,12,S,"S, F, F, F, F, F, F, F, B, B, F, X"
1972,12,S,"S, F, F, F, F, F, F, F, B, F, B, X"
1973,12,S,"S, F, F, F, F, F, F, F, B, F, F, X"
1974,12,C,"C, B, B, B, F, F, F, F, F, F, F, X"
1975,12,C,"C, B, B, F, B, F, F, F, F, F, F, X"
1976,12,C,"C, B, B, F, F, B, F, F, F, F, F, X"
1977,12,C,"C, B, B, F, F, F, B, F, F, F, F, X"
1978,12,C,"C, B, B, F, F, F, F, B, F, F, F, X"
1979,12,C,"C, B, B, F, F, F, F, F, B, F, F, X"
1980,12,C,"C, B, B, F, F, F, F, F, F, B, F, X"
1981,12,C,"C, B, B, F, F, F, F, F, F, F, B, X"
1982,12,C,"C, B, F, B, B, F, F, F, F, F, F, X"
1983,12,C,"C, B, F, B, F, B, F, F, F, F, F, X"
1984,12,C,"C, B, F, B, F, F, B, F, F, F, F, X"
1985,12,C,"C, B, F, B, F, F, F, B, F, F, F, X"
1986,12,C,"C, B, F, B, F, F, F, F, B, F, F, X"
1987,12,C,"C, B, F, B, F, F, F, F, F, B, F, X"
1988,12,C,"C, B, F, B, F, F, F, F, F, F, B, X"
1989,12,C,"C, B, F, B, F, F, F, F, F, F, F, X"
1990,12,C,"C, B, F, F, B, B, F, F, F, F, F, X"
1991,12,C,"C, B, F, F, B, F, B, F, F, F, F, X"
1992,12,C,"C, B, F, F, B, F, F, B, F, F, F, X"
1993,12,C,"C, B, F, F, B, F, F, F, B, F, F, X"
1994,12,C,"C, B, F, F, B, F, F, F, F, B, F, X"
1995,12,C,"C, B, F, F, B, F, F, F, F, F, B, X"
1996,12,C,"C, B, F, F, B, F, F, F, F, F, F, X"
1997,12,C,"C, B, F, F, F, B, B, F, F, F, F, X"
1998,12,C,"C, B, F, F, F, B, F, B, F, F, F, X"
1999,12,C,"C, B, F, F, F, B, F, F, B, F, F, X"
2000,12,C,"C, B, F, F, F, B, F, F, F, B, F, X"
2001,12,C,"C, B, F, F, F, B, F, F, F, F, B, X"
2002,12,C,"C, B, F, F, F, B, F, F, F, F, F, X"
2003,12,C,"C, B, F, F, F, F, B, B, F, F, F, X"
2004,12,C,"C, B, F, F, F, F, B, F, B, F, F, X"
2005,12,C,"C, B, F, F, F, F, B, F, F, B, F, X"
2006,12,C,"C, B, F, F, F, F, B, F, F, F, B, X"
2007,12,C,"C, B, F, F, F, F, B, F, F, F, F, X"
2008,12,C,"C, B, F, F, F, F, F, B, B, F, F, X"
2009,12,C,"C, B, F, F, F, F, F, B, F, B, F, X"
2010,12,C,"C, B, F, F, F, F, F, B, F, F, B, X"
2011,12,C,"C, B, F, F, F, F, F, B, F, F, F, X"
2012,12,C,"C, B, F, F, F, F, F, F, B, B, F, X"
2013,12,C,"C, B, F, F, F, F, F, F, B, F, B, X"
2014,12,C,"C, B, F, F, F, F, F, F, B, F, F, X"
2015,12,C,"C, B, F, F, F, F, F, F, F, B, B, X"
2016,12,C,"C, B, F, F, F, F, F, F, F, B, F, X"
2017,12,C,"C, F, B, B, B, F, F, F, F, F, F, X"
2018,12,C,"C, F, B, B, F, B, F, F, F, F, F, X"
2019,12,C,"C, F, B, B, F, F, B, F, F, F, F, X"
2020,12,C,"C, F, B, B, F, F, F, B, F, F, F, X"
2021,12,C,"C, F, B, B, F, F, F, F, B, F, F, X"
2022,12,C,"C, F, B, B, F, F, F, F, F, B, F, X"
2023,12,C,"C, F, B, B, F, F, F, F, F, F, B, X"
2024,12,C,"C, F, B, B, F, F, F, F, F, F, F, X"
2025,12,C,"C, F, B, F, B, B, F, F, F, F, F, X"
2026,12,C,"C, F, B, F, B, F, B, F, F, F, F, X"
2027,12,C,"C, F, B, F, B, F, F, B, F, F, F, X"
2028,12,C,"C, F, B, F, B, F, F, F, B, F, F, X"
2029,12,C,"C, F, B, F, B, F, F, F, F, B, F, X"
2030,12,C,"C, F, B, F, B, F, F, F, F, F, B, X"
2031,12,C,"C, F, B, F, B, F, F, F, F, F, F, X"
2032,12,C,"C, F, B, F, F, B, B, F, F, F, F, X"
2033,12,C,"C, F, B, F, F, B, F, B, F, F, F, X"
2034,12,C,"C, F, B, F, F, B, F, F, B, F, F, X"
2035,12,C,"C, F, B, F, F, B, F, F, F, B, F, X"
2036,12,C,"C, F, B, F, F, B, F, F, F, F, B, X"
2037,12,C,"C, F, B, F, F, B, F, F, F, F, F, X"
2038,12,C,"C, F, B, F, F, F, B, B, F, F, F, X"
2039,12,C,"C, F, B, F, F, F, B, F, B, F, F, X"
2040,12,C,"C, F, B, F, F, F, B, F, F, B, F, X"
2041,12,C,"C, F, B, F, F, F, B, F, F, F, B, X"
2042,12,C,"C, F, B, F, F, F, B, F, F, F, F, X"
2043,12,C,"C, F, B, F, F, F, F, B, B, F, F, X"
2044,12,C,"C, F, B, F, F, F, F, B, F, B, F, X"
2045,12,C,"C, F, B, F, F, F, F, B, F, F, B, X"
2046,12,C,"C, F, B, F, F, F, F, B, F, F, F, X"
2047,12,C,"C, F, B, F, F, F, F, F, B, B, F, X"
2048,12,C,"C, F, B, F, F, F, F, F, B, F, B, X"
2049,12,C,"C, F, B, F, F, F, F, F, B, F, F, X"
2050,12,C,"C, F, B, F, F, F, F, F, F, B, B, X"
2051,12,C,"C, F, B, F, F, F, F, F, F, B, F, X"
2052,12,C,"C, F, B, F, F, F, F, F, F, F, B, X"
2053,12,C,"C, F, F, B, B, B, F, F, F, F, F, X"
2054,12,C,"C, F, F, B, B, F, B, F, F, F, F, X"
2055,12,C,"C, F, F, B, B, F, F, B, F, F, F, X"
2056,12,C,"C, F, F, B, B, F, F, F, B, F, F, X"
2057,12,C,"C, F, F, B, B, F, F, F, F, B, F, X"
2058,12,C,"C, F, F, B, B, F, F, F, F, F, B, X"
2059,12,C,"C, F, F, B, B, F, F, F, F, F, F, X"
2060,12,C,"C, F, F, B, F, B, B, F, F, F, F, X"
2061,12,C,"C, F, F, B, F, B, F, B, F, F, F, X"
2062,12,C,"C, F, F, B, F, B, F, F, B, F, F, X"
2063,12,C,"C, F, F, B, F, B, F, F, F, B, F, X"
2064,12,C,"C, F, F, B, F, B, F, F, F, F, B, X"
2065,12,C,"C, F, F, B, F, B, F, F, F, F, F, X"
2066,12,C,"C, F, F, B, F, F, B, B, F, F, F, X"
2067,12,C,"C, F, F, B, F, F, B, F, B, F, F, X"
2068,12,C,"C, F, F, B, F, F, B, F, F, B, F, X"
2069,12,C,"C, F, F, B, F, F, B, F, F, F, B, X"
2070,12,C,"C, F, F, B, F, F, B, F, F, F, F, X"
2071,12,C,"C, F, F, B, F, F, F, B, B, F, F, X"
2072,12,C,"C, F, F, B, F, F, F, B, F, B, F, X"
2073,12,C,"C, F, F, B, F, F, F, B, F, F, B, X"
2074,12,C,"C, F, F, B, F, F, F, B, F, F, F, X"
2075,12,C,"C, F, F, B, F, F, F, F, B, B, F, X"
2076,12,C,"C, F, F, B, F, F, F, F, B, F, B, X"
2077,12,C,"C, F, F, B, F, F, F, F, B, F, F, X"
2078,12,C,"C, F, F, B, F, F, F, F, F, B, B, X"
2079,12,C,"C, F, F, B, F, F, F, F, F, B, F, X"
2080,12,C,"C, F, F, B, F, F, F, F, F, F, B, X"
2081,12,C,"C, F, F, B, F, F, F, F, F, F, F, X"
2082,12,C,"C, F, F, F, B, B, B, F, F, F, F, X"
2083,12,C,"C, F, F, F, B, B, F, B, F, F, F, X"
2084,12,C,"C, F, F, F, B, B, F, F, B, F, F, X"
2085,12,C,"C, F, F, F, B, B, F, F, F, B, F, X"
2086,12,C,"C, F, F, F, B, B, F, F, F, F, B, X"
2087,12,C,"C, F, F, F, B, B, F, F, F, F, F, X"
2088,12,C,"C, F, F, F, B, F, B, B, F, F, F, X"
2089,12,C,"C, F, F, F, B, F, B, F, B, F, F, X"
2090,12,C,"C, F, F, F, B, F, B, F, F, B, F, X"
2091,12,C,"C, F, F, F, B, F, B, F, F, F, B, X"
2092,12,C,"C, F, F, F, B, F, B, F, F, F, F, X"
2093,12,C,"C, F, F, F, B, F, F, B, B, F, F, X"
2094,12,C,"C, F, F, F, B, F, F, B, F, B, F, X"
2095,12,C,"C, F, F, F, B, F, F, B, F, F, B, X"
2096,12,C,"C, F, F, F, B, F, F, B, F, F, F, X"
2097,12,C,"C, F, F, F, B, F, F, F, B, B, F, X"
2098,12,C,"C, F, F, F, B, F, F, F, B, F, B, X"
2099,12,C,"C, F, F, F, B, F, F, F, B, F, F, X"
2100,12,C,"C, F, F, F, B, F, F, F, F, B, B, X"
2101,12,C,"C, F, F, F, B, F, F, F, F, B, F, X"
2102,12,C,"C, F, F, F, B, F, F, F, F, F, B, X"
2103,12,C,"C, F, F, F, B, F, F, F, F, F, F, X"
2104,12,C,"C, F, F, F, F, B, B, B, F, F, F, X"
2105,12,C,"C, F, F, F, F, B, B, F, B, F, F, X"
2106,12,C,"C, F, F, F, F, B, B, F, F, B, F, X"
2107,12,C,"C, F, F, F, F, B, B, F, F, F, B, X"
2108,12,C,"C, F, F, F, F, B, B, F, F, F, F, X"
2109,12,C,"C, F, F, F, F, B, F, B, B, F, F, X"
2110,12,C,"C, F, F, F, F, B, F, B, F, B, F, X"
2111,12,C,"C, F, F, F, F, B, F, B, F, F, B, X"
2112,12,C,"C, F, F, F, F, B, F, B, F, F, F, X"
2113,12,C,"C, F, F, F, F, B, F, F, B, B, F, X"
2114,12,C,"C, F, F, F, F, B, F, F, B, F, B, X"
2115,12,C,"C, F, F, F, F, B, F, F, B, F, F, X"
2116,12,C,"C, F, F, F, F, B, F, F, F, B, B, X"
2117,12,C,"C, F, F, F, F, B, F, F, F, B, F, X"
2118,12,C,"C, F, F, F, F, B, F, F, F, F, B, X"
2119,12,C,"C, F, F, F, F, B, F, F, F, F, F, X"
2120,12,C,"C, F, F, F, F, F, B, B, B, F, F, X"
2121,12,C,"C, F, F, F, F, F, B, B, F, B, F, X"
2122,12,C,"C, F, F, F, F, F, B, B, F, F, B, X"
2123,12,C,"C, F, F, F, F, F, B, B, F, F, F, X"
2124,12,C,"C, F, F, F, F, F, B, F, B, B, F, X"
2125,12,C,"C, F, F, F, F, F, B, F, B, F, B, X"
2126,12,C,"C, F, F, F, F, F, B, F, B, F, F, X"
2127,12,C,"C, F, F, F, F, F, B, F, F, B, B, X"
2128,12,C,"C, F, F, F, F, F, B, F, F, B, F, X"
2129,12,C,"C, F, F, F, F, F, B, F, F, F, B, X"
2130,12,C,"C, F, F, F, F, F, B, F, F, F, F, X"
2131,12,C,"C, F, F, F, F, F, F, B, B, B, F, X"
2132,12,C,"C, F, F, F, F, F, F, B, B, F, B, X"
2133,12,C,"C, F, F, F, F, F, F, B, B, F, F, X"
2134,12,C,"C, F, F, F, F, F, F, B, F, B, B, X"
2135,12,C,"C, F, F, F, F, F, F, B, F, B, F, X"
2136,12,C,"C, F, F, F, F, F, F, B, F, F, B, X"
2137,12,C,"C, F, F, F, F, F, F, B, F, F, F, X"
2138,12,C,"C, F, F, F, F, F, F, F, B, B, B, X"
2139,12,C,"C, F, F, F, F, F, F, F, B, B, F, X"
2140,12,C,"C, F, F, F, F, F, F, F, B, F, B, X"
2141,12,C,"C, F, F, F, F, F, F, F, B, F, F, X"
2142,12,F,"F, B, B, B, F, F, F, F, F, F, F, X"
2143,12,F,"F, B, B, F, B, F, F, F, F, F, F, X"
2144,12,F,"F, B, B, F, F, B, F, F, F, F, F, X"
2145,12,F,"F, B, B, F, F, F, B, F, F, F, F, X"
2146,12,F,"F, B, B, F, F, F, F, B, F, F, F, X"
2147,12,F,"F, B, B, F, F, F, F, F, B, F, F, X"
2148,12,F,"F, B, B, F, F, F, F, F, F, B, F, X"
2149,12,F,"F, B, B, F, F, F, F, F, F, F, B, X"
2150,12,F,"F, B, F, B, B, F, F, F, F, F, F, X"
2151,12,F,"F, B, F, B, F, B, F, F, F, F, F, X"
2152,12,F,"F, B, F, B, F, F, B, F, F, F, F, X"
2153,12,F,"F, B, F, B, F, F, F, B, F, F, F, X"
2154,12,F,"F, B, F, B, F, F, F, F, B, F, F, X"
2155,12,F,"F, B, F, B, F, F, F, F, F, B, F, X"
2156,12,F,"F, B, F, B, F, F, F, F, F, F, B, X"
2157,12,F,"F, B, F, B, F, F, F, F, F, F, F, X"
2158,12,F,"F, B, F, F, B, B, F, F, F, F, F, X"
2159,12,F,"F, B, F, F, B, F, B, F, F, F, F, X"
2160,12,F,"F, B, F, F, B, F, F, B, F, F, F, X"
2161,12,F,"F, B, F, F, B, F, F, F, B, F, F, X"
2162,12,F,"F, B, F, F, B, F, F, F, F, B, F, X"
2163,12,F,"F, B, F, F, B, F, F, F, F, F, B, X"
2164,12,F,"F, B, F, F, B, F, F, F, F, F, F, X"
2165,12,F,"F, B, F, F, F, B, B, F, F, F, F, X"
2166,12,F,"F, B, F, F, F, B, F, B, F, F, F, X"
2167,12,F,"F, B, F, F, F, B, F, F, B, F, F, X"
2168,12,F,"F, B, F, F, F, B, F, F, F, B, F, X"
2169,12,F,"F, B, F, F, F, B, F, F, F, F, B, X"
2170,12,F,"F, B, F, F, F, B, F, F, F, F, F, X"
2171,12,F,"F, B, F, F, F, F, B, B, F, F, F, X"
2172,12,F,"F, B, F, F, F, F, B, F, B, F, F, X"
2173,12,F,"F, B, F, F, F, F, B, F, F, B, F, X"
2174,12,F,"F, B, F, F, F, F, B, F, F, F, B, X"
2175,12,F,"F, B, F, F, F, F, B, F, F, F, F, X"
2176,12,F,"F, B, F, F, F, F, F, B, B, F, F, X"
2177,12,F,"F, B, F, F, F, F, F, B, F, B, F, X"
2178,12,F,"F, B, F, F, F, F, F, B, F, F, B, X"
2179,12,F,"F, B, F, F, F, F, F, B, F, F, F, X"
2180,12,F,"F, B, F, F, F, F, F, F, B, B, F, X"
2181,12,F,"F, B, F, F, F, F, F, F, B, F, B, X"
2182,12,F,"F, B, F, F, F, F, F, F, B, F, F, X"
2183,12,F,"F, B, F, F, F, F, F, F, F, B, B, X"
2184,12,F,"F, B, F, F, F, F, F, F, F, B, F, X"
2185,12,F,"F, F, B, B, B, F, F, F, F, F, F, X"
2186,12,F,"F, F, B, B, F, B, F, F, F, F, F, X"
2187,12,F,"F, F, B, B, F, F, B, F, F, F, F, X"
2188,12,F,"F, F, B, B, F, F, F, B, F, F, F, X"
2189,12,F,"F, F, B, B, F, F, F, F, B, F, F, X"
2190,12,F,"F, F, B, B, F, F, F, F, F, B, F, X"
2191,12,F,"F, F, B, B, F, F, F, F, F, F, B, X"
2192,12,F,"F, F, B, B, F, F, F, F, F, F, F, X"
2193,12,F,"F, F, B, F, B, B, F, F, F, F, F, X"
2194,12,F,"F, F, B, F, B, F, B, F, F, F, F, X"
2195,12,F,"F, F, B, F, B, F, F, B, F, F, F, X"
2196,12,F,"F, F, B, F, B, F, F, F, B, F, F, X"
2197,12,F,"F, F, B, F, B, F, F, F, F, B, F, X"
2198,12,F,"F, F, B, F, B, F, F, F, F, F, B, X"
2199,12,F,"F, F, B, F, B, F, F, F, F, F, F, X"
2200,12,F,"F, F, B, F, F, B, B, F, F, F, F, X"
2201,12,F,"F, F, B, F, F, B, F, B, F, F, F, X"
2202,12,F,"F, F, B, F, F, B, F, F, B, F, F, X"
2203,12,F,"F, F, B, F, F, B, F, F, F, B, F, X"
2204,12,F,"F, F, B, F, F, B, F, F, F, F, B, X"
2205,12,F,"F, F, B, F, F, B, F, F, F, F, F, X"
2206,12,F,"F, F, B, F, F, F, B, B, F, F, F, X"
2207,12,F,"F, F, B, F, F, F, B, F, B, F, F, X"
2208,12,F,"F, F, B, F, F, F, B, F, F, B, F, X"
2209,12,F,"F, F, B, F, F, F, B, F, F, F, B, X"
2210,12,F,"F, F, B, F, F, F, B, F, F, F, F, X"
2211,12,F,"F, F, B, F, F, F, F, B, B, F, F, X"
2212,12,F,"F, F, B, F, F, F, F, B, F, B, F, X"
2213,12,F,"F, F, B, F, F, F, F, B, F, F, B, X"
2214,12,F,"F, F, B, F, F, F, F, B, F, F, F, X"
2215,12,F,"F, F, B, F, F, F, F, F, B, B, F, X"
2216,12,F,"F, F, B, F, F, F, F, F, B, F, B, X"
2217,12,F,"F, F, B, F, F, F, F, F, B, F, F, X"
2218,12,F,"F, F, B, F, F, F, F, F, F, B, B, X"
2219,12,F,"F, F, B, F, F, F, F, F, F, B, F, X"
2220,12,F,"F, F, B, F, F, F, F, F, F, F, B, X"
2221,12,F,"F, F, F, B, B, B, F, F, F, F, F, X"
2222,12,F,"F, F, F, B, B, F, B, F, F, F, F, X"
2223,12,F,"F, F, F, B, B, F, F, B, F, F, F, X"
2224,12,F,"F, F, F, B, B, F, F, F, B, F, F, X"
2225,12,F,"F, F, F, B, B, F, F, F, F, B, F, X"
2226,12,F,"F, F, F, B, B, F, F, F, F, F, B, X"
2227,12,F,"F, F, F, B, B, F, F, F, F, F, F, X"
2228,12,F,"F, F, F, B, F, B, B, F, F, F, F, X"
2229,12,F,"F, F, F, B, F, B, F, B, F, F, F, X"
2230,12,F,"F, F, F, B, F, B, F, F, B, F, F, X"
2231,12,F,"F, F, F, B, F, B, F, F, F, B, F, X"
2232,12,F,"F, F, F, B, F, B, F, F, F, F, B, X"
2233,12,F,"F, F, F, B, F, B, F, F, F, F, F, X"
2234,12,F,"F, F, F, B, F, F, B, B, F, F, F, X"
2235,12,F,"F, F, F, B, F, F, B, F, B, F, F, X"
2236,12,F,"F, F, F, B, F, F, B, F, F, B, F, X"
2237,12,F,"F, F, F, B, F, F, B, F, F, F, B, X"
2238,12,F,"F, F, F, B, F, F, B, F, F, F, F, X"
2239,12,F,"F, F, F, B, F, F, F, B, B, F, F, X"
2240,12,F,"F, F, F, B, F, F, F, B, F, B, F, X"
2241,12,F,"F, F, F, B, F, F, F, B, F, F, B, X"
2242,12,F,"F, F, F, B, F, F, F, B, F, F, F, X"
2243,12,F,"F, F, F, B, F, F, F, F, B, B, F, X"
2244,12,F,"F, F, F, B, F, F, F, F, B, F, B, X"
2245,12,F,"F, F, F, B, F, F, F, F, B, F, F, X"
2246,12,F,"F, F, F, B, F, F, F, F, F, B, B, X"
2247,12,F,"F, F, F, B, F, F, F, F, F, B, F, X"
2248,12,F,"F, F, F, B, F, F, F, F, F, F, B, X"
2249,12,F,"F, F, F, B, F, F, F, F, F, F, F, X"
2250,12,F,"F, F, F, F, B, B, B, F, F, F, F, X"
2251,12,F,"F, F, F, F, B, B, F, B, F, F, F, X"
2252,12,F,"F, F, F, F, B, B, F, F, B, F, F, X"
2253,12,F,"F, F, F, F, B, B, F, F, F, B, F, X"
2254,12,F,"F, F, F, F, B, B, F, F, F, F, B, X"
2255,12,F,"F, F, F, F, B, B, F, F, F, F, F, X"
2256,12,F,"F, F, F, F, B, F, B, B, F, F, F, X"
2257,12,F,"F, F, F, F, B, F, B, F, B, F, F, X"
2258,12,F,"F, F, F, F, B, F, B, F, F, B, F, X"
2259,12,F,"F, F, F, F, B, F, B, F, F, F, B, X"
2260,12,F,"F, F, F, F, B, F, B, F, F, F, F, X"
2261,12,F,"F, F, F, F, B, F, F, B, B, F, F, X"
2262,12,F,"F, F, F, F, B, F, F, B, F, B, F, X"
2263,12,F,"F, F, F, F, B, F, F, B, F, F, B, X"
2264,12,F,"F, F, F, F, B, F, F, B, F, F, F, X"
2265,12,F,"F, F, F, F, B, F, F, F, B, B, F, X"
2266,12,F,"F, F, F, F, B, F, F, F, B, F, B, X"
2267,12,F,"F, F, F, F, B, F, F, F, B, F, F, X"
2268,12,F,"F, F, F, F, B, F, F, F, F, B, B, X"
2269,12,F,"F, F, F, F, B, F, F, F, F, B, F, X"
2270,12,F,"F, F, F, F, B, F, F, F, F, F, B, X"
2271,12,F,"F, F, F, F, B, F, F, F, F, F, F, X"
2272,12,F,"F, F, F, F, F, B, B, B, F, F, F, X"
2273,12,F,"F, F, F, F, F, B, B, F, B, F, F, X"
2274,12,F,"F, F, F, F, F, B, B, F, F, B, F, X"
2275,12,F,"F, F, F, F, F, B, B, F, F, F, B, X"
2276,12,F,"F, F, F, F, F, B, B, F, F, F, F, X"
2277,12,F,"F, F, F, F, F, B, F, B, B, F, F, X"
2278,12,F,"F, F, F, F, F, B, F, B, F, B, F, X"
2279,12,F,"F, F, F, F, F, B, F, B, F, F, B, X"
2280,12,F,"F, F, F, F, F, B, F, B, F, F, F, X"
2281,12,F,"F, F, F, F, F, B, F, F, B, B, F, X"
2282,12,F,"F, F, F, F, F, B, F, F, B, F, B, X"
2283,12,F,"F, F, F, F, F, B, F, F, B, F, F, X"
2284,12,F,"F, F, F, F, F, B, F, F, F, B, B, X"
2285,12,F,"F, F, F, F, F, B, F, F, F, B, F, X"
2286,12,F,"F, F, F, F, F, B, F, F, F, F, B, X"
2287,12,F,"F, F, F, F, F, B, F, F, F, F, F, X"
2288,12,F,"F, F, F, F, F, F, B, B, B, F, F, X"
2289,12,F,"F, F, F, F, F, F, B, B, F, B, F, X"
2290,12,F,"F, F, F, F, F, F, B, B, F, F, B, X"
2291,12,F,"F, F, F, F, F, F, B, B, F, F, F, X"
2292,12,F,"F, F, F, F, F, F, B, F, B, B, F, X"
2293,12,F,"F, F, F, F, F, F, B, F, B, F, B, X"
2294,12,F,"F, F, F, F, F, F, B, F, B, F, F, X"
2295,12,F,"F, F, F, F, F, F, B, F, F, B, B, X"
2296,12,F,"F, F, F, F, F, F, B, F, F, B, F, X"
2297,12,F,"F, F, F, F, F, F, B, F, F, F, B, X"
2298,12,F,"F, F, F, F, F, F, B, F, F, F, F, X"
2299,12,F,"F, F, F, F, F, F, F, B, B, B, F, X"
2300,12,F,"F, F, F, F, F, F, F, B, B, F, B, X"
2301,12,F,"F, F, F, F, F, F, F, B, B, F, F, X"
2302,12,F,"F, F, F, F, F, F, F, B, F, B, B, X"
2303,12,F,"F, F, F, F, F, F, F, B, F, B, F, X"
2304,12,F,"F, F, F, F, F, F, F, B, F, F, B, X"
2305,12,F,"F, F, F, F, F, F, F, B, F, F, F, X"
